lat,lon,dist_to_canal_m
13.5,100.3,758.4030177241362
13.5,100.306061,85.85471915576538
13.5,100.312121,139.03165525427048
13.5,100.318182,155.210743873512
13.5,100.324242,505.5074825098999
13.5,100.330303,115.90618139523087
13.5,100.336364,82.87104109100726
13.5,100.342424,74.02595022343709
13.5,100.348485,236.9903119707336
13.5,100.354545,408.16425324719313
13.5,100.360606,268.1154457429723
13.5,100.366667,104.31457983980897
13.5,100.372727,778.5116848863145
13.5,100.378788,135.21288485634167
13.5,100.384848,85.96257908120099
13.5,100.390909,295.30832715748244
13.5,100.39697,255.08441311947604
13.5,100.40303,513.5974356672639
13.5,100.409091,972.6930268697143
13.5,100.415152,1131.9382207089523
13.5,100.421212,1091.1843909353925
13.5,100.427273,1150.2728621042993
13.5,100.433333,1235.6085896523632
13.5,100.439394,1286.9715222262735
13.5,100.445455,978.3751805216868
13.5,100.451515,485.55848557824476
13.5,100.457576,551.8077955783278
13.5,100.463636,202.69131813322093
13.5,100.469697,438.05280621032136
13.5,100.475758,450.07858583897
13.5,100.481818,493.98779014963685
13.5,100.487879,1093.5618151201286
13.5,100.493939,1271.7368214500068
13.5,100.5,1005.5404612983172
13.5,100.506061,1146.8989786299408
13.5,100.512121,1258.7959565979108
13.5,100.518182,1142.1807074970427
13.5,100.524242,1390.9981056433965
13.5,100.530303,1864.3154678812075
13.5,100.536364,2129.9200151317164
13.5,100.542424,2124.1440003823764
13.5,100.548485,2323.3178013296624
13.5,100.554545,2682.111217829536
13.5,100.560606,3026.495100966704
13.5,100.566667,3145.1480339362843
13.5,100.572727,3144.953836882593
13.5,100.578788,3189.6896470541406
13.5,100.584848,3371.6022830450693
13.5,100.590909,3670.405194127867
13.5,100.59697,4060.3589982568083
13.5,100.60303,4395.981224385915
13.5,100.609091,4285.6859629857245
13.5,100.615152,3965.0665865064975
13.5,100.621212,3568.854291481698
13.5,100.627273,3212.5685757686197
13.5,100.633333,2943.334763119735
13.5,100.639394,2774.5292964114024
13.5,100.645455,2623.4874645708965
13.5,100.651515,2482.562816747662
13.5,100.657576,2337.6006724365984
13.5,100.663636,1945.9278440534836
13.5,100.669697,1373.2980498349807
13.5,100.675758,946.4293236668998
13.5,100.681818,903.2807032726457
13.5,100.687879,1283.153882262041
13.5,100.693939,1224.4656107239794
13.5,100.7,811.4544183124934
13.5,100.706061,305.76064268893356
13.5,100.712121,619.4409190096831
13.5,100.718182,981.3855353785033
13.5,100.724242,735.4174646847725
13.5,100.730303,150.49380814078046
13.5,100.736364,644.147884270503
13.5,100.742424,105.67331084736583
13.5,100.748485,482.9952349860343
13.5,100.754545,411.61761385241067
13.5,100.760606,350.9591070585119
13.5,100.766667,232.81662486187054
13.5,100.772727,201.8149585027303
13.5,100.778788,243.0915636257045
13.5,100.784848,386.0331641734074
13.5,100.790909,147.8568357083407
13.5,100.79697,43.48921928817343
13.5,100.80303,325.34661651088186
13.5,100.809091,59.05514983404376
13.5,100.815152,18.973360030641004
13.5,100.821212,237.77814621578364
13.5,100.827273,95.89772192722319
13.5,100.833333,39.55158869161888
13.5,100.839394,85.18648133415277
13.5,100.845455,187.45811049873456
13.5,100.851515,385.181625804329
13.5,100.857576,233.0596192619031
13.5,100.863636,633.8456733323187
13.5,100.869697,320.7530367403454
13.5,100.875758,353.99151235373
13.5,100.881818,1021.0558862433791
13.5,100.887879,568.0332573092064
13.5,100.893939,266.6480982142817
13.5,100.9,646.3886878924708
13.505051,100.3,378.26414081793615
13.505051,100.306061,78.88961259201909
13.505051,100.312121,386.40593957750065
13.505051,100.318182,159.81509123108734
13.505051,100.324242,396.6530041759629
13.505051,100.330303,321.92688309541194
13.505051,100.336364,639.8545570066934
13.505051,100.342424,630.0672438005857
13.505051,100.348485,667.3855274309252
13.505051,100.354545,712.796501949854
13.505051,100.360606,642.9359904446648
13.505051,100.366667,562.1240462252179
13.505051,100.372727,940.7595096337551
13.505051,100.378788,516.2729274715396
13.505051,100.384848,484.9633783808921
13.505051,100.390909,386.01949586663625
13.505051,100.39697,308.64669402012225
13.505051,100.40303,311.79254600356273
13.505051,100.409091,410.5239992570515
13.505051,100.415152,703.9053343819982
13.505051,100.421212,532.778277329032
13.505051,100.427273,591.4485724991279
13.505051,100.433333,677.5579021899154
13.505051,100.439394,725.2475442927945
13.505051,100.445455,791.6092912486234
13.505051,100.451515,230.34521645147058
13.505051,100.457576,491.81539149333247
13.505051,100.463636,134.7821209690709
13.505051,100.469697,67.4881344549746
13.505051,100.475758,384.922263322894
13.505051,100.481818,435.4518942291259
13.505051,100.487879,1021.7167110152691
13.505051,100.493939,899.836555546411
13.505051,100.5,451.1129603257867
13.505051,100.506061,712.5788032549547
13.505051,100.512121,790.3213807055798
13.505051,100.518182,587.0412191929707
13.505051,100.524242,987.3785263801528
13.505051,100.530303,1586.0998670431347
13.505051,100.536364,1578.3233439498185
13.505051,100.542424,1570.519990817911
13.505051,100.548485,1830.94262967837
13.505051,100.554545,2268.979041773036
13.505051,100.560606,2471.2082518383013
13.505051,100.566667,2608.4708173246527
13.505051,100.572727,2583.238037435211
13.505051,100.578788,2637.5185622956187
13.505051,100.584848,2854.8355604069916
13.505051,100.590909,3202.227101723175
13.505051,100.59697,3642.650040376458
13.505051,100.60303,3852.211396590203
13.505051,100.609091,3725.8537132043753
13.505051,100.615152,3514.5590908644645
13.505051,100.621212,3114.4710417281644
13.505051,100.627273,2724.0580143826264
13.505051,100.633333,2413.7174284969365
13.505051,100.639394,2226.4342877434683
13.505051,100.645455,2072.179411165221
13.505051,100.651515,1932.1894880970808
13.505051,100.657576,1789.4716107722945
13.505051,100.663636,1638.287809708518
13.505051,100.669697,1111.6077799185232
13.505051,100.675758,495.4319200368629
13.505051,100.681818,406.98937529074703
13.505051,100.687879,998.1023035034909
13.505051,100.693939,901.2342486637691
13.505051,100.7,347.20171507635104
13.505051,100.706061,99.16722128484571
13.505051,100.712121,533.743953443981
13.505051,100.718182,419.3315696843047
13.505051,100.724242,327.3958172718082
13.505051,100.730303,175.31004771698565
13.505051,100.736364,201.75659034430618
13.505051,100.742424,210.83330694563574
13.505051,100.748485,94.68177436583161
13.505051,100.754545,173.77523730785566
13.505051,100.760606,322.581524232233
13.505051,100.766667,387.5108422042625
13.505051,100.772727,358.5028285770205
13.505051,100.778788,282.8131176127343
13.505051,100.784848,183.15471785342245
13.505051,100.790909,46.99282526764819
13.505051,100.79697,105.80033295223716
13.505051,100.80303,116.93927568209989
13.505051,100.809091,177.7792546180364
13.505051,100.815152,212.78716550906233
13.505051,100.821212,48.005950747972605
13.505051,100.827273,304.572526801405
13.505051,100.833333,205.4894608557296
13.505051,100.839394,272.26961220279935
13.505051,100.845455,661.2715877901057
13.505051,100.851515,475.6455784739969
13.505051,100.857576,185.29197146418792
13.505051,100.863636,479.02186395209725
13.505051,100.869697,384.72822453824523
13.505051,100.875758,405.9311337606714
13.505051,100.881818,552.4095929562424
13.505051,100.887879,498.03965925355374
13.505051,100.893939,315.06323230648303
13.505051,100.9,365.9454530331419
13.510101,100.3,183.93215898565447
13.510101,100.306061,76.0847964913326
13.510101,100.312121,178.57707220991648
13.510101,100.318182,169.69292072752035
13.510101,100.324242,167.53417128348917
13.510101,100.330303,348.6498321337466
13.510101,100.336364,376.733222180568
13.510101,100.342424,529.8261137371181
13.510101,100.348485,387.75802238567337
13.510101,100.354545,456.8217637691313
13.510101,100.360606,587.8088892707743
13.510101,100.366667,438.9190706010611
13.510101,100.372727,652.5060478427667
13.510101,100.378788,403.13707556236653
13.510101,100.384848,451.5559694738082
13.510101,100.390909,439.81901492060297
13.510101,100.39697,459.173603932387
13.510101,100.40303,273.9043821912346
13.510101,100.409091,152.33494971814056
13.510101,100.415152,584.7740426065076
13.510101,100.421212,96.56784598460703
13.510101,100.427273,70.0445794709847
13.510101,100.433333,154.19471787740775
13.510101,100.439394,167.39141316389689
13.510101,100.445455,281.7188436323836
13.510101,100.451515,65.6305882917437
13.510101,100.457576,385.7200605622289
13.510101,100.463636,59.804954072686456
13.510101,100.469697,80.53643259977244
13.510101,100.475758,184.2363679952825
13.510101,100.481818,288.8494327457152
13.510101,100.487879,585.874723032464
13.510101,100.493939,708.9499392452908
13.510101,100.5,95.03286168099825
13.510101,100.506061,563.3931915862472
13.510101,100.512121,502.2152234420511
13.510101,100.518182,130.2761461163301
13.510101,100.524242,804.5314385230673
13.510101,100.530303,1147.99301363258
13.510101,100.536364,1024.0650604899786
13.510101,100.542424,1026.4536582481142
13.510101,100.548485,1392.632393758593
13.510101,100.554545,1759.417829461218
13.510101,100.560606,1910.96028438397
13.510101,100.566667,2085.430168903647
13.510101,100.572727,2021.9455257073128
13.510101,100.578788,2090.848898732198
13.510101,100.584848,2359.0741887104787
13.510101,100.590909,2769.368765962038
13.510101,100.59697,3240.2869909192455
13.510101,100.60303,3314.7286665298757
13.510101,100.609091,3166.998481353333
13.510101,100.615152,3054.6611002113177
13.510101,100.621212,2660.2405308324487
13.510101,100.627273,2260.362785770589
13.510101,100.633333,1902.4160783377679
13.510101,100.639394,1681.6487556904408
13.510101,100.645455,1527.1792089789365
13.510101,100.651515,1385.6002545549595
13.510101,100.657576,1239.0042472575012
13.510101,100.663636,1091.4912599016857
13.510101,100.669697,948.37347586747
13.510101,100.675758,422.98200458243593
13.510101,100.681818,214.85702738686163
13.510101,100.687879,505.04028452645446
13.510101,100.693939,363.61180252540635
13.510101,100.7,201.80109803140436
13.510101,100.706061,57.9266859619053
13.510101,100.712121,82.16226348519277
13.510101,100.718182,144.36076661425707
13.510101,100.724242,258.6589669263925
13.510101,100.730303,69.78948404597764
13.510101,100.736364,439.4614283371969
13.510101,100.742424,323.14850257766483
13.510101,100.748485,368.5462349720189
13.510101,100.754545,239.78338671996127
13.510101,100.760606,277.2450030719977
13.510101,100.766667,649.3071873104774
13.510101,100.772727,331.56621205697144
13.510101,100.778788,330.1583046590292
13.510101,100.784848,121.41111194174545
13.510101,100.790909,242.2019079327637
13.510101,100.79697,290.28729912678733
13.510101,100.80303,80.08335809407197
13.510101,100.809091,236.27648784919344
13.510101,100.815152,196.6783443908519
13.510101,100.821212,43.45474835441033
13.510101,100.827273,362.42315271375566
13.510101,100.833333,55.76787141771463
13.510101,100.839394,294.95532438655675
13.510101,100.845455,314.2306360613437
13.510101,100.851515,357.2019483468598
13.510101,100.857576,98.76628093476397
13.510101,100.863636,282.9618099778317
13.510101,100.869697,257.2491941092518
13.510101,100.875758,78.7595608370963
13.510101,100.881818,85.14110200886877
13.510101,100.887879,74.63107748810813
13.510101,100.893939,272.4797768040995
13.510101,100.9,154.3995193235117
13.515152,100.3,510.94055410765475
13.515152,100.306061,245.7944238751497
13.515152,100.312121,310.85744345986757
13.515152,100.318182,481.3761450514563
13.515152,100.324242,209.36393987750418
13.515152,100.330303,428.08607610187215
13.515152,100.336364,189.49508267578844
13.515152,100.342424,406.0253714376237
13.515152,100.348485,52.271833648865346
13.515152,100.354545,291.4667257675522
13.515152,100.360606,470.94162980379946
13.515152,100.366667,226.28067002416157
13.515152,100.372727,533.2139660217756
13.515152,100.378788,159.38603577959887
13.515152,100.384848,213.23233808070685
13.515152,100.390909,205.31483814996392
13.515152,100.39697,119.52726317513734
13.515152,100.40303,124.7372028502468
13.515152,100.409091,448.3068846987114
13.515152,100.415152,577.8485951362409
13.515152,100.421212,77.87663086977008
13.515152,100.427273,34.233783337755256
13.515152,100.433333,469.7127717463582
13.515152,100.439394,402.74823352235927
13.515152,100.445455,365.7815312058966
13.515152,100.451515,257.6089187230947
13.515152,100.457576,315.1715219007826
13.515152,100.463636,273.7667413807835
13.515152,100.469697,72.42502897811012
13.515152,100.475758,261.70868296686336
13.515152,100.481818,236.17045191899146
13.515152,100.487879,444.49040583725815
13.515152,100.493939,695.6131347181328
13.515152,100.5,73.6407000128695
13.515152,100.506061,541.8913188507395
13.515152,100.512121,140.91790034910122
13.515152,100.518182,207.0278350172557
13.515152,100.524242,637.4719053213738
13.515152,100.530303,593.1998309794815
13.515152,100.536364,466.66742715334533
13.515152,100.542424,522.1593364598968
13.515152,100.548485,1076.3216267766304
13.515152,100.554545,1237.1268917217683
13.515152,100.560606,1352.194886426134
13.515152,100.566667,1589.239060606558
13.515152,100.572727,1461.2138049513687
13.515152,100.578788,1555.162754242231
13.515152,100.584848,1900.5559983048745
13.515152,100.590909,2378.0603790551763
13.515152,100.59697,2838.609800348083
13.515152,100.60303,2786.8989584310257
13.515152,100.609091,2609.4557004638577
13.515152,100.615152,2600.4193647294383
13.515152,100.621212,2208.1057553376154
13.515152,100.627273,1808.2622883478862
13.515152,100.633333,1413.2012700650566
13.515152,100.639394,1131.879612325823
13.515152,100.645455,979.7479802607397
13.515152,100.651515,838.5170216317796
13.515152,100.657576,695.4017125922362
13.515152,100.663636,543.2179998755498
13.515152,100.669697,400.1031763137171
13.515152,100.675758,247.18254766733335
13.515152,100.681818,93.43410956907914
13.515152,100.687879,51.38170651390322
13.515152,100.693939,186.68627030650484
13.515152,100.7,363.74350617698553
13.515152,100.706061,96.8158692626955
13.515152,100.712121,333.00436520489734
13.515152,100.718182,272.24960341108044
13.515152,100.724242,383.8735341769529
13.515152,100.730303,113.92108299827659
13.515152,100.736364,120.9183732742962
13.515152,100.742424,101.4852594349579
13.515152,100.748485,168.6081064247016
13.515152,100.754545,304.7945334382717
13.515152,100.760606,45.375225478568055
13.515152,100.766667,604.4659214853714
13.515152,100.772727,28.27386216874338
13.515152,100.778788,125.00824069554562
13.515152,100.784848,79.90669091993118
13.515152,100.790909,212.7411193100262
13.515152,100.79697,287.0547953741813
13.515152,100.80303,489.9552326003598
13.515152,100.809091,385.45616905053856
13.515152,100.815152,396.8365527265923
13.515152,100.821212,62.115203397235724
13.515152,100.827273,493.95489437776337
13.515152,100.833333,21.57575740660421
13.515152,100.839394,416.98600290203154
13.515152,100.845455,277.8876004927937
13.515152,100.851515,84.63221512273428
13.515152,100.857576,78.77692391044721
13.515152,100.863636,236.90059914071927
13.515152,100.869697,268.3462355620994
13.515152,100.875758,7.6052419456026215
13.515152,100.881818,323.4278423425928
13.515152,100.887879,136.94173264635492
13.515152,100.893939,177.31606470798673
13.515152,100.9,47.97129100341027
13.520202,100.3,902.6258168332678
13.520202,100.306061,798.0474712783055
13.520202,100.312121,799.0637129482241
13.520202,100.318182,448.70412921807394
13.520202,100.324242,93.01029488527148
13.520202,100.330303,263.99729165541675
13.520202,100.336364,273.2039933739634
13.520202,100.342424,286.61597237140563
13.520202,100.348485,149.5087204334384
13.520202,100.354545,279.0120742535442
13.520202,100.360606,288.73746861609374
13.520202,100.366667,294.8235015483162
13.520202,100.372727,300.3737532809041
13.520202,100.378788,301.76746167687435
13.520202,100.384848,208.59425274542411
13.520202,100.390909,389.55920260858005
13.520202,100.39697,321.1429862279979
13.520202,100.40303,329.3592751676987
13.520202,100.409091,45.05481137167568
13.520202,100.415152,294.0598710812091
13.520202,100.421212,130.29567369955598
13.520202,100.427273,317.73130942881767
13.520202,100.433333,304.84838911731805
13.520202,100.439394,624.1247610278707
13.520202,100.445455,525.3970874960088
13.520202,100.451515,174.18884531550972
13.520202,100.457576,245.7344875029178
13.520202,100.463636,341.07159021579923
13.520202,100.469697,31.6884244067628
13.520202,100.475758,217.1064804605504
13.520202,100.481818,359.7318284072138
13.520202,100.487879,331.4191613708911
13.520202,100.493939,636.071718261472
13.520202,100.5,26.94061987407602
13.520202,100.506061,334.8395262600557
13.520202,100.512121,151.33697540011653
13.520202,100.518182,191.84312651905643
13.520202,100.524242,131.5145240697093
13.520202,100.530303,102.62237296514054
13.520202,100.536364,138.33307130027063
13.520202,100.542424,352.09664935483914
13.520202,100.548485,563.510151993446
13.520202,100.554545,715.4637344200995
13.520202,100.560606,798.4845660868624
13.520202,100.566667,1154.891864533756
13.520202,100.572727,902.5177790597746
13.520202,100.578788,1047.8185672724132
13.520202,100.584848,1513.7719975052946
13.520202,100.590909,1961.1282989464473
13.520202,100.59697,2459.4917686140257
13.520202,100.60303,2275.7299708143537
13.520202,100.609091,2054.6046209044903
13.520202,100.615152,2043.1157500295026
13.520202,100.621212,1751.4035164199995
13.520202,100.627273,1355.6622366866957
13.520202,100.633333,959.7481778129448
13.520202,100.639394,597.1958898693667
13.520202,100.645455,430.6536451709793
13.520202,100.651515,283.29684090117547
13.520202,100.657576,148.589099512526
13.520202,100.663636,70.8935867965761
13.520202,100.669697,163.23734172198058
13.520202,100.675758,304.28100082183545
13.520202,100.681818,91.70084038767924
13.520202,100.687879,466.67207351167474
13.520202,100.693939,161.66938906617995
13.520202,100.7,215.27711532506882
13.520202,100.706061,234.09193765376222
13.520202,100.712121,26.898784423446312
13.520202,100.718182,181.86696863658133
13.520202,100.724242,186.5527493026049
13.520202,100.730303,133.9339704296526
13.520202,100.736364,64.6336037391209
13.520202,100.742424,92.94140466617233
13.520202,100.748485,254.5132667435521
13.520202,100.754545,658.1401454852544
13.520202,100.760606,513.8180378090668
13.520202,100.766667,192.28785144970894
13.520202,100.772727,143.2289413178093
13.520202,100.778788,199.99901920869894
13.520202,100.784848,22.204031861192227
13.520202,100.790909,89.24820989192473
13.520202,100.79697,280.3380221836954
13.520202,100.80303,289.2540621525004
13.520202,100.809091,328.44441729795733
13.520202,100.815152,61.36039991035936
13.520202,100.821212,62.070706367349864
13.520202,100.827273,157.02373596153524
13.520202,100.833333,90.05938122509369
13.520202,100.839394,95.53551277533872
13.520202,100.845455,235.70061438369314
13.520202,100.851515,327.8263035332012
13.520202,100.857576,79.05825157271431
13.520202,100.863636,462.83171383582004
13.520202,100.869697,399.5761354150391
13.520202,100.875758,38.32993479014436
13.520202,100.881818,192.2016255621777
13.520202,100.887879,425.26042719236125
13.520202,100.893939,109.15138079204979
13.520202,100.9,353.85107342924516
13.525253,100.3,1414.4840385448717
13.525253,100.306061,1326.991611737458
13.525253,100.312121,652.4860969440067
13.525253,100.318182,27.250940460396798
13.525253,100.324242,302.0775715113549
13.525253,100.330303,300.4164049779986
13.525253,100.336364,302.2584226530468
13.525253,100.342424,296.23698601769644
13.525253,100.348485,214.83594886352415
13.525253,100.354545,288.7575683072234
13.525253,100.360606,274.21655254915004
13.525253,100.366667,272.35458698567714
13.525253,100.372727,270.2525358756788
13.525253,100.378788,261.7588705853465
13.525253,100.384848,266.17272765146106
13.525253,100.390909,244.2692251321854
13.525253,100.39697,250.87004291214598
13.525253,100.40303,261.30536344724686
13.525253,100.409091,248.90251391946632
13.525253,100.415152,195.9072755326279
13.525253,100.421212,138.44996260323333
13.525253,100.427273,473.0535080135959
13.525253,100.433333,184.90690572774997
13.525253,100.439394,127.83560776931341
13.525253,100.445455,407.9186252333524
13.525253,100.451515,250.87506378507004
13.525253,100.457576,243.80942886917
13.525253,100.463636,416.6854143975148
13.525253,100.469697,71.54873106001801
13.525253,100.475758,191.55415548203334
13.525253,100.481818,470.4419195794467
13.525253,100.487879,111.36967381632759
13.525253,100.493939,430.1706923509135
13.525253,100.5,187.27111882563477
13.525253,100.506061,204.04003897220437
13.525253,100.512121,192.30217721410125
13.525253,100.518182,282.8427059700261
13.525253,100.524242,103.33129917609888
13.525253,100.530303,71.94808297651561
13.525253,100.536364,639.311102023609
13.525253,100.542424,355.35696986996004
13.525253,100.548485,65.88474928855355
13.525253,100.554545,160.6420808780871
13.525253,100.560606,280.60177758859754
13.525253,100.566667,858.066265271899
13.525253,100.572727,354.8497841262668
13.525253,100.578788,639.7685344687429
13.525253,100.584848,1084.759011191459
13.525253,100.590909,1633.6364261864092
13.525253,100.59697,1901.5969601736601
13.525253,100.60303,1795.2226950366187
13.525253,100.609091,1505.083975382745
13.525253,100.615152,1489.3621429089906
13.525253,100.621212,1298.9863285186018
13.525253,100.627273,904.0552190619683
13.525253,100.633333,503.77908948788007
13.525253,100.639394,112.58876843418827
13.525253,100.645455,149.06633129815398
13.525253,100.651515,273.23367577009236
13.525253,100.657576,354.5273250752486
13.525253,100.663636,557.4753596557356
13.525253,100.669697,700.1575307629325
13.525253,100.675758,798.5447370204894
13.525253,100.681818,277.1198311409092
13.525253,100.687879,313.7093235762019
13.525253,100.693939,260.46428608775244
13.525253,100.7,246.4207855250533
13.525253,100.706061,156.8734497847585
13.525253,100.712121,59.08664369123887
13.525253,100.718182,140.86151550155256
13.525253,100.724242,225.9484943382251
13.525253,100.730303,188.84932246677954
13.525253,100.736364,99.89998522953543
13.525253,100.742424,187.14770141104106
13.525253,100.748485,110.6661503343083
13.525253,100.754545,161.39134824530962
13.525253,100.760606,355.879846082648
13.525253,100.766667,373.04621459286705
13.525253,100.772727,156.89822011419514
13.525253,100.778788,46.659561215767866
13.525253,100.784848,455.07976440649867
13.525253,100.790909,29.49653583354957
13.525253,100.79697,577.4019131189575
13.525253,100.80303,413.7051688456706
13.525253,100.809091,73.68748422775917
13.525253,100.815152,411.15049330650083
13.525253,100.821212,259.3035678684832
13.525253,100.827273,153.8155764583067
13.525253,100.833333,16.291456658067055
13.525253,100.839394,81.09263163547676
13.525253,100.845455,48.40289992779747
13.525253,100.851515,95.91458462593174
13.525253,100.857576,45.87987862370917
13.525253,100.863636,342.7783660690104
13.525253,100.869697,207.12503763151977
13.525253,100.875758,302.574911959057
13.525253,100.881818,550.6175931210576
13.525253,100.887879,368.42476365730954
13.525253,100.893939,316.2134219069608
13.525253,100.9,303.86448481318047
13.530303,100.3,1473.199425424405
13.530303,100.306061,900.0787162912827
13.530303,100.312121,528.8692080995422
13.530303,100.318182,112.6002740952036
13.530303,100.324242,643.4325313878322
13.530303,100.330303,642.1708407099889
13.530303,100.336364,634.4098871296624
13.530303,100.342424,360.95198594502955
13.530303,100.348485,285.474718280451
13.530303,100.354545,631.8082472358038
13.530303,100.360606,633.743567801463
13.530303,100.366667,634.0753019235697
13.530303,100.372727,627.356330165479
13.530303,100.378788,306.90951718969654
13.530303,100.384848,370.62119082397373
13.530303,100.390909,247.5155992009427
13.530303,100.39697,296.6669879691167
13.530303,100.40303,401.1793973593
13.530303,100.409091,116.8236765205897
13.530303,100.415152,97.82145159858042
13.530303,100.421212,180.63917837993122
13.530303,100.427273,298.57046553373135
13.530303,100.433333,335.32552124780153
13.530303,100.439394,330.97175081335706
13.530303,100.445455,53.50210138052864
13.530303,100.451515,348.1939957152866
13.530303,100.457576,27.18585056206763
13.530303,100.463636,164.6243462671679
13.530303,100.469697,178.07158416733355
13.530303,100.475758,121.9239017040425
13.530303,100.481818,473.95853013060656
13.530303,100.487879,98.2637378774952
13.530303,100.493939,373.82002048785876
13.530303,100.5,298.65484721842216
13.530303,100.506061,195.53827769151724
13.530303,100.512121,286.5257282035875
13.530303,100.518182,470.12369298496026
13.530303,100.524242,174.23606012860725
13.530303,100.530303,156.3883507943803
13.530303,100.536364,529.1015411899621
13.530303,100.542424,18.134304760255493
13.530303,100.548485,77.07983617306118
13.530303,100.554545,393.32516204654587
13.530303,100.560606,137.92140494518884
13.530303,100.566667,628.9758828606019
13.530303,100.572727,11.881270742989622
13.530303,100.578788,224.11231480704848
13.530303,100.584848,794.8602126911005
13.530303,100.590909,1381.0432431783795
13.530303,100.59697,1347.459733692604
13.530303,100.60303,1378.119453166075
13.530303,100.609091,970.3950099697278
13.530303,100.615152,945.8267786178825
13.530303,100.621212,845.29882708917
13.530303,100.627273,450.01454422920034
13.530303,100.633333,102.99546462792215
13.530303,100.639394,350.4388546453941
13.530303,100.645455,664.6977764811146
13.530303,100.651515,745.6883119521626
13.530303,100.657576,123.4625875456004
13.530303,100.663636,479.9303207371892
13.530303,100.669697,336.5063848697698
13.530303,100.675758,236.77991296872605
13.530303,100.681818,245.99995461888844
13.530303,100.687879,144.756136853764
13.530303,100.693939,390.10423528952293
13.530303,100.7,102.43898545889112
13.530303,100.706061,328.1766182035972
13.530303,100.712121,243.68763816036795
13.530303,100.718182,127.0921051234886
13.530303,100.724242,225.12973060886688
13.530303,100.730303,164.24632055977793
13.530303,100.736364,118.89668342342935
13.530303,100.742424,93.30936494266447
13.530303,100.748485,22.91717616805575
13.530303,100.754545,262.7400010212257
13.530303,100.760606,88.1429236378847
13.530303,100.766667,222.85514273237777
13.530303,100.772727,203.23392863589063
13.530303,100.778788,116.83011990541866
13.530303,100.784848,563.7971289839755
13.530303,100.790909,237.72903941191322
13.530303,100.79697,133.21442027912084
13.530303,100.80303,238.09579122420658
13.530303,100.809091,174.63966253499893
13.530303,100.815152,419.9859128498786
13.530303,100.821212,179.37346980367113
13.530303,100.827273,153.8563642988893
13.530303,100.833333,304.41686331635646
13.530303,100.839394,267.2872873053906
13.530303,100.845455,398.62966812463293
13.530303,100.851515,108.29906300244653
13.530303,100.857576,7.620185350155977
13.530303,100.863636,35.965292061484504
13.530303,100.869697,23.867926995041536
13.530303,100.875758,46.91650437943566
13.530303,100.881818,86.68085897436934
13.530303,100.887879,36.82088849348237
13.530303,100.893939,176.63658231114806
13.530303,100.9,72.37875135408463
13.535354,100.3,1345.863049489421
13.535354,100.306061,671.6937519664227
13.535354,100.312121,38.27945674984617
13.535354,100.318182,96.80811809477186
13.535354,100.324242,125.90943613577981
13.535354,100.330303,101.55219639694384
13.535354,100.336364,83.23175677724697
13.535354,100.342424,143.143651939134
13.535354,100.348485,80.67811612061493
13.535354,100.354545,70.34009283518026
13.535354,100.360606,85.42147725561935
13.535354,100.366667,102.08532060403543
13.535354,100.372727,66.7990730838394
13.535354,100.378788,79.20331556400846
13.535354,100.384848,152.77403819417376
13.535354,100.390909,238.78891800317325
13.535354,100.39697,289.4521983094166
13.535354,100.40303,375.390927359488
13.535354,100.409091,387.3734134469741
13.535354,100.415152,139.559681912482
13.535354,100.421212,137.85302884708207
13.535354,100.427273,46.70673339220735
13.535354,100.433333,258.4823372877245
13.535354,100.439394,205.3451157068574
13.535354,100.445455,18.287152081190445
13.535354,100.451515,91.12932679837861
13.535354,100.457576,127.96500894070027
13.535354,100.463636,196.24109024048684
13.535354,100.469697,103.84477235115041
13.535354,100.475758,235.46122545977178
13.535354,100.481818,108.11903236845929
13.535354,100.487879,223.86991101075122
13.535354,100.493939,247.19978624461905
13.535354,100.5,194.9492726035266
13.535354,100.506061,31.05213684203176
13.535354,100.512121,572.7841103434189
13.535354,100.518182,319.7544442960943
13.535354,100.524242,338.7313740419013
13.535354,100.530303,35.40190407026244
13.535354,100.536364,366.6387675679956
13.535354,100.542424,115.76489440415477
13.535354,100.548485,201.83620145686223
13.535354,100.554545,90.64347394859973
13.535354,100.560606,46.879098964784134
13.535354,100.566667,187.10571552633954
13.535354,100.572727,137.06148139848142
13.535354,100.578788,366.9314704943963
13.535354,100.584848,847.9649041540074
13.535354,100.590909,859.5054575238429
13.535354,100.59697,804.435781096016
13.535354,100.60303,1098.903455645518
13.535354,100.609091,500.0420512407408
13.535354,100.615152,449.54614113682993
13.535354,100.621212,419.9598147872487
13.535354,100.627273,73.96399116156384
13.535354,100.633333,409.2746111540124
13.535354,100.639394,548.8987110180767
13.535354,100.645455,523.9045354374257
13.535354,100.651515,975.0656193885884
13.535354,100.657576,390.37041381610413
13.535354,100.663636,62.663926482504166
13.535354,100.669697,257.7064977325083
13.535354,100.675758,270.1729990031394
13.535354,100.681818,124.6634529041716
13.535354,100.687879,111.2603571331932
13.535354,100.693939,200.03793592367302
13.535354,100.7,273.92568406018034
13.535354,100.706061,32.758981324130225
13.535354,100.712121,160.25702439082426
13.535354,100.718182,203.45232566540352
13.535354,100.724242,263.5475138841875
13.535354,100.730303,204.74273912244547
13.535354,100.736364,121.46699793881493
13.535354,100.742424,93.25342577783742
13.535354,100.748485,129.26893015295286
13.535354,100.754545,165.0045107549184
13.535354,100.760606,288.4601821372132
13.535354,100.766667,56.122251524155
13.535354,100.772727,257.0678264206592
13.535354,100.778788,121.81991793464914
13.535354,100.784848,533.9756693642034
13.535354,100.790909,315.35401823720815
13.535354,100.79697,159.1354353082145
13.535354,100.80303,111.21034031692253
13.535354,100.809091,82.7779666792641
13.535354,100.815152,117.80700597810375
13.535354,100.821212,55.70857332488985
13.535354,100.827273,464.77867287984935
13.535354,100.833333,120.27986501545811
13.535354,100.839394,71.1964463593889
13.535354,100.845455,555.2455336730417
13.535354,100.851515,78.20780796846793
13.535354,100.857576,186.93988414907358
13.535354,100.863636,94.70968280718056
13.535354,100.869697,324.78972959390103
13.535354,100.875758,20.183669845833574
13.535354,100.881818,136.88311380819954
13.535354,100.887879,430.8721262738703
13.535354,100.893939,701.9706972270225
13.535354,100.9,257.45703120075524
13.540404,100.3,1306.3868102330014
13.540404,100.306061,817.5127755994258
13.540404,100.312121,154.14235038941223
13.540404,100.318182,381.6903466557853
13.540404,100.324242,499.90357031821
13.540404,100.330303,490.35264262060804
13.540404,100.336364,493.5395223489667
13.540404,100.342424,507.0935218228403
13.540404,100.348485,81.83978240336967
13.540404,100.354545,492.86473818464475
13.540404,100.360606,495.14101198712916
13.540404,100.366667,500.99169199093643
13.540404,100.372727,68.64502556094678
13.540404,100.378788,469.63487934805426
13.540404,100.384848,440.78492813861703
13.540404,100.390909,188.08844950154005
13.540404,100.39697,252.47310523306865
13.540404,100.40303,475.1906961565958
13.540404,100.409091,638.6151443531298
13.540404,100.415152,121.35206780142589
13.540404,100.421212,87.14973275990724
13.540404,100.427273,22.360162053336367
13.540404,100.433333,134.68604269711676
13.540404,100.439394,231.11630453801013
13.540404,100.445455,77.21745321063841
13.540404,100.451515,141.37794488530324
13.540404,100.457576,222.27903754637313
13.540404,100.463636,191.80289661767145
13.540404,100.469697,205.77916171322858
13.540404,100.475758,107.7468355963474
13.540404,100.481818,93.29068309557805
13.540404,100.487879,176.77161215498398
13.540404,100.493939,19.09093536333985
13.540404,100.5,165.46583905090802
13.540404,100.506061,111.58408733376943
13.540404,100.512121,153.97237862288202
13.540404,100.518182,59.687156648817435
13.540404,100.524242,302.3657989501807
13.540404,100.530303,66.95444561475946
13.540404,100.536364,232.04647591544287
13.540404,100.542424,132.19835694289125
13.540404,100.548485,141.74868282772786
13.540404,100.554545,199.9803968866093
13.540404,100.560606,100.1969893061292
13.540404,100.566667,41.92325979588753
13.540404,100.572727,52.511574423904804
13.540404,100.578788,312.20643688702904
13.540404,100.584848,836.2780383580458
13.540404,100.590909,450.08218511399446
13.540404,100.59697,333.0784708612596
13.540404,100.60303,964.140517883574
13.540404,100.609091,436.66733595695865
13.540404,100.615152,303.00542049495186
13.540404,100.621212,38.10737907158083
13.540404,100.627273,473.90297802788837
13.540404,100.633333,861.6545688681377
13.540404,100.639394,385.6896746534977
13.540404,100.645455,179.6208305586283
13.540404,100.651515,694.8230381020493
13.540404,100.657576,641.1763748932849
13.540404,100.663636,164.07419490912073
13.540404,100.669697,290.12419323778414
13.540404,100.675758,129.77066822520274
13.540404,100.681818,172.45505057281758
13.540404,100.687879,175.5942431431997
13.540404,100.693939,518.4725410036191
13.540404,100.7,461.41532033050476
13.540404,100.706061,54.18207883826025
13.540404,100.712121,102.27482213654304
13.540404,100.718182,226.36395913141192
13.540404,100.724242,138.75800801075334
13.540404,100.730303,330.37917732680893
13.540404,100.736364,300.57544203447816
13.540404,100.742424,157.49393244189338
13.540404,100.748485,106.41125615088148
13.540404,100.754545,274.4164231265656
13.540404,100.760606,176.67171336774416
13.540404,100.766667,98.01617018298656
13.540404,100.772727,8.43122423702229
13.540404,100.778788,102.6843684609126
13.540404,100.784848,142.746115204498
13.540404,100.790909,88.58436288829716
13.540404,100.79697,321.697762196268
13.540404,100.80303,260.75471740564376
13.540404,100.809091,251.36380048585573
13.540404,100.815152,125.19675450298448
13.540404,100.821212,140.23098992373934
13.540404,100.827273,457.9006662970848
13.540404,100.833333,312.32103802867266
13.540404,100.839394,124.87466667792289
13.540404,100.845455,417.9366426442503
13.540404,100.851515,40.583939285572534
13.540404,100.857576,339.5984316657282
13.540404,100.863636,68.26541865904177
13.540404,100.869697,293.20211472484954
13.540404,100.875758,193.9029282141158
13.540404,100.881818,359.2804905293894
13.540404,100.887879,717.8062295597081
13.540404,100.893939,314.6733556915919
13.540404,100.9,94.71071384864253
13.545455,100.3,801.6205109492091
13.545455,100.306061,702.7873877727279
13.545455,100.312121,181.88536884729973
13.545455,100.318182,546.463037030842
13.545455,100.324242,412.24783103703913
13.545455,100.330303,391.5138016655493
13.545455,100.336364,394.91018919845897
13.545455,100.342424,373.8502172813361
13.545455,100.348485,79.23939403903032
13.545455,100.354545,346.4568308145588
13.545455,100.360606,376.6721015856413
13.545455,100.366667,335.6516322245866
13.545455,100.372727,245.102435552185
13.545455,100.378788,371.1549610116929
13.545455,100.384848,449.5811947691538
13.545455,100.390909,230.15700103142527
13.545455,100.39697,402.18196896514695
13.545455,100.40303,132.09670665581336
13.545455,100.409091,182.18507847014249
13.545455,100.415152,316.16955697093323
13.545455,100.421212,49.99761051766928
13.545455,100.427273,82.72633284662122
13.545455,100.433333,195.05244086599163
13.545455,100.439394,331.37709497002345
13.545455,100.445455,34.06668651709956
13.545455,100.451515,432.26967903299504
13.545455,100.457576,349.00243606402324
13.545455,100.463636,39.50740369807888
13.545455,100.469697,144.37509284629306
13.545455,100.475758,303.7443635466646
13.545455,100.481818,41.73683573529381
13.545455,100.487879,42.19092764883089
13.545455,100.493939,47.414296964236094
13.545455,100.5,58.82043462210711
13.545455,100.506061,184.73346887958172
13.545455,100.512121,73.41167872203357
13.545455,100.518182,333.0799263135476
13.545455,100.524242,255.13782913435932
13.545455,100.530303,41.750700679693296
13.545455,100.536364,136.46715848921835
13.545455,100.542424,206.3965420482265
13.545455,100.548485,136.8553977038702
13.545455,100.554545,89.54182300320666
13.545455,100.560606,87.52911232365545
13.545455,100.566667,93.16969014425477
13.545455,100.572727,128.593449768734
13.545455,100.578788,48.49381836113312
13.545455,100.584848,421.39671742761067
13.545455,100.590909,546.3891637511297
13.545455,100.59697,454.8718640001221
13.545455,100.60303,1012.686567074175
13.545455,100.609091,846.4062642598551
13.545455,100.615152,391.4145606462808
13.545455,100.621212,231.50472402314332
13.545455,100.627273,505.1210748906803
13.545455,100.633333,967.3470595978249
13.545455,100.639394,700.3769533487279
13.545455,100.645455,161.32881311494728
13.545455,100.651515,394.6067768985789
13.545455,100.657576,903.8595614206263
13.545455,100.663636,567.8940671923244
13.545455,100.669697,53.8267022345825
13.545455,100.675758,36.64917135595624
13.545455,100.681818,350.6212449800928
13.545455,100.687879,272.836505094666
13.545455,100.693939,397.97591843941035
13.545455,100.7,542.0236039208495
13.545455,100.706061,122.5427392371819
13.545455,100.712121,398.60213105967193
13.545455,100.718182,304.35386472555564
13.545455,100.724242,223.90975972914956
13.545455,100.730303,170.80547431862914
13.545455,100.736364,145.0586624327689
13.545455,100.742424,98.61388998650904
13.545455,100.748485,192.8909496014167
13.545455,100.754545,227.67776795751257
13.545455,100.760606,360.59908631626746
13.545455,100.766667,21.950071277296118
13.545455,100.772727,231.4827098414489
13.545455,100.778788,399.8012875007127
13.545455,100.784848,87.15821775511928
13.545455,100.790909,347.9817567761283
13.545455,100.79697,310.2527475589202
13.545455,100.80303,70.18125676194418
13.545455,100.809091,390.5592396324203
13.545455,100.815152,234.4502419803737
13.545455,100.821212,248.06663996263853
13.545455,100.827273,65.80608899740113
13.545455,100.833333,531.6321840018679
13.545455,100.839394,282.3125460355093
13.545455,100.845455,154.8012197587252
13.545455,100.851515,352.12808913201746
13.545455,100.857576,61.722092520165475
13.545455,100.863636,172.45468625592363
13.545455,100.869697,156.25034018133258
13.545455,100.875758,222.5402830950059
13.545455,100.881818,314.02418406028454
13.545455,100.887879,277.1288487529812
13.545455,100.893939,158.02441098370082
13.545455,100.9,591.70746300172
13.550505,100.3,455.42751698946
13.550505,100.306061,242.4187506961057
13.550505,100.312121,126.67494160151593
13.550505,100.318182,500.10714117265576
13.550505,100.324242,23.87976173978519
13.550505,100.330303,177.48734007589087
13.550505,100.336364,223.22713179447
13.550505,100.342424,233.5157175009274
13.550505,100.348485,120.99278212248015
13.550505,100.354545,215.75570654657983
13.550505,100.360606,250.03502035708303
13.550505,100.366667,146.28198670714596
13.550505,100.372727,238.86227520389778
13.550505,100.378788,214.3610900666878
13.550505,100.384848,260.14684241372197
13.550505,100.390909,231.4067715080002
13.550505,100.39697,282.1809015388756
13.550505,100.40303,295.0841585499706
13.550505,100.409091,434.4721810995674
13.550505,100.415152,52.517521003877484
13.550505,100.421212,413.3320594326309
13.550505,100.427273,180.17852377476174
13.550505,100.433333,252.04770089669594
13.550505,100.439394,67.4071353222265
13.550505,100.445455,60.829942857721726
13.550505,100.451515,288.2037402858778
13.550505,100.457576,121.49347961384743
13.550505,100.463636,60.79916859128504
13.550505,100.469697,166.21963038948286
13.550505,100.475758,227.51913547754393
13.550505,100.481818,257.4056266764385
13.550505,100.487879,277.2138143495046
13.550505,100.493939,337.6770604519369
13.550505,100.5,125.97378904385994
13.550505,100.506061,137.5511371578041
13.550505,100.512121,80.23726447339214
13.550505,100.518182,40.28262288069434
13.550505,100.524242,105.26373640645103
13.550505,100.530303,28.14659664769891
13.550505,100.536364,156.31792267338292
13.550505,100.542424,27.826580038676298
13.550505,100.548485,409.5237037178203
13.550505,100.554545,492.4329256449319
13.550505,100.560606,54.644198693039186
13.550505,100.566667,118.0134528241704
13.550505,100.572727,432.3737402842333
13.550505,100.578788,348.24794295023804
13.550505,100.584848,137.46756752910693
13.550505,100.590909,240.62526338011313
13.550505,100.59697,825.0352417547887
13.550505,100.60303,1324.2379060570297
13.550505,100.609091,778.2268016941359
13.550505,100.615152,118.34328675541201
13.550505,100.621212,198.38173539364263
13.550505,100.627273,423.8961565099209
13.550505,100.633333,456.3322164990898
13.550505,100.639394,884.4137276151282
13.550505,100.645455,421.83305401787237
13.550505,100.651515,129.56897907188548
13.550505,100.657576,354.2592902817205
13.550505,100.663636,382.0840589267708
13.550505,100.669697,194.57510295105362
13.550505,100.675758,83.17363772602624
13.550505,100.681818,446.9863870146252
13.550505,100.687879,176.75299789372585
13.550505,100.693939,198.66783517517413
13.550505,100.7,452.7135922672307
13.550505,100.706061,15.514773473541261
13.550505,100.712121,241.06073571603505
13.550505,100.718182,63.530823349021134
13.550505,100.724242,167.11544451369312
13.550505,100.730303,173.14087588900847
13.550505,100.736364,98.11174985209423
13.550505,100.742424,379.61155898460134
13.550505,100.748485,317.3509429540557
13.550505,100.754545,258.2301067833376
13.550505,100.760606,225.96683622590493
13.550505,100.766667,240.83132661140723
13.550505,100.772727,115.15726491775665
13.550505,100.778788,187.84025604955553
13.550505,100.784848,440.9336030339124
13.550505,100.790909,28.87149817339993
13.550505,100.79697,190.56595375505796
13.550505,100.80303,77.49743181752777
13.550505,100.809091,94.35202466106672
13.550505,100.815152,289.85073341004454
13.550505,100.821212,406.3964021262584
13.550505,100.827273,100.70379880063669
13.550505,100.833333,405.8826301369932
13.550505,100.839394,782.0988687035502
13.550505,100.845455,219.47277597522844
13.550505,100.851515,202.18140542656485
13.550505,100.857576,408.25910779964744
13.550505,100.863636,185.44728101430962
13.550505,100.869697,117.06387593762874
13.550505,100.875758,329.04474874339365
13.550505,100.881818,68.52840122238462
13.550505,100.887879,195.68282809895032
13.550505,100.893939,589.9868324114537
13.550505,100.9,605.8199950943052
13.555556,100.3,105.20716331219433
13.555556,100.306061,247.31370413954846
13.555556,100.312121,150.71919346222498
13.555556,100.318182,226.45382408781836
13.555556,100.324242,244.18485372774114
13.555556,100.330303,736.1693529563024
13.555556,100.336364,524.2135875940955
13.555556,100.342424,21.5465029085279
13.555556,100.348485,137.43909874847398
13.555556,100.354545,440.33144631927786
13.555556,100.360606,223.81362586279866
13.555556,100.366667,31.506559203422068
13.555556,100.372727,103.03142301488336
13.555556,100.378788,250.53765585871716
13.555556,100.384848,77.83902286667113
13.555556,100.390909,228.85469645836574
13.555556,100.39697,229.07222436108523
13.555556,100.40303,146.6095848928564
13.555556,100.409091,77.48339417942327
13.555556,100.415152,14.241396059707789
13.555556,100.421212,471.89791555912666
13.555556,100.427273,577.9354914346046
13.555556,100.433333,68.49199002435647
13.555556,100.439394,95.79939781796666
13.555556,100.445455,116.29980215874043
13.555556,100.451515,204.90305664220745
13.555556,100.457576,174.528383546901
13.555556,100.463636,307.92406802213765
13.555556,100.469697,53.49574188325084
13.555556,100.475758,275.97759718914574
13.555556,100.481818,149.9753514077958
13.555556,100.487879,27.85540721089641
13.555556,100.493939,28.73956009411266
13.555556,100.5,14.068245301425277
13.555556,100.506061,122.6205868785137
13.555556,100.512121,185.38199548503496
13.555556,100.518182,65.65315460199425
13.555556,100.524242,446.8549271301724
13.555556,100.530303,88.29694760270193
13.555556,100.536364,77.83961350466188
13.555556,100.542424,274.42026041523343
13.555556,100.548485,143.73297676749493
13.555556,100.554545,35.79437087418227
13.555556,100.560606,64.00742891700345
13.555556,100.566667,3.6530095185726332
13.555556,100.572727,130.70176534175903
13.555556,100.578788,140.19781518182992
13.555556,100.584848,297.82590539107565
13.555556,100.590909,305.84574092866717
13.555556,100.59697,843.6078354952035
13.555556,100.60303,1094.5660349727589
13.555556,100.609091,528.7842470094442
13.555556,100.615152,148.59277193050897
13.555556,100.621212,718.1542889314122
13.555556,100.627273,130.0031211418342
13.555556,100.633333,335.89099834082873
13.555556,100.639394,788.757300375758
13.555556,100.645455,172.10454379229108
13.555556,100.651515,141.99313367562206
13.555556,100.657576,157.9242744477322
13.555556,100.663636,98.50995882966123
13.555556,100.669697,238.45343987551126
13.555556,100.675758,48.64330539774898
13.555556,100.681818,405.99431735834344
13.555556,100.687879,268.076571460944
13.555556,100.693939,110.7727773334216
13.555556,100.7,149.3454557716472
13.555556,100.706061,120.52826967435401
13.555556,100.712121,316.45709114369873
13.555556,100.718182,72.26089891584624
13.555556,100.724242,116.05333438708293
13.555556,100.730303,29.672846633284802
13.555556,100.736364,62.56055742968848
13.555556,100.742424,279.0337405125413
13.555556,100.748485,102.91112793594547
13.555556,100.754545,196.98447684353349
13.555556,100.760606,268.6487303634544
13.555556,100.766667,314.42939228968896
13.555556,100.772727,55.47933276189218
13.555556,100.778788,299.3808216164381
13.555556,100.784848,365.14767717416004
13.555556,100.790909,169.74168544418558
13.555556,100.79697,478.6037147256594
13.555556,100.80303,128.56423718537695
13.555556,100.809091,122.69997884578153
13.555556,100.815152,367.5401117201467
13.555556,100.821212,422.2347883430435
13.555556,100.827273,355.2540943674181
13.555556,100.833333,124.44689839331163
13.555556,100.839394,742.6920402813419
13.555556,100.845455,446.45473059592956
13.555556,100.851515,218.95831241495603
13.555556,100.857576,744.8692999845198
13.555556,100.863636,413.9555767081967
13.555556,100.869697,39.013600817077354
13.555556,100.875758,189.61295687595126
13.555556,100.881818,204.38943666896523
13.555556,100.887879,214.16563985456773
13.555556,100.893939,551.5978845038929
13.555556,100.9,143.61094683928687
13.560606,100.3,12.761822097661208
13.560606,100.306061,98.9639483192815
13.560606,100.312121,113.94767455857541
13.560606,100.318182,31.952074710062835
13.560606,100.324242,500.7034431980329
13.560606,100.330303,1033.5753366840274
13.560606,100.336364,602.0247550242204
13.560606,100.342424,64.94726876622936
13.560606,100.348485,135.97996088655822
13.560606,100.354545,14.838371411470346
13.560606,100.360606,101.18220732426784
13.560606,100.366667,565.0252742760342
13.560606,100.372727,449.68006043533927
13.560606,100.378788,226.69990679091083
13.560606,100.384848,122.8924439378943
13.560606,100.390909,188.81423196302987
13.560606,100.39697,305.46121061559177
13.560606,100.40303,101.32396177108434
13.560606,100.409091,79.29239441452394
13.560606,100.415152,81.65477102893898
13.560606,100.421212,47.489259434795784
13.560606,100.427273,277.0893693821943
13.560606,100.433333,248.41775945014334
13.560606,100.439394,221.93380277339025
13.560606,100.445455,128.57718298363142
13.560606,100.451515,237.72343854239887
13.560606,100.457576,241.87396980311104
13.560606,100.463636,321.1117848878092
13.560606,100.469697,290.8700900268223
13.560606,100.475758,49.80007543593522
13.560606,100.481818,112.74028889824896
13.560606,100.487879,409.63642520878284
13.560606,100.493939,78.89836707494884
13.560606,100.5,534.1491242386976
13.560606,100.506061,65.37626090733023
13.560606,100.512121,18.617966321044815
13.560606,100.518182,309.0305323636336
13.560606,100.524242,162.41532645022295
13.560606,100.530303,140.44669524535078
13.560606,100.536364,67.24056146384004
13.560606,100.542424,29.137760671437203
13.560606,100.548485,32.20171286398765
13.560606,100.554545,146.59588278571837
13.560606,100.560606,110.94918830178979
13.560606,100.566667,119.82980889731002
13.560606,100.572727,437.2894026718594
13.560606,100.578788,224.79629163799143
13.560606,100.584848,89.08397171491407
13.560606,100.590909,444.2347945758948
13.560606,100.59697,405.08470660984744
13.560606,100.60303,638.9062203857029
13.560606,100.609091,270.05655892112134
13.560606,100.615152,166.15459455973715
13.560606,100.621212,696.1878027052601
13.560606,100.627273,128.1627856171322
13.560606,100.633333,485.3208614152407
13.560606,100.639394,531.760698744342
13.560606,100.645455,154.74954559342726
13.560606,100.651515,114.26685020074235
13.560606,100.657576,40.92833575546746
13.560606,100.663636,28.156897114460108
13.560606,100.669697,125.88349114358263
13.560606,100.675758,202.4773900535709
13.560606,100.681818,444.10813327575147
13.560606,100.687879,25.365145680064334
13.560606,100.693939,109.40840403569445
13.560606,100.7,88.93620172191733
13.560606,100.706061,160.01337537173526
13.560606,100.712121,66.72180275401945
13.560606,100.718182,75.65362974537301
13.560606,100.724242,441.21007011152835
13.560606,100.730303,17.41483547667944
13.560606,100.736364,50.01224543437631
13.560606,100.742424,513.736414278861
13.560606,100.748485,137.3109547751983
13.560606,100.754545,177.6529439647256
13.560606,100.760606,187.889961794434
13.560606,100.766667,374.0050418314786
13.560606,100.772727,211.56090231417244
13.560606,100.778788,83.97229459684118
13.560606,100.784848,15.882633422103837
13.560606,100.790909,344.1927317644645
13.560606,100.79697,306.72702326453964
13.560606,100.80303,64.90132524800073
13.560606,100.809091,48.073133103275076
13.560606,100.815152,65.70119980269767
13.560606,100.821212,148.09303561492874
13.560606,100.827273,374.70603907828126
13.560606,100.833333,100.07091509226039
13.560606,100.839394,507.05033021226404
13.560606,100.845455,580.4144408426553
13.560606,100.851515,113.61457994647472
13.560606,100.857576,310.69620858962776
13.560606,100.863636,48.753454088632644
13.560606,100.869697,288.6525642351582
13.560606,100.875758,228.16943252326507
13.560606,100.881818,491.19229221314777
13.560606,100.887879,200.44599104855183
13.560606,100.893939,90.85289237418283
13.560606,100.9,326.9915902684441
13.565657,100.3,149.54026466421956
13.565657,100.306061,38.633926358593556
13.565657,100.312121,350.19842733081714
13.565657,100.318182,119.95577500021588
13.565657,100.324242,302.6644751924501
13.565657,100.330303,552.33772833902
13.565657,100.336364,519.5730005656583
13.565657,100.342424,191.26009195334015
13.565657,100.348485,12.533999259214527
13.565657,100.354545,44.31138010057072
13.565657,100.360606,467.8474960507788
13.565657,100.366667,934.3508538752884
13.565657,100.372727,518.6139559369983
13.565657,100.378788,113.33409326128341
13.565657,100.384848,223.0192684164021
13.565657,100.390909,23.207083073247063
13.565657,100.39697,393.2078038443134
13.565657,100.40303,175.20771113041152
13.565657,100.409091,35.11534833544139
13.565657,100.415152,309.1134870474911
13.565657,100.421212,295.18389644676785
13.565657,100.427273,8.021994483197096
13.565657,100.433333,103.7360642449627
13.565657,100.439394,234.0957514726708
13.565657,100.445455,21.780593665658245
13.565657,100.451515,424.7451540692481
13.565657,100.457576,343.3707912102489
13.565657,100.463636,344.59390385383887
13.565657,100.469697,71.27031032513668
13.565657,100.475758,128.1731175632193
13.565657,100.481818,351.6770129604565
13.565657,100.487879,245.79542766907215
13.565657,100.493939,308.07016369692013
13.565657,100.5,459.49026604189214
13.565657,100.506061,215.23854276640708
13.565657,100.512121,180.53734965973146
13.565657,100.518182,141.00213763185386
13.565657,100.524242,136.9513353294392
13.565657,100.530303,330.30184960006756
13.565657,100.536364,216.10719299004631
13.565657,100.542424,160.98739311711796
13.565657,100.548485,309.21956256544036
13.565657,100.554545,61.38423525713579
13.565657,100.560606,41.517927854523535
13.565657,100.566667,86.59865567410282
13.565657,100.572727,29.111363415637047
13.565657,100.578788,90.95766532961981
13.565657,100.584848,25.500552309952706
13.565657,100.590909,28.55008177798148
13.565657,100.59697,25.501198623000686
13.565657,100.60303,294.21463654032203
13.565657,100.609091,8.5375981156877
13.565657,100.615152,158.03805572230883
13.565657,100.621212,335.9359185185233
13.565657,100.627273,390.3628525034296
13.565657,100.633333,438.45613487422384
13.565657,100.639394,171.56909149853777
13.565657,100.645455,79.23038632233218
13.565657,100.651515,179.8358131049806
13.565657,100.657576,445.7256764584816
13.565657,100.663636,203.626434760633
13.565657,100.669697,284.2294881344604
13.565657,100.675758,164.02577565792717
13.565657,100.681818,467.18623038817935
13.565657,100.687879,279.23432867630953
13.565657,100.693939,52.881917771725114
13.565657,100.7,236.936212143886
13.565657,100.706061,54.77462111267248
13.565657,100.712121,132.3786333315854
13.565657,100.718182,97.42693901994018
13.565657,100.724242,451.63034156625514
13.565657,100.730303,125.59471737750084
13.565657,100.736364,46.20249531984343
13.565657,100.742424,309.75194209939735
13.565657,100.748485,313.5261833363189
13.565657,100.754545,149.24610790734206
13.565657,100.760606,162.6620288415645
13.565657,100.766667,248.39707830999333
13.565657,100.772727,279.5320531725662
13.565657,100.778788,60.27888470515338
13.565657,100.784848,57.09495255492994
13.565657,100.790909,350.69676266225434
13.565657,100.79697,27.993494117018834
13.565657,100.80303,246.44919691241498
13.565657,100.809091,65.88337152783251
13.565657,100.815152,579.4887564467585
13.565657,100.821212,625.0384814447581
13.565657,100.827273,536.609499918328
13.565657,100.833333,34.960685362010956
13.565657,100.839394,156.1569883643815
13.565657,100.845455,303.68458297926225
13.565657,100.851515,171.15420314648662
13.565657,100.857576,346.72049120901573
13.565657,100.863636,233.84501663704165
13.565657,100.869697,610.5050170070117
13.565657,100.875758,55.25209045000346
13.565657,100.881818,548.8095022591358
13.565657,100.887879,107.98996219406334
13.565657,100.893939,64.40532482859219
13.565657,100.9,360.6815649111455
13.570707,100.3,380.0730682140859
13.570707,100.306061,366.7509362798178
13.570707,100.312121,408.037680156688
13.570707,100.318182,466.207978187754
13.570707,100.324242,281.4301624271732
13.570707,100.330303,391.688423101086
13.570707,100.336364,32.5923383435225
13.570707,100.342424,242.8071778869102
13.570707,100.348485,184.65827265813758
13.570707,100.354545,378.7186744568708
13.570707,100.360606,838.4352568073928
13.570707,100.366667,808.7059811493424
13.570707,100.372727,291.614265078811
13.570707,100.378788,309.48633618952255
13.570707,100.384848,400.27249738779113
13.570707,100.390909,49.359694715504475
13.570707,100.39697,112.04696378881692
13.570707,100.40303,224.3507233548902
13.570707,100.409091,182.33245831934408
13.570707,100.415152,111.92202539938111
13.570707,100.421212,219.00977750519746
13.570707,100.427273,192.72777364133464
13.570707,100.433333,196.2587653884036
13.570707,100.439394,61.96732864658276
13.570707,100.445455,32.12506961161435
13.570707,100.451515,605.4075004052297
13.570707,100.457576,539.4202096635146
13.570707,100.463636,535.6250216710786
13.570707,100.469697,59.57766736588194
13.570707,100.475758,16.32916042493804
13.570707,100.481818,210.86145570672724
13.570707,100.487879,215.17936699045012
13.570707,100.493939,615.7966954335411
13.570707,100.5,186.01117854132676
13.570707,100.506061,490.70232107675406
13.570707,100.512121,560.573469105525
13.570707,100.518182,149.1175175253378
13.570707,100.524242,31.562557460055046
13.570707,100.530303,194.69021656815207
13.570707,100.536364,284.6682616745441
13.570707,100.542424,546.0804970274868
13.570707,100.548485,397.2168465268914
13.570707,100.554545,209.9051348693832
13.570707,100.560606,426.50266890186936
13.570707,100.566667,202.3549389553606
13.570707,100.572727,390.5981167878567
13.570707,100.578788,185.3932253627502
13.570707,100.584848,491.8180896781328
13.570707,100.590909,287.4639630069839
13.570707,100.59697,298.7796044615608
13.570707,100.60303,37.49923378588706
13.570707,100.609091,246.30301857591334
13.570707,100.615152,24.914761453273545
13.570707,100.621212,222.6090522811603
13.570707,100.627273,236.25938956496273
13.570707,100.633333,649.3650456441961
13.570707,100.639394,44.648847808412405
13.570707,100.645455,479.8391541220856
13.570707,100.651515,683.0541322250288
13.570707,100.657576,358.9496792586039
13.570707,100.663636,286.01256267419143
13.570707,100.669697,502.0839842195067
13.570707,100.675758,116.45554664566853
13.570707,100.681818,550.4949422444275
13.570707,100.687879,648.7673658974861
13.570707,100.693939,143.04254631883086
13.570707,100.7,100.06441423599374
13.570707,100.706061,64.22880484629702
13.570707,100.712121,158.8045224999855
13.570707,100.718182,79.90520521490289
13.570707,100.724242,367.80675246254776
13.570707,100.730303,238.42435583365375
13.570707,100.736364,70.10254829742051
13.570707,100.742424,80.29528576550132
13.570707,100.748485,533.6325754250634
13.570707,100.754545,539.2276021901664
13.570707,100.760606,207.0534793213215
13.570707,100.766667,114.00202283332536
13.570707,100.772727,287.6174290661867
13.570707,100.778788,148.29003677556867
13.570707,100.784848,117.50242585712822
13.570707,100.790909,206.06394955310532
13.570707,100.79697,99.86512794793657
13.570707,100.80303,592.0413475908374
13.570707,100.809091,59.44758580746628
13.570707,100.815152,616.5341774675989
13.570707,100.821212,138.66394193835075
13.570707,100.827273,101.74145464259321
13.570707,100.833333,94.77207131763618
13.570707,100.839394,264.05888343822403
13.570707,100.845455,236.00271859904927
13.570707,100.851515,228.08547377560856
13.570707,100.857576,118.08723860523756
13.570707,100.863636,57.964613683507494
13.570707,100.869697,186.28028991673077
13.570707,100.875758,161.1281554418838
13.570707,100.881818,103.46798054880632
13.570707,100.887879,50.771982965778484
13.570707,100.893939,298.71018342617435
13.570707,100.9,76.53113581173119
13.575758,100.3,560.0819618426484
13.575758,100.306061,903.8865303867385
13.575758,100.312121,913.3228787901187
13.575758,100.318182,797.1990075170097
13.575758,100.324242,297.20187352347233
13.575758,100.330303,671.8889907598137
13.575758,100.336364,545.083880041257
13.575758,100.342424,194.52235112553157
13.575758,100.348485,62.09506034829942
13.575758,100.354545,199.1744271497068
13.575758,100.360606,426.65835455305603
13.575758,100.366667,356.6829358951895
13.575758,100.372727,101.37540735709719
13.575758,100.378788,293.16378730223994
13.575758,100.384848,153.0306290247825
13.575758,100.390909,222.34394158994962
13.575758,100.39697,140.00637448053718
13.575758,100.40303,292.2256186748597
13.575758,100.409091,137.84643047946298
13.575758,100.415152,107.32401093155111
13.575758,100.421212,44.1246207813789
13.575758,100.427273,162.32182208009513
13.575758,100.433333,62.18078218097444
13.575758,100.439394,19.673066171575552
13.575758,100.445455,78.5382047239249
13.575758,100.451515,151.37637674566494
13.575758,100.457576,75.1454073175951
13.575758,100.463636,20.960007039756793
13.575758,100.469697,94.80759469390142
13.575758,100.475758,269.67725109953034
13.575758,100.481818,36.52297912228651
13.575758,100.487879,373.22503762197016
13.575758,100.493939,347.9918898730905
13.575758,100.5,79.3681068382144
13.575758,100.506061,39.46900011605721
13.575758,100.512121,177.59524669286873
13.575758,100.518182,44.53630648025165
13.575758,100.524242,184.74931244365803
13.575758,100.530303,153.7329345090473
13.575758,100.536364,217.83747943023786
13.575758,100.542424,269.984789817344
13.575758,100.548485,233.06101660675975
13.575758,100.554545,73.76649933519708
13.575758,100.560606,138.30956345457633
13.575758,100.566667,92.09075695088647
13.575758,100.572727,366.31547832033317
13.575758,100.578788,127.2602031193044
13.575758,100.584848,340.6585351175453
13.575758,100.590909,64.39996602459433
13.575758,100.59697,64.94025446380002
13.575758,100.60303,16.89881966137881
13.575758,100.609091,367.34230704689753
13.575758,100.615152,9.699965150379255
13.575758,100.621212,332.7275070615888
13.575758,100.627273,27.565646327972193
13.575758,100.633333,647.1293308726963
13.575758,100.639394,193.15642092084076
13.575758,100.645455,372.82774773430265
13.575758,100.651515,275.7193834653365
13.575758,100.657576,81.88811866068434
13.575758,100.663636,84.8330309380706
13.575758,100.669697,42.23525398179638
13.575758,100.675758,60.77915823775137
13.575758,100.681818,134.60984573511402
13.575758,100.687879,112.08105810087747
13.575758,100.693939,18.24943629292944
13.575758,100.7,64.13880592577276
13.575758,100.706061,8.73311608071498
13.575758,100.712121,670.0795385556873
13.575758,100.718182,62.89502075523703
13.575758,100.724242,563.7999515128938
13.575758,100.730303,111.50354505279317
13.575758,100.736364,78.45774370209763
13.575758,100.742424,168.47267696058753
13.575758,100.748485,538.6264916926988
13.575758,100.754545,206.8537187050412
13.575758,100.760606,159.53343459740387
13.575758,100.766667,28.17509419918824
13.575758,100.772727,313.08376536522246
13.575758,100.778788,58.74753084156096
13.575758,100.784848,303.01454498364706
13.575758,100.790909,66.76111361778425
13.575758,100.79697,99.153879436558
13.575758,100.80303,418.97054667383014
13.575758,100.809091,103.0929207023699
13.575758,100.815152,334.5926381065733
13.575758,100.821212,161.4627880216573
13.575758,100.827273,69.43481018670394
13.575758,100.833333,102.4127138514966
13.575758,100.839394,170.60881736459265
13.575758,100.845455,43.918962377274084
13.575758,100.851515,17.319191930995707
13.575758,100.857576,94.20388158507352
13.575758,100.863636,161.41357659984683
13.575758,100.869697,27.453547825133608
13.575758,100.875758,25.290671708414624
13.575758,100.881818,57.489774927444344
13.575758,100.887879,90.41261003552772
13.575758,100.893939,270.46609804904637
13.575758,100.9,379.21903589956656
13.580808,100.3,671.8773622517278
13.580808,100.306061,965.1693755450416
13.580808,100.312121,1099.496139672072
13.580808,100.318182,1129.9443665706399
13.580808,100.324242,854.15277766011
13.580808,100.330303,437.7619108616522
13.580808,100.336364,259.0176051031167
13.580808,100.342424,8.705337880510877
13.580808,100.348485,395.9998118476792
13.580808,100.354545,363.90377797225733
13.580808,100.360606,118.6743425269966
13.580808,100.366667,143.1633563906482
13.580808,100.372727,182.27268050044856
13.580808,100.378788,183.589722266954
13.580808,100.384848,24.708010030515748
13.580808,100.390909,233.12680672488005
13.580808,100.39697,195.26162970667727
13.580808,100.40303,95.67089757714176
13.580808,100.409091,386.9801942853523
13.580808,100.415152,225.32128554545608
13.580808,100.421212,289.8457329141765
13.580808,100.427273,72.1601278838849
13.580808,100.433333,56.93514698278402
13.580808,100.439394,485.7695763656938
13.580808,100.445455,9.023136659487387
13.580808,100.451515,250.6289424830101
13.580808,100.457576,253.84592775624313
13.580808,100.463636,209.97346187873464
13.580808,100.469697,20.057380458951265
13.580808,100.475758,35.565994374978864
13.580808,100.481818,199.23465395369527
13.580808,100.487879,125.90901095605274
13.580808,100.493939,34.87166830737427
13.580808,100.5,157.2992460131717
13.580808,100.506061,164.5669558063315
13.580808,100.512121,356.1066168531479
13.580808,100.518182,146.72078408992394
13.580808,100.524242,16.186318456980164
13.580808,100.530303,181.41948816835486
13.580808,100.536364,206.25454976366774
13.580808,100.542424,122.02445119523202
13.580808,100.548485,101.60194878077094
13.580808,100.554545,208.76487131241296
13.580808,100.560606,151.27703026663283
13.580808,100.566667,5.4958380720755
13.580808,100.572727,572.7363134432634
13.580808,100.578788,450.18479768760534
13.580808,100.584848,120.50508055051502
13.580808,100.590909,461.5406793379433
13.580808,100.59697,226.8798281926391
13.580808,100.60303,102.60864464148298
13.580808,100.609091,6.946599912942494
13.580808,100.615152,332.25804243955383
13.580808,100.621212,694.6608783306762
13.580808,100.627273,22.149393298706475
13.580808,100.633333,238.6901385643892
13.580808,100.639394,49.39242432834128
13.580808,100.645455,157.87552361804046
13.580808,100.651515,91.73538696461901
13.580808,100.657576,123.25405144942533
13.580808,100.663636,318.1991304571107
13.580808,100.669697,74.09946376300375
13.580808,100.675758,131.56758780758622
13.580808,100.681818,52.91610573144049
13.580808,100.687879,326.16923921054854
13.580808,100.693939,337.74323331043877
13.580808,100.7,128.98677270017166
13.580808,100.706061,31.09325628036598
13.580808,100.712121,601.6770035198294
13.580808,100.718182,124.77724726730222
13.580808,100.724242,420.10163012261046
13.580808,100.730303,256.78831864334506
13.580808,100.736364,57.834675172551634
13.580808,100.742424,152.4504737528635
13.580808,100.748485,183.47160132852255
13.580808,100.754545,73.4374631373451
13.580808,100.760606,232.61630277164255
13.580808,100.766667,146.949814821075
13.580808,100.772727,393.25362519247193
13.580808,100.778788,70.80852391998928
13.580808,100.784848,431.8567617057293
13.580808,100.790909,90.32405538948717
13.580808,100.79697,116.45989238652861
13.580808,100.80303,238.38154733454635
13.580808,100.809091,73.12012911409887
13.580808,100.815152,30.636966922313274
13.580808,100.821212,259.8653662742332
13.580808,100.827273,7.930305852736075
13.580808,100.833333,174.78922091862714
13.580808,100.839394,166.09321379517277
13.580808,100.845455,464.839983293802
13.580808,100.851515,100.92961001967689
13.580808,100.857576,531.1706580360802
13.580808,100.863636,588.7719249432888
13.580808,100.869697,23.737613794420035
13.580808,100.875758,160.89976111834767
13.580808,100.881818,183.592645629903
13.580808,100.887879,121.67921954598145
13.580808,100.893939,112.9526387825202
13.580808,100.9,646.911484263695
13.585859,100.3,378.0592226004694
13.585859,100.306061,403.8734032636463
13.585859,100.312121,657.4411618294176
13.585859,100.318182,1257.582328965564
13.585859,100.324242,1167.4816411528464
13.585859,100.330303,633.811776649303
13.585859,100.336364,115.7999011075195
13.585859,100.342424,251.84450768950916
13.585859,100.348485,196.35327482897503
13.585859,100.354545,349.18384554170206
13.585859,100.360606,299.87577250337955
13.585859,100.366667,355.96727384034494
13.585859,100.372727,167.34874518045194
13.585859,100.378788,197.6417552803766
13.585859,100.384848,29.15908566298539
13.585859,100.390909,244.99048669290613
13.585859,100.39697,42.43048359349701
13.585859,100.40303,90.18632241436018
13.585859,100.409091,58.97487863061811
13.585859,100.415152,188.89374079064967
13.585859,100.421212,202.0318060087011
13.585859,100.427273,69.71108074440588
13.585859,100.433333,167.46884382528128
13.585859,100.439394,48.90283545536383
13.585859,100.445455,114.14190269534427
13.585859,100.451515,215.0520575409235
13.585859,100.457576,45.42386921731953
13.585859,100.463636,142.607540387669
13.585859,100.469697,115.96370892563279
13.585859,100.475758,29.392023894814947
13.585859,100.481818,62.50562587612612
13.585859,100.487879,74.1552262222932
13.585859,100.493939,157.56275781690118
13.585859,100.5,88.83395496017461
13.585859,100.506061,129.1148857916081
13.585859,100.512121,421.8799351620377
13.585859,100.518182,492.18103658226363
13.585859,100.524242,62.86840044537875
13.585859,100.530303,356.39272985615753
13.585859,100.536364,74.13852244716095
13.585859,100.542424,117.58099842277034
13.585859,100.548485,5.756546533492603
13.585859,100.554545,76.24256739191466
13.585859,100.560606,139.3096899734056
13.585859,100.566667,262.5315910926519
13.585859,100.572727,352.56223297394996
13.585859,100.578788,247.87497391800926
13.585859,100.584848,281.18772445602974
13.585859,100.590909,295.3098153855784
13.585859,100.59697,333.9029788832552
13.585859,100.60303,3.948158052355929
13.585859,100.609091,180.44408249122426
13.585859,100.615152,490.3278122247653
13.585859,100.621212,254.1641645798948
13.585859,100.627273,38.39659341675699
13.585859,100.633333,153.2218023533667
13.585859,100.639394,49.11987904578413
13.585859,100.645455,84.90691730240674
13.585859,100.651515,96.58772031606401
13.585859,100.657576,1.6091805601920761
13.585859,100.663636,9.804416969744437
13.585859,100.669697,69.68564069577465
13.585859,100.675758,116.52282786321877
13.585859,100.681818,134.6170648629302
13.585859,100.687879,86.71141332736526
13.585859,100.693939,72.57058721023924
13.585859,100.7,156.63438188132574
13.585859,100.706061,301.31254874243797
13.585859,100.712121,459.8290940216385
13.585859,100.718182,147.16773455953086
13.585859,100.724242,399.60965061593254
13.585859,100.730303,191.08020410470226
13.585859,100.736364,146.9433394700445
13.585859,100.742424,558.8100754155995
13.585859,100.748485,78.07161998045382
13.585859,100.754545,528.0299066684931
13.585859,100.760606,115.71387960008968
13.585859,100.766667,391.27442154445765
13.585859,100.772727,236.2536888125793
13.585859,100.778788,197.39421387550448
13.585859,100.784848,301.89373416753375
13.585859,100.790909,148.1096414377328
13.585859,100.79697,292.2155226735644
13.585859,100.80303,51.1181488484181
13.585859,100.809091,73.92906781150276
13.585859,100.815152,229.3276282824027
13.585859,100.821212,445.7958787853465
13.585859,100.827273,19.388045490873452
13.585859,100.833333,219.6297517099134
13.585859,100.839394,221.34530901638365
13.585859,100.845455,396.7655260745372
13.585859,100.851515,144.27737027092624
13.585859,100.857576,479.1591257525152
13.585859,100.863636,223.505427875757
13.585859,100.869697,94.42587682231387
13.585859,100.875758,101.92810442820503
13.585859,100.881818,88.19951111123399
13.585859,100.887879,154.71400218455972
13.585859,100.893939,220.93233253289864
13.585859,100.9,409.02302161694837
13.590909,100.3,184.11129016294655
13.590909,100.306061,161.2818243978606
13.590909,100.312121,476.4877448209451
13.590909,100.318182,771.7162807360526
13.590909,100.324242,716.6297077931872
13.590909,100.330303,299.66507682285635
13.590909,100.336364,233.8690561935815
13.590909,100.342424,338.6349719576739
13.590909,100.348485,18.216557997523253
13.590909,100.354545,522.8840627667407
13.590909,100.360606,271.78303238762254
13.590909,100.366667,403.58325517924334
13.590909,100.372727,688.8618737393202
13.590909,100.378788,214.828380866665
13.590909,100.384848,96.56046568781109
13.590909,100.390909,114.2688304636335
13.590909,100.39697,202.93578752246017
13.590909,100.40303,116.16270643367965
13.590909,100.409091,87.65130741133258
13.590909,100.415152,180.05219214919023
13.590909,100.421212,85.74200555834746
13.590909,100.427273,96.957310805986
13.590909,100.433333,302.52411761055737
13.590909,100.439394,341.3711656527838
13.590909,100.445455,318.0050827135986
13.590909,100.451515,246.2684647374902
13.590909,100.457576,199.7295513816543
13.590909,100.463636,137.46656375048858
13.590909,100.469697,52.026072214519104
13.590909,100.475758,137.30303296222823
13.590909,100.481818,14.710490481241084
13.590909,100.487879,102.71267713077653
13.590909,100.493939,221.75863069417338
13.590909,100.5,152.28035705960716
13.590909,100.506061,96.10302472157113
13.590909,100.512121,74.44810369088013
13.590909,100.518182,60.395650097993546
13.590909,100.524242,255.9513252022174
13.590909,100.530303,114.79746151447942
13.590909,100.536364,182.87003305219423
13.590909,100.542424,165.8668377295512
13.590909,100.548485,204.4218032791149
13.590909,100.554545,29.32900910164224
13.590909,100.560606,71.21467200340877
13.590909,100.566667,420.8016070744709
13.590909,100.572727,30.437782833556785
13.590909,100.578788,222.59885065542434
13.590909,100.584848,225.11623578145148
13.590909,100.590909,59.92487536354486
13.590909,100.59697,94.21972562399348
13.590909,100.60303,116.25378701574932
13.590909,100.609091,124.3788168835176
13.590909,100.615152,37.87180678047126
13.590909,100.621212,19.37097549113883
13.590909,100.627273,9.046892228204882
13.590909,100.633333,28.13785810602584
13.590909,100.639394,4.5768632830756095
13.590909,100.645455,162.72392672257288
13.590909,100.651515,393.9965322876743
13.590909,100.657576,128.06405544761128
13.590909,100.663636,398.61389247653716
13.590909,100.669697,130.88755700385607
13.590909,100.675758,15.459939485492233
13.590909,100.681818,512.3156932465687
13.590909,100.687879,412.83373338654604
13.590909,100.693939,81.02175808282242
13.590909,100.7,191.26851182604554
13.590909,100.706061,262.9896971871311
13.590909,100.712121,346.07910015514085
13.590909,100.718182,163.7215227068814
13.590909,100.724242,349.54395783090206
13.590909,100.730303,203.868777737869
13.590909,100.736364,291.9398453837288
13.590909,100.742424,311.2765496672704
13.590909,100.748485,73.23558110368401
13.590909,100.754545,675.4903340264566
13.590909,100.760606,100.55179685211583
13.590909,100.766667,356.56779081438117
13.590909,100.772727,73.4272871611304
13.590909,100.778788,443.9196249578993
13.590909,100.784848,119.50580907109988
13.590909,100.790909,76.17953028794452
13.590909,100.79697,51.98495253433465
13.590909,100.80303,212.77160015819945
13.590909,100.809091,26.36866285330108
13.590909,100.815152,290.4786556478258
13.590909,100.821212,358.994735605629
13.590909,100.827273,57.759163766587186
13.590909,100.833333,169.26722581388478
13.590909,100.839394,301.9620352856835
13.590909,100.845455,340.88692006995115
13.590909,100.851515,142.4536530197813
13.590909,100.857576,27.56182713439695
13.590909,100.863636,265.85797025632087
13.590909,100.869697,480.80252141546094
13.590909,100.875758,462.50803849843714
13.590909,100.881818,118.67264671069522
13.590909,100.887879,177.8375134099377
13.590909,100.893939,473.3848042378256
13.590909,100.9,189.85223435698023
13.59596,100.3,327.1410326967237
13.59596,100.306061,284.02320862783074
13.59596,100.312121,246.19478549953192
13.59596,100.318182,210.139103968989
13.59596,100.324242,168.53916380066613
13.59596,100.330303,50.38612884313688
13.59596,100.336364,276.9884473222294
13.59596,100.342424,353.964683106388
13.59596,100.348485,114.98480385857815
13.59596,100.354545,609.6856714868799
13.59596,100.360606,248.684024776383
13.59596,100.366667,426.86422564131914
13.59596,100.372727,670.1143577513338
13.59596,100.378788,39.276109752202906
13.59596,100.384848,138.19657606786512
13.59596,100.390909,43.646537757893086
13.59596,100.39697,119.74338834499831
13.59596,100.40303,0.09511184918426782
13.59596,100.409091,81.62474989800988
13.59596,100.415152,52.03016417545686
13.59596,100.421212,195.3940268791491
13.59596,100.427273,223.91109795281528
13.59596,100.433333,260.7647564479482
13.59596,100.439394,281.5307689535576
13.59596,100.445455,227.0402162209123
13.59596,100.451515,54.39381352816127
13.59596,100.457576,370.8929230236228
13.59596,100.463636,375.21570292376845
13.59596,100.469697,109.15700500859829
13.59596,100.475758,80.21551507638279
13.59596,100.481818,85.35590848138492
13.59596,100.487879,117.48893374550092
13.59596,100.493939,33.890459423840795
13.59596,100.5,26.979347640294638
13.59596,100.506061,39.55423142289045
13.59596,100.512121,78.21016648217072
13.59596,100.518182,250.0790978223578
13.59596,100.524242,334.32133940957306
13.59596,100.530303,291.6213911872367
13.59596,100.536364,119.89492167358742
13.59596,100.542424,54.421254678097235
13.59596,100.548485,76.1098348758204
13.59596,100.554545,356.78872852619014
13.59596,100.560606,151.98528772676738
13.59596,100.566667,427.0012626739485
13.59596,100.572727,396.4992456465492
13.59596,100.578788,137.31283419210808
13.59596,100.584848,105.97026229471784
13.59596,100.590909,171.48665198964315
13.59596,100.59697,192.42680308010554
13.59596,100.60303,389.6277040631184
13.59596,100.609091,212.37312436481525
13.59596,100.615152,251.15905140602243
13.59596,100.621212,258.3535751392838
13.59596,100.627273,153.08359295394752
13.59596,100.633333,158.91069705069944
13.59596,100.639394,145.17287679307844
13.59596,100.645455,260.216473827236
13.59596,100.651515,106.71715416158128
13.59596,100.657576,16.46531557310715
13.59596,100.663636,178.86190958998017
13.59596,100.669697,252.1354208841294
13.59596,100.675758,38.7950199997472
13.59596,100.681818,25.333548569678744
13.59596,100.687879,108.53616766601363
13.59596,100.693939,51.619247247088914
13.59596,100.7,153.6573505332396
13.59596,100.706061,301.4269638735634
13.59596,100.712121,225.217382015977
13.59596,100.718182,102.6829305262581
13.59596,100.724242,140.57092772308656
13.59596,100.730303,506.2392991793196
13.59596,100.736364,502.15951403044033
13.59596,100.742424,166.87078348132167
13.59596,100.748485,65.7129088361481
13.59596,100.754545,307.9988122584415
13.59596,100.760606,169.2735104541199
13.59596,100.766667,70.78100012587261
13.59596,100.772727,80.17133161131588
13.59596,100.778788,71.79977505477557
13.59596,100.784848,233.5002477536371
13.59596,100.790909,349.2133949920357
13.59596,100.79697,131.76382289342084
13.59596,100.80303,464.7013041170528
13.59596,100.809091,237.8552326467188
13.59596,100.815152,49.846725608005926
13.59596,100.821212,208.79203563844567
13.59596,100.827273,56.35042810358457
13.59596,100.833333,215.08457514132877
13.59596,100.839394,19.1346678321783
13.59596,100.845455,512.8510918798993
13.59596,100.851515,81.53174227194052
13.59596,100.857576,586.5531404505767
13.59596,100.863636,52.55960803053494
13.59596,100.869697,419.0681579389074
13.59596,100.875758,580.5450156743451
13.59596,100.881818,105.1386519883799
13.59596,100.887879,319.04083630046966
13.59596,100.893939,195.50565928042167
13.59596,100.9,184.53948459165173
13.60101,100.3,113.68781766209086
13.60101,100.306061,279.06648098000153
13.60101,100.312121,317.1169313255844
13.60101,100.318182,352.4893408694935
13.60101,100.324242,189.45217079049976
13.60101,100.330303,500.42605466862994
13.60101,100.336364,90.50319354670496
13.60101,100.342424,506.8877461293572
13.60101,100.348485,656.0636101505593
13.60101,100.354545,202.0568252852711
13.60101,100.360606,49.07129672421596
13.60101,100.366667,569.3420476238151
13.60101,100.372727,627.0574868271792
13.60101,100.378788,40.07966028182359
13.60101,100.384848,454.1899868872815
13.60101,100.390909,385.4401464753162
13.60101,100.39697,25.371312874501783
13.60101,100.40303,142.0149711486757
13.60101,100.409091,59.47948023537229
13.60101,100.415152,200.60032338340682
13.60101,100.421212,181.89550961430754
13.60101,100.427273,16.567954221629396
13.60101,100.433333,276.33342810993184
13.60101,100.439394,469.2526618795966
13.60101,100.445455,558.1328036531893
13.60101,100.451515,88.94406557860178
13.60101,100.457576,377.4651562303333
13.60101,100.463636,245.3033680735696
13.60101,100.469697,28.12928645595355
13.60101,100.475758,103.17083309068359
13.60101,100.481818,188.3234706923484
13.60101,100.487879,26.14954189955595
13.60101,100.493939,139.68553764394628
13.60101,100.5,143.91212629755202
13.60101,100.506061,219.50459860382384
13.60101,100.512121,77.34870639335395
13.60101,100.518182,348.7208004830554
13.60101,100.524242,129.83759416525936
13.60101,100.530303,58.15511610383691
13.60101,100.536364,394.88555383810615
13.60101,100.542424,119.57981446168547
13.60101,100.548485,167.22495735583234
13.60101,100.554545,593.6947759586751
13.60101,100.560606,94.13879316586885
13.60101,100.566667,526.4346585788959
13.60101,100.572727,463.8651511345879
13.60101,100.578788,121.0955824686824
13.60101,100.584848,403.6110306924965
13.60101,100.590909,194.4994572091263
13.60101,100.59697,210.44241512854816
13.60101,100.60303,573.566194366974
13.60101,100.609091,619.9749137404339
13.60101,100.615152,40.010961712009106
13.60101,100.621212,239.20758674418576
13.60101,100.627273,128.11669069847835
13.60101,100.633333,32.36738834497598
13.60101,100.639394,396.8057732607837
13.60101,100.645455,164.82677401762848
13.60101,100.651515,138.86045198503757
13.60101,100.657576,530.3502137097227
13.60101,100.663636,375.29545792950785
13.60101,100.669697,103.3642209027528
13.60101,100.675758,414.74099953062597
13.60101,100.681818,82.42419364321405
13.60101,100.687879,251.33443196611705
13.60101,100.693939,110.42636350823344
13.60101,100.7,112.24276584229462
13.60101,100.706061,396.5058973546307
13.60101,100.712121,259.6834748345331
13.60101,100.718182,226.6659012701807
13.60101,100.724242,176.583453137218
13.60101,100.730303,107.09427535045067
13.60101,100.736364,29.71847265736928
13.60101,100.742424,64.23872396056026
13.60101,100.748485,40.64732236267036
13.60101,100.754545,166.42829838035146
13.60101,100.760606,119.9458102133679
13.60101,100.766667,128.92903913849491
13.60101,100.772727,102.10278956450304
13.60101,100.778788,157.042793326925
13.60101,100.784848,305.1815807974195
13.60101,100.790909,297.7992369868656
13.60101,100.79697,27.184264225403904
13.60101,100.80303,446.3977117690273
13.60101,100.809091,276.12668578291664
13.60101,100.815152,32.5984573518254
13.60101,100.821212,124.60763705171449
13.60101,100.827273,222.6205543292649
13.60101,100.833333,303.3887243601634
13.60101,100.839394,135.77439735081555
13.60101,100.845455,436.00317420105034
13.60101,100.851515,171.6603157742111
13.60101,100.857576,386.7780207306367
13.60101,100.863636,127.33673744336764
13.60101,100.869697,122.90615553414393
13.60101,100.875758,421.16647324694344
13.60101,100.881818,29.211526146610815
13.60101,100.887879,54.00439315580816
13.60101,100.893939,216.95789158810672
13.60101,100.9,72.89681382237005
13.606061,100.3,16.400492669686006
13.606061,100.306061,648.6380411446469
13.606061,100.312121,395.0653561734022
13.606061,100.318182,793.9318003849658
13.606061,100.324242,119.44461704660264
13.606061,100.330303,233.0184544618961
13.606061,100.336364,237.21195699902373
13.606061,100.342424,193.3673875952907
13.606061,100.348485,805.8487871450506
13.606061,100.354545,464.6599963206167
13.606061,100.360606,174.39806317959452
13.606061,100.366667,420.9155612266056
13.606061,100.372727,494.64020769109345
13.606061,100.378788,189.0670946617442
13.606061,100.384848,543.7033070866647
13.606061,100.390909,41.72975825204399
13.606061,100.39697,332.4441016450589
13.606061,100.40303,136.59723350094637
13.606061,100.409091,219.50523965026628
13.606061,100.415152,123.89555580057485
13.606061,100.421212,195.8887310947295
13.606061,100.427273,396.43845264497793
13.606061,100.433333,271.5807677022822
13.606061,100.439394,24.14276480287727
13.606061,100.445455,73.99253077963014
13.606061,100.451515,135.69855947104404
13.606061,100.457576,159.6671902760864
13.606061,100.463636,16.691319463760266
13.606061,100.469697,94.8703975443559
13.606061,100.475758,97.45080854032618
13.606061,100.481818,254.4223531594906
13.606061,100.487879,148.83267061788175
13.606061,100.493939,298.1991975513775
13.606061,100.5,25.959826386624325
13.606061,100.506061,54.68268876512357
13.606061,100.512121,132.24175988138384
13.606061,100.518182,181.12638596951857
13.606061,100.524242,39.54702028136444
13.606061,100.530303,360.3430721318484
13.606061,100.536364,48.706459013841986
13.606061,100.542424,294.87913943355596
13.606061,100.548485,52.18746187979094
13.606061,100.554545,484.78322264288124
13.606061,100.560606,147.64033514972454
13.606061,100.566667,340.41044881128465
13.606061,100.572727,396.8301198464016
13.606061,100.578788,184.7031024154797
13.606061,100.584848,453.48476112079896
13.606061,100.590909,102.56314920141652
13.606061,100.59697,226.05451553860303
13.606061,100.60303,105.05974020335661
13.606061,100.609091,520.6216656781728
13.606061,100.615152,552.4861304620373
13.606061,100.621212,123.480257211702
13.606061,100.627273,205.18221591609444
13.606061,100.633333,162.64934457629357
13.606061,100.639394,101.59120165094185
13.606061,100.645455,307.94825038658223
13.606061,100.651515,303.6075680728453
13.606061,100.657576,384.6868319853942
13.606061,100.663636,241.73628079910517
13.606061,100.669697,167.01769611823448
13.606061,100.675758,742.4617002921843
13.606061,100.681818,389.05490789529716
13.606061,100.687879,163.32164467792316
13.606061,100.693939,222.34318583523824
13.606061,100.7,32.71219790051305
13.606061,100.706061,73.3205425803095
13.606061,100.712121,194.4998439462722
13.606061,100.718182,342.2741776948785
13.606061,100.724242,46.03787825055782
13.606061,100.730303,456.3558567848828
13.606061,100.736364,73.78776314991508
13.606061,100.742424,76.70072163617216
13.606061,100.748485,174.45182346153535
13.606061,100.754545,99.94789499499393
13.606061,100.760606,84.39105177191618
13.606061,100.766667,55.75279136341229
13.606061,100.772727,64.17108192711521
13.606061,100.778788,404.1073122225287
13.606061,100.784848,186.15025496297417
13.606061,100.790909,149.63483841458253
13.606061,100.79697,360.9080489984661
13.606061,100.80303,314.2119639237145
13.606061,100.809091,227.39785310543553
13.606061,100.815152,259.1804071991331
13.606061,100.821212,104.12912846100794
13.606061,100.827273,355.56998549217343
13.606061,100.833333,218.76621184434174
13.606061,100.839394,191.7763302510624
13.606061,100.845455,392.67567889085353
13.606061,100.851515,79.17104069944735
13.606061,100.857576,86.81217310359098
13.606061,100.863636,170.44892729427272
13.606061,100.869697,123.42990572845456
13.606061,100.875758,384.07453282887826
13.606061,100.881818,30.546337818995593
13.606061,100.887879,152.35357848960962
13.606061,100.893939,321.6177081458593
13.606061,100.9,173.9102738062322
13.611111,100.3,158.11993900014218
13.611111,100.306061,512.841761280878
13.611111,100.312121,239.24313915007016
13.611111,100.318182,766.6392229753202
13.611111,100.324242,93.50179519232383
13.611111,100.330303,446.51253310830276
13.611111,100.336364,265.32983591115703
13.611111,100.342424,391.33424075973954
13.611111,100.348485,412.83474661800574
13.611111,100.354545,277.2957633220162
13.611111,100.360606,360.1094630523987
13.611111,100.366667,148.52518190355758
13.611111,100.372727,480.61251329810756
13.611111,100.378788,544.3972476886661
13.611111,100.384848,383.7483055827486
13.611111,100.390909,33.7715324233447
13.611111,100.39697,540.2436586413842
13.611111,100.40303,300.9479376233091
13.611111,100.409091,184.15149685174458
13.611111,100.415152,309.2279727048967
13.611111,100.421212,42.79222464799732
13.611111,100.427273,123.42939771181872
13.611111,100.433333,13.570524401257494
13.611111,100.439394,123.0919046344822
13.611111,100.445455,150.77369222563797
13.611111,100.451515,23.17598453970951
13.611111,100.457576,20.19924022739822
13.611111,100.463636,53.522328382883465
13.611111,100.469697,77.32007773102372
13.611111,100.475758,311.88202640366285
13.611111,100.481818,95.64722001023623
13.611111,100.487879,79.3638325254491
13.611111,100.493939,113.61876822448293
13.611111,100.5,245.44032049561767
13.611111,100.506061,43.73617733104868
13.611111,100.512121,166.3548235475325
13.611111,100.518182,34.89881289763317
13.611111,100.524242,468.82259973717356
13.611111,100.530303,74.2449906264525
13.611111,100.536364,356.45466419796617
13.611111,100.542424,76.70866052303592
13.611111,100.548485,327.313718962088
13.611111,100.554545,136.58786177158007
13.611111,100.560606,197.6851593070468
13.611111,100.566667,154.0831255085179
13.611111,100.572727,117.28604621043658
13.611111,100.578788,117.35965894410766
13.611111,100.584848,162.53736373248847
13.611111,100.590909,351.3645851700542
13.611111,100.59697,404.9031066693325
13.611111,100.60303,262.7220017528231
13.611111,100.609091,97.76503494388915
13.611111,100.615152,647.5634336744397
13.611111,100.621212,251.07692270353743
13.611111,100.627273,38.732865788426665
13.611111,100.633333,330.2208790705071
13.611111,100.639394,215.20154052280708
13.611111,100.645455,111.25751858663313
13.611111,100.651515,35.990093436030435
13.611111,100.657576,379.0395364590349
13.611111,100.663636,351.47292917120035
13.611111,100.669697,35.49187646967779
13.611111,100.675758,213.45523585332583
13.611111,100.681818,43.16754925897738
13.611111,100.687879,112.99975639473558
13.611111,100.693939,337.222097129024
13.611111,100.7,40.67339256821292
13.611111,100.706061,284.2837899524818
13.611111,100.712121,301.8073639457201
13.611111,100.718182,363.88567544226186
13.611111,100.724242,66.60138006849986
13.611111,100.730303,300.8891267539159
13.611111,100.736364,141.67664955376654
13.611111,100.742424,36.053062852390404
13.611111,100.748485,141.54615662543185
13.611111,100.754545,149.93966184075617
13.611111,100.760606,311.5699559015975
13.611111,100.766667,354.48636100918594
13.611111,100.772727,20.552919079793288
13.611111,100.778788,271.63610378903354
13.611111,100.784848,52.83462752010164
13.611111,100.790909,254.72704104811507
13.611111,100.79697,211.4050461272976
13.611111,100.80303,155.5341320816091
13.611111,100.809091,221.26007557683803
13.611111,100.815152,115.50329957719872
13.611111,100.821212,91.7724544321262
13.611111,100.827273,87.88954473271254
13.611111,100.833333,29.85694750196622
13.611111,100.839394,101.71349762660446
13.611111,100.845455,532.7500206221684
13.611111,100.851515,61.936179143877816
13.611111,100.857576,64.66113113376383
13.611111,100.863636,147.86315288585493
13.611111,100.869697,428.62722317128174
13.611111,100.875758,26.253195337324662
13.611111,100.881818,324.19805934506877
13.611111,100.887879,327.9116356095505
13.611111,100.893939,59.23604876636283
13.611111,100.9,553.8053904891269
13.616162,100.3,244.12546177685076
13.616162,100.306061,440.43371972721286
13.616162,100.312121,107.1825038960278
13.616162,100.318182,695.6452288591468
13.616162,100.324242,76.95882992533964
13.616162,100.330303,626.1204602247399
13.616162,100.336364,113.53538806218803
13.616162,100.342424,472.6484392355466
13.616162,100.348485,242.66537798180448
13.616162,100.354545,72.81448347929822
13.616162,100.360606,559.9255068883259
13.616162,100.366667,466.8473616616135
13.616162,100.372727,136.51503840209253
13.616162,100.378788,531.1592981345048
13.616162,100.384848,504.29427756081327
13.616162,100.390909,152.90363533531405
13.616162,100.39697,765.035615379344
13.616162,100.40303,675.8701680536141
13.616162,100.409091,277.34929052561756
13.616162,100.415152,238.78006311840082
13.616162,100.421212,133.47599309821504
13.616162,100.427273,50.60620055926281
13.616162,100.433333,97.86682399599542
13.616162,100.439394,54.71853608960356
13.616162,100.445455,171.02802089881254
13.616162,100.451515,66.3992484094528
13.616162,100.457576,91.26443770023653
13.616162,100.463636,51.015567046328805
13.616162,100.469697,176.0651214427031
13.616162,100.475758,36.34666189242444
13.616162,100.481818,45.70287305394655
13.616162,100.487879,49.543604763400836
13.616162,100.493939,127.95747068631671
13.616162,100.5,111.33821101879182
13.616162,100.506061,46.64392618364047
13.616162,100.512121,11.229810199283484
13.616162,100.518182,160.58335672709796
13.616162,100.524242,35.795681230895994
13.616162,100.530303,156.42327370618224
13.616162,100.536364,97.05856037890088
13.616162,100.542424,56.70961376829457
13.616162,100.548485,107.87767163147993
13.616162,100.554545,166.32974012181668
13.616162,100.560606,46.48088718064011
13.616162,100.566667,262.98545279684566
13.616162,100.572727,78.60656525658518
13.616162,100.578788,310.3455239495925
13.616162,100.584848,354.7178367164767
13.616162,100.590909,55.36773569156996
13.616162,100.59697,133.14373349433913
13.616162,100.60303,408.35858073846106
13.616162,100.609091,198.65473699077316
13.616162,100.615152,418.798800056931
13.616162,100.621212,466.0665054429222
13.616162,100.627273,366.75653541031517
13.616162,100.633333,17.098132337004728
13.616162,100.639394,353.3382349470809
13.616162,100.645455,317.38074352380426
13.616162,100.651515,28.903579353944014
13.616162,100.657576,171.6840924018676
13.616162,100.663636,144.1616487318553
13.616162,100.669697,215.24741156932018
13.616162,100.675758,20.21794624522122
13.616162,100.681818,381.1414210028598
13.616162,100.687879,392.3651008947866
13.616162,100.693939,187.4180719806825
13.616162,100.7,193.22556710217108
13.616162,100.706061,248.70434671910974
13.616162,100.712121,426.5536164211891
13.616162,100.718182,93.56366532662436
13.616162,100.724242,50.606136891830545
13.616162,100.730303,202.34378446141204
13.616162,100.736364,230.3192143465146
13.616162,100.742424,134.19985903636965
13.616162,100.748485,377.17706374133815
13.616162,100.754545,231.17340911173164
13.616162,100.760606,35.67985218997784
13.616162,100.766667,23.986081419921597
13.616162,100.772727,230.68875830824558
13.616162,100.778788,212.763332322521
13.616162,100.784848,144.45733045194973
13.616162,100.790909,282.11776295102857
13.616162,100.79697,4.726749971929059
13.616162,100.80303,425.50316568257426
13.616162,100.809091,144.22606870248788
13.616162,100.815152,34.980444432655304
13.616162,100.821212,347.13351695571987
13.616162,100.827273,374.94430797203535
13.616162,100.833333,96.44893863115703
13.616162,100.839394,156.77819890175593
13.616162,100.845455,146.55858095488418
13.616162,100.851515,79.53051238316323
13.616162,100.857576,475.8335450262519
13.616162,100.863636,142.89594954423495
13.616162,100.869697,170.113466323335
13.616162,100.875758,191.8155824461413
13.616162,100.881818,123.10653721943338
13.616162,100.887879,388.167356166613
13.616162,100.893939,150.6728800036968
13.616162,100.9,168.33913092036136
13.621212,100.3,320.1156418781153
13.621212,100.306061,357.87022050415897
13.621212,100.312121,94.94787688425208
13.621212,100.318182,573.0876955629606
13.621212,100.324242,108.89641948125936
13.621212,100.330303,649.034914054846
13.621212,100.336364,274.8232132267209
13.621212,100.342424,497.24085468092375
13.621212,100.348485,257.9935232401918
13.621212,100.354545,158.14564951710076
13.621212,100.360606,623.6318112014577
13.621212,100.366667,660.1139170720674
13.621212,100.372727,281.4027498281932
13.621212,100.378788,104.6166579474148
13.621212,100.384848,324.4082214361599
13.621212,100.390909,275.96022288495584
13.621212,100.39697,874.6413310318298
13.621212,100.40303,236.09777549769288
13.621212,100.409091,162.48489937644447
13.621212,100.415152,335.3909858817473
13.621212,100.421212,163.1820302630753
13.621212,100.427273,429.03724683647107
13.621212,100.433333,88.86039423021533
13.621212,100.439394,304.9535411312457
13.621212,100.445455,144.84704351708487
13.621212,100.451515,21.843199506973882
13.621212,100.457576,57.38251334567537
13.621212,100.463636,70.91654382834513
13.621212,100.469697,103.62788904764703
13.621212,100.475758,60.314725173200564
13.621212,100.481818,417.41190440955125
13.621212,100.487879,48.00327507731674
13.621212,100.493939,31.338053027895626
13.621212,100.5,63.42371201453135
13.621212,100.506061,196.8463489391308
13.621212,100.512121,288.4920824084269
13.621212,100.518182,259.40647775690945
13.621212,100.524242,147.70975965693276
13.621212,100.530303,174.48936448561193
13.621212,100.536364,278.96624308787676
13.621212,100.542424,457.3263231406694
13.621212,100.548485,107.83772720270294
13.621212,100.554545,28.11790714825035
13.621212,100.560606,109.39334385135416
13.621212,100.566667,17.380260800601523
13.621212,100.572727,132.5494233123096
13.621212,100.578788,80.17465867661501
13.621212,100.584848,130.24902826119632
13.621212,100.590909,292.9092372602067
13.621212,100.59697,173.39892468414752
13.621212,100.60303,219.46620412097187
13.621212,100.609091,409.8304301916942
13.621212,100.615152,244.85735880256402
13.621212,100.621212,901.9754974377124
13.621212,100.627273,799.6977856543053
13.621212,100.633333,182.082632669854
13.621212,100.639394,242.6082594360853
13.621212,100.645455,65.00634793540992
13.621212,100.651515,33.27748809882519
13.621212,100.657576,153.8580979903639
13.621212,100.663636,518.7575910654978
13.621212,100.669697,405.4102808602481
13.621212,100.675758,74.67239473514513
13.621212,100.681818,38.56217511892707
13.621212,100.687879,492.12853069265
13.621212,100.693939,355.54459580061143
13.621212,100.7,179.6647366509259
13.621212,100.706061,348.9149336293673
13.621212,100.712121,324.72287132254627
13.621212,100.718182,100.62344420014621
13.621212,100.724242,277.35857768647645
13.621212,100.730303,353.780961877162
13.621212,100.736364,295.2720060166413
13.621212,100.742424,211.78765280493235
13.621212,100.748485,549.8678457489696
13.621212,100.754545,134.47393013724914
13.621212,100.760606,459.79545124952415
13.621212,100.766667,271.7546475709283
13.621212,100.772727,258.19551968887833
13.621212,100.778788,120.98030819677328
13.621212,100.784848,224.059476219421
13.621212,100.790909,108.96647857763118
13.621212,100.79697,64.75837946676161
13.621212,100.80303,499.3621129437581
13.621212,100.809091,80.4232917461412
13.621212,100.815152,138.41955934904817
13.621212,100.821212,430.90321148288433
13.621212,100.827273,140.55198000196452
13.621212,100.833333,305.4013497965385
13.621212,100.839394,268.8582484522097
13.621212,100.845455,126.63704144272575
13.621212,100.851515,322.57400219015653
13.621212,100.857576,113.31327268950105
13.621212,100.863636,240.3349334539539
13.621212,100.869697,377.09932612072083
13.621212,100.875758,488.1397583507354
13.621212,100.881818,145.33159615102613
13.621212,100.887879,57.44826582476727
13.621212,100.893939,260.7413314133231
13.621212,100.9,95.1945701519558
13.626263,100.3,351.648242128312
13.626263,100.306061,245.28348984793809
13.626263,100.312121,248.03689703421452
13.626263,100.318182,414.47886342760273
13.626263,100.324242,13.885357306268366
13.626263,100.330303,680.9140833761066
13.626263,100.336364,383.5180784651436
13.626263,100.342424,421.27201787964833
13.626263,100.348485,121.97148304625959
13.626263,100.354545,259.2010615082509
13.626263,100.360606,174.24330773911896
13.626263,100.366667,595.5528167585707
13.626263,100.372727,154.4861026671144
13.626263,100.378788,93.91446335900302
13.626263,100.384848,350.3762120146411
13.626263,100.390909,252.8323476756766
13.626263,100.39697,759.418986482663
13.626263,100.40303,129.2560176841025
13.626263,100.409091,546.4342147113159
13.626263,100.415152,330.4650621748742
13.626263,100.421212,388.5560004838971
13.626263,100.427273,369.19499447733
13.626263,100.433333,20.622488945856905
13.626263,100.439394,10.131379917192318
13.626263,100.445455,81.12853894977738
13.626263,100.451515,267.55383782641286
13.626263,100.457576,41.09487075440376
13.626263,100.463636,26.306159664234016
13.626263,100.469697,27.64705654114367
13.626263,100.475758,200.05585168975088
13.626263,100.481818,168.89133949333694
13.626263,100.487879,79.74881278462878
13.626263,100.493939,125.73950327331103
13.626263,100.5,29.139716962976692
13.626263,100.506061,209.98007027764947
13.626263,100.512121,281.03375146549433
13.626263,100.518182,316.6670981264011
13.626263,100.524242,329.40980411066823
13.626263,100.530303,372.90745318392845
13.626263,100.536364,28.980786767517927
13.626263,100.542424,74.69717660271654
13.626263,100.548485,146.18976628032718
13.626263,100.554545,87.84171759861465
13.626263,100.560606,107.97428583479618
13.626263,100.566667,225.5215648190356
13.626263,100.572727,390.97706154230667
13.626263,100.578788,166.7588023978104
13.626263,100.584848,31.68692269353218
13.626263,100.590909,50.269738136242154
13.626263,100.59697,174.8112786171887
13.626263,100.60303,554.0860158006598
13.626263,100.609091,508.7131203260271
13.626263,100.615152,172.18358736493957
13.626263,100.621212,635.745304947209
13.626263,100.627273,334.303661343236
13.626263,100.633333,52.27946204240536
13.626263,100.639394,274.65954385995485
13.626263,100.645455,306.788426349964
13.626263,100.651515,178.72516380032496
13.626263,100.657576,311.00011427324137
13.626263,100.663636,337.32131147709885
13.626263,100.669697,637.61639702597
13.626263,100.675758,13.457183766222473
13.626263,100.681818,60.06202591356366
13.626263,100.687879,205.6755080167718
13.626263,100.693939,17.954107735587957
13.626263,100.7,192.228866449646
13.626263,100.706061,404.6960101103984
13.626263,100.712121,270.52279795924824
13.626263,100.718182,29.480432363811857
13.626263,100.724242,104.29914354781371
13.626263,100.730303,396.76741956570885
13.626263,100.736364,575.42345491319
13.626263,100.742424,93.56363022865968
13.626263,100.748485,606.9231182505362
13.626263,100.754545,169.69718836416342
13.626263,100.760606,235.90070304130361
13.626263,100.766667,454.7494226626225
13.626263,100.772727,102.44034939765024
13.626263,100.778788,385.11600548360695
13.626263,100.784848,55.82109293711392
13.626263,100.790909,68.2891004344574
13.626263,100.79697,57.77303909721992
13.626263,100.80303,243.24072117638528
13.626263,100.809091,258.2813249061129
13.626263,100.815152,203.8993681756489
13.626263,100.821212,426.55053982655687
13.626263,100.827273,239.3949675732195
13.626263,100.833333,372.38041907818166
13.626263,100.839394,68.39734615126366
13.626263,100.845455,168.1776323394429
13.626263,100.851515,103.39235781288029
13.626263,100.857576,25.84112236273712
13.626263,100.863636,65.15330603505127
13.626263,100.869697,159.04165329649052
13.626263,100.875758,82.97582522879603
13.626263,100.881818,66.82672466811607
13.626263,100.887879,167.67600672826813
13.626263,100.893939,67.34746379083235
13.626263,100.9,77.66649051539434
13.631313,100.3,462.878683236726
13.631313,100.306061,117.08391472079015
13.631313,100.312121,332.19925496308826
13.631313,100.318182,345.6074460771995
13.631313,100.324242,97.12052457364598
13.631313,100.330303,620.8401855521307
13.631313,100.336364,842.2858067103756
13.631313,100.342424,347.1946486288301
13.631313,100.348485,202.68998409851798
13.631313,100.354545,586.4180365786782
13.631313,100.360606,283.1893177893359
13.631313,100.366667,146.880783690014
13.631313,100.372727,133.44543306462512
13.631313,100.378788,439.99570675835787
13.631313,100.384848,332.12950251511927
13.631313,100.390909,99.29731270507376
13.631313,100.39697,549.6708664221035
13.631313,100.40303,48.60912560187436
13.631313,100.409091,598.9443280782456
13.631313,100.415152,527.7550865234276
13.631313,100.421212,189.24636422547528
13.631313,100.427273,135.48028766604574
13.631313,100.433333,421.1829308951464
13.631313,100.439394,127.74327188977597
13.631313,100.445455,127.86390232783899
13.631313,100.451515,96.55701019067608
13.631313,100.457576,93.44523190090989
13.631313,100.463636,211.88764511906646
13.631313,100.469697,104.85400514685671
13.631313,100.475758,33.9760038071882
13.631313,100.481818,110.78264885579705
13.631313,100.487879,206.08290848731235
13.631313,100.493939,80.03580768264628
13.631313,100.5,30.658623395144105
13.631313,100.506061,160.57412737266202
13.631313,100.512121,17.15970267783251
13.631313,100.518182,191.86458771482538
13.631313,100.524242,226.62906642789721
13.631313,100.530303,377.0879664654811
13.631313,100.536364,338.71227812737857
13.631313,100.542424,163.86226332955297
13.631313,100.548485,128.16025181412707
13.631313,100.554545,173.28563143625277
13.631313,100.560606,20.78109165807196
13.631313,100.566667,104.92188739144288
13.631313,100.572727,94.8958679891223
13.631313,100.578788,64.1987622816111
13.631313,100.584848,186.07054917737872
13.631313,100.590909,461.0301942613143
13.631313,100.59697,193.5793720269359
13.631313,100.60303,541.1244723359488
13.631313,100.609091,401.11583655073497
13.631313,100.615152,200.54827713012102
13.631313,100.621212,115.67515901535224
13.631313,100.627273,183.8938329793818
13.631313,100.633333,374.4431912375646
13.631313,100.639394,233.9950705569968
13.631313,100.645455,512.0408779747264
13.631313,100.651515,134.74296452519658
13.631313,100.657576,295.14208472574154
13.631313,100.663636,204.6894313709761
13.631313,100.669697,868.2955491533602
13.631313,100.675758,312.29507531401754
13.631313,100.681818,351.81069876968184
13.631313,100.687879,301.39904986566256
13.631313,100.693939,474.7774697129099
13.631313,100.7,347.28265891070214
13.631313,100.706061,106.04870279889892
13.631313,100.712121,136.2340713840683
13.631313,100.718182,309.8495375882754
13.631313,100.724242,77.72173463082679
13.631313,100.730303,273.41034728357033
13.631313,100.736364,286.4650615276818
13.631313,100.742424,270.9830191058898
13.631313,100.748485,333.73831130588815
13.631313,100.754545,605.170512398358
13.631313,100.760606,223.77057992148022
13.631313,100.766667,327.6284093707745
13.631313,100.772727,270.1105389133395
13.631313,100.778788,585.1409242422245
13.631313,100.784848,13.478457166410527
13.631313,100.790909,14.37515379705123
13.631313,100.79697,334.7252471500834
13.631313,100.80303,275.5403939724069
13.631313,100.809091,173.78231409990298
13.631313,100.815152,178.96350512627512
13.631313,100.821212,46.12255077369916
13.631313,100.827273,206.7941770998078
13.631313,100.833333,101.9675941999346
13.631313,100.839394,21.529322535587426
13.631313,100.845455,328.1279145691073
13.631313,100.851515,222.31800365201522
13.631313,100.857576,153.4572057356764
13.631313,100.863636,216.39536232210492
13.631313,100.869697,308.46904752045816
13.631313,100.875758,197.3692097536432
13.631313,100.881818,32.15547906732683
13.631313,100.887879,179.78279395091377
13.631313,100.893939,115.64976080643173
13.631313,100.9,247.46016906519824
13.636364,100.3,487.3194329317824
13.636364,100.306061,73.14773077607582
13.636364,100.312121,119.36370664904331
13.636364,100.318182,407.03212887819046
13.636364,100.324242,93.27749111649828
13.636364,100.330303,510.30670897745364
13.636364,100.336364,635.964065526912
13.636364,100.342424,108.24424002589382
13.636364,100.348485,534.0604632117912
13.636364,100.354545,113.0073937699328
13.636364,100.360606,145.95688932071985
13.636364,100.366667,184.32384458114723
13.636364,100.372727,109.68137477414454
13.636364,100.378788,507.4746049975434
13.636364,100.384848,358.0264979248063
13.636364,100.390909,265.5618984375412
13.636364,100.39697,140.75105918196243
13.636364,100.40303,125.57330663513241
13.636364,100.409091,95.74201940054034
13.636364,100.415152,68.15911246927894
13.636364,100.421212,325.2135897931481
13.636364,100.427273,649.8002908162537
13.636364,100.433333,431.1429464910777
13.636364,100.439394,228.9024981096912
13.636364,100.445455,202.80464700922076
13.636364,100.451515,417.7211130126176
13.636364,100.457576,52.477645975235795
13.636364,100.463636,256.16336921903746
13.636364,100.469697,14.274549319105063
13.636364,100.475758,116.39094793921065
13.636364,100.481818,67.50983846995538
13.636364,100.487879,21.93985035389335
13.636364,100.493939,72.6239274983025
13.636364,100.5,229.65392866211843
13.636364,100.506061,11.608583892013826
13.636364,100.512121,20.66905452924018
13.636364,100.518182,43.97865492997993
13.636364,100.524242,114.2224381506402
13.636364,100.530303,86.02785471995239
13.636364,100.536364,84.51954267073582
13.636364,100.542424,56.436105607217485
13.636364,100.548485,203.7581492988671
13.636364,100.554545,112.1146435511258
13.636364,100.560606,166.74250763163627
13.636364,100.566667,60.67299072960435
13.636364,100.572727,182.98107796127974
13.636364,100.578788,151.6554507879235
13.636364,100.584848,359.15277889168226
13.636364,100.590909,866.9037767589754
13.636364,100.59697,702.7705921973724
13.636364,100.60303,689.7602377877917
13.636364,100.609091,60.80866692353697
13.636364,100.615152,30.17219095355024
13.636364,100.621212,325.4153312266773
13.636364,100.627273,598.9588034364551
13.636364,100.633333,13.51019897638013
13.636364,100.639394,149.24885290621017
13.636364,100.645455,374.44104602359346
13.636364,100.651515,109.03366384077151
13.636364,100.657576,62.662117982743354
13.636364,100.663636,202.08123222621967
13.636364,100.669697,816.187749403937
13.636364,100.675758,438.8703919640558
13.636364,100.681818,128.91499150280214
13.636364,100.687879,49.90664440701964
13.636364,100.693939,80.17504276878029
13.636364,100.7,89.99626070521454
13.636364,100.706061,336.6566660681126
13.636364,100.712121,203.0060393654284
13.636364,100.718182,126.64013119546637
13.636364,100.724242,278.7714774231197
13.636364,100.730303,195.38572961166332
13.636364,100.736364,23.35597860716551
13.636364,100.742424,109.95075047516117
13.636364,100.748485,63.22053328976727
13.636364,100.754545,379.37788009069203
13.636364,100.760606,549.0747586337607
13.636364,100.766667,160.74366933356902
13.636364,100.772727,408.6146852539118
13.636364,100.778788,882.850184977763
13.636364,100.784848,266.7567886672528
13.636364,100.790909,180.68810392630053
13.636364,100.79697,152.34239653783604
13.636364,100.80303,396.31477980328435
13.636364,100.809091,200.94658697882213
13.636364,100.815152,230.46242889920615
13.636364,100.821212,164.22223298449745
13.636364,100.827273,378.872567474106
13.636364,100.833333,356.07157587541127
13.636364,100.839394,134.3182202573063
13.636364,100.845455,438.2167028392013
13.636364,100.851515,105.44778817677
13.636364,100.857576,306.961723882427
13.636364,100.863636,156.65503272216034
13.636364,100.869697,117.30587537701258
13.636364,100.875758,202.4811291907226
13.636364,100.881818,389.71675909730453
13.636364,100.887879,74.01577144091668
13.636364,100.893939,207.71957932551436
13.636364,100.9,418.3112641596461
13.641414,100.3,80.83204830045223
13.641414,100.306061,114.79086570953586
13.641414,100.312121,108.16384700200986
13.641414,100.318182,466.3711629394259
13.641414,100.324242,17.356701541882213
13.641414,100.330303,433.65725599787186
13.641414,100.336364,255.57160700885692
13.641414,100.342424,361.65808435601576
13.641414,100.348485,399.30532010056
13.641414,100.354545,194.5072915188169
13.641414,100.360606,408.7725157734547
13.641414,100.366667,261.9879932652105
13.641414,100.372727,330.1530478008535
13.641414,100.378788,56.716097956203726
13.641414,100.384848,434.9882165484403
13.641414,100.390909,448.6123910739802
13.641414,100.39697,291.0394381566135
13.641414,100.40303,279.17923713334295
13.641414,100.409091,301.6382252127162
13.641414,100.415152,289.55834674065704
13.641414,100.421212,353.852600333029
13.641414,100.427273,733.9314859739226
13.641414,100.433333,331.3664564144947
13.641414,100.439394,344.54554004150714
13.641414,100.445455,146.31754831623746
13.641414,100.451515,444.90612022701475
13.641414,100.457576,27.98386418424449
13.641414,100.463636,511.0697919314007
13.641414,100.469697,403.58302934216647
13.641414,100.475758,279.9408291861607
13.641414,100.481818,170.8042148249327
13.641414,100.487879,18.20856649502131
13.641414,100.493939,272.62375410648474
13.641414,100.5,64.37405371529663
13.641414,100.506061,138.2958360433697
13.641414,100.512121,35.09990211450143
13.641414,100.518182,74.63907961438845
13.641414,100.524242,280.71087985079566
13.641414,100.530303,533.1870003547714
13.641414,100.536364,146.72542428805363
13.641414,100.542424,130.43450713828682
13.641414,100.548485,212.5559045824581
13.641414,100.554545,380.8580637408806
13.641414,100.560606,151.29924858814837
13.641414,100.566667,196.4173010663037
13.641414,100.572727,387.2195909508833
13.641414,100.578788,165.47900237366466
13.641414,100.584848,730.2705139095405
13.641414,100.590909,823.1141736630474
13.641414,100.59697,554.7328416636929
13.641414,100.60303,185.4315953237132
13.641414,100.609091,152.88734068769233
13.641414,100.615152,493.89796921571786
13.641414,100.621212,836.6988679908122
13.641414,100.627273,847.8124337505053
13.641414,100.633333,316.9025829839346
13.641414,100.639394,236.1576268272519
13.641414,100.645455,145.38704391586035
13.641414,100.651515,193.02644622456685
13.641414,100.657576,234.47390819375673
13.641414,100.663636,344.55785137969843
13.641414,100.669697,915.7524110814302
13.641414,100.675758,689.8348370264175
13.641414,100.681818,35.277520522085425
13.641414,100.687879,495.08439754328595
13.641414,100.693939,442.09322981418916
13.641414,100.7,209.00086784390146
13.641414,100.706061,487.5330480836349
13.641414,100.712121,183.49026340295967
13.641414,100.718182,223.77974519934315
13.641414,100.724242,357.28812237030377
13.641414,100.730303,148.43405168386164
13.641414,100.736364,280.96399908035676
13.641414,100.742424,187.1099045708368
13.641414,100.748485,500.8290928414874
13.641414,100.754545,39.71551425966528
13.641414,100.760606,596.0801339040146
13.641414,100.766667,172.73897734389587
13.641414,100.772727,400.8100433016921
13.641414,100.778788,1051.5500128285616
13.641414,100.784848,459.6452057967895
13.641414,100.790909,149.20980207746496
13.641414,100.79697,172.30962423294258
13.641414,100.80303,147.36900076644258
13.641414,100.809091,68.88643235192434
13.641414,100.815152,642.0930275798995
13.641414,100.821212,346.20106162693173
13.641414,100.827273,234.27973362148637
13.641414,100.833333,33.43043207975075
13.641414,100.839394,135.51983412964879
13.641414,100.845455,131.58282519792823
13.641414,100.851515,431.36268654875863
13.641414,100.857576,373.91062625621294
13.641414,100.863636,133.03614694950812
13.641414,100.869697,206.70339625818704
13.641414,100.875758,42.74057864951251
13.641414,100.881818,69.65779508029327
13.641414,100.887879,119.50113856255821
13.641414,100.893939,128.93693915027856
13.641414,100.9,155.28482998626288
13.646465,100.3,237.5401816745362
13.646465,100.306061,89.04253482865079
13.646465,100.312121,232.2455692497565
13.646465,100.318182,106.52429505708862
13.646465,100.324242,66.87085150528894
13.646465,100.330303,91.12334669984462
13.646465,100.336364,152.727170120373
13.646465,100.342424,464.37942744606397
13.646465,100.348485,476.7549031408716
13.646465,100.354545,95.06319535396638
13.646465,100.360606,74.98908676786296
13.646465,100.366667,47.02838401135808
13.646465,100.372727,187.33565174266224
13.646465,100.378788,404.7241319495306
13.646465,100.384848,63.15283184718546
13.646465,100.390909,43.3819296039443
13.646465,100.39697,268.43809245857415
13.646465,100.40303,368.44946203171423
13.646465,100.409091,49.26082196983009
13.646465,100.415152,276.52713588537944
13.646465,100.421212,154.22631407864984
13.646465,100.427273,203.69620871460015
13.646465,100.433333,199.14823619921472
13.646465,100.439394,166.72011788946483
13.646465,100.445455,164.22653714344005
13.646465,100.451515,484.1091354271459
13.646465,100.457576,390.28321014485556
13.646465,100.463636,643.9514931076245
13.646465,100.469697,321.7950954194531
13.646465,100.475758,150.15763708690824
13.646465,100.481818,591.0892404699616
13.646465,100.487879,227.0908205143001
13.646465,100.493939,29.77240861093562
13.646465,100.5,401.3687986073567
13.646465,100.506061,122.37587494973538
13.646465,100.512121,177.89364625583661
13.646465,100.518182,191.4296826457844
13.646465,100.524242,109.17072998885519
13.646465,100.530303,212.53580711494467
13.646465,100.536364,81.10707820999713
13.646465,100.542424,370.3105478899734
13.646465,100.548485,657.181103089763
13.646465,100.554545,221.90000646389822
13.646465,100.560606,169.99036028208153
13.646465,100.566667,606.6301984375381
13.646465,100.572727,375.39481689482267
13.646465,100.578788,221.85918654527578
13.646465,100.584848,482.15113746823846
13.646465,100.590909,297.46771618014975
13.646465,100.59697,231.65537216012783
13.646465,100.60303,293.1530125977605
13.646465,100.609091,615.9782779124422
13.646465,100.615152,985.8484285038977
13.646465,100.621212,1334.4113025363192
13.646465,100.627273,1135.7421386801118
13.646465,100.633333,640.0543135885448
13.646465,100.639394,110.43310104295846
13.646465,100.645455,102.90143158595502
13.646465,100.651515,71.70167431929711
13.646465,100.657576,14.487984735592525
13.646465,100.663636,67.09216504113313
13.646465,100.669697,663.0399062712797
13.646465,100.675758,911.9983355387441
13.646465,100.681818,331.7903313661831
13.646465,100.687879,145.39768219882464
13.646465,100.693939,396.1658914219818
13.646465,100.7,223.08469034820098
13.646465,100.706061,453.2480596779786
13.646465,100.712121,232.49626849232715
13.646465,100.718182,11.99702204329894
13.646465,100.724242,172.50694380525994
13.646465,100.730303,364.50078151715235
13.646465,100.736364,224.13919868454772
13.646465,100.742424,59.01834289020595
13.646465,100.748485,141.23746616934812
13.646465,100.754545,25.661790534175413
13.646465,100.760606,630.7420749038412
13.646465,100.766667,216.16223456435085
13.646465,100.772727,272.5575256957477
13.646465,100.778788,671.2229003192849
13.646465,100.784848,703.6840095357898
13.646465,100.790909,231.03515027075107
13.646465,100.79697,340.9429836030037
13.646465,100.80303,182.0718356609668
13.646465,100.809091,191.33444587010166
13.646465,100.815152,419.6485616952788
13.646465,100.821212,448.8939899109843
13.646465,100.827273,293.72424387679837
13.646465,100.833333,552.2500972235945
13.646465,100.839394,419.4438288264328
13.646465,100.845455,274.32900037784265
13.646465,100.851515,163.70009449548942
13.646465,100.857576,233.78729274717261
13.646465,100.863636,6.425247295119152
13.646465,100.869697,35.77059436469262
13.646465,100.875758,22.877744218268507
13.646465,100.881818,122.04462791526409
13.646465,100.887879,503.0601009524694
13.646465,100.893939,86.56932408815047
13.646465,100.9,55.06414290554777
13.651515,100.3,238.7408926909565
13.651515,100.306061,78.448831052379
13.651515,100.312121,338.2640910429964
13.651515,100.318182,271.1017010444512
13.651515,100.324242,116.26517726458967
13.651515,100.330303,559.9511099936227
13.651515,100.336364,257.93720347746245
13.651515,100.342424,369.4850156998408
13.651515,100.348485,362.77861443724623
13.651515,100.354545,118.91223711491037
13.651515,100.360606,327.8511980977369
13.651515,100.366667,399.1818316948634
13.651515,100.372727,292.64773389522963
13.651515,100.378788,106.6493148152937
13.651515,100.384848,187.34418482217018
13.651515,100.390909,195.3897560423725
13.651515,100.39697,128.40685759804373
13.651515,100.40303,68.75306778166959
13.651515,100.409091,16.22897853782164
13.651515,100.415152,54.73083206591778
13.651515,100.421212,483.3210344802536
13.651515,100.427273,109.98758743141225
13.651515,100.433333,92.99042022980588
13.651515,100.439394,419.0289719612643
13.651515,100.445455,145.39374327540617
13.651515,100.451515,257.48564940731796
13.651515,100.457576,440.34756493115117
13.651515,100.463636,281.79337168130047
13.651515,100.469697,222.99284136231805
13.651515,100.475758,378.44837471753493
13.651515,100.481818,587.7621551116817
13.651515,100.487879,191.37321756993353
13.651515,100.493939,183.64749848543775
13.651515,100.5,37.74080467659551
13.651515,100.506061,380.7213683404651
13.651515,100.512121,278.8890842159965
13.651515,100.518182,18.115225741669256
13.651515,100.524242,242.69297112001863
13.651515,100.530303,7.873094704109074
13.651515,100.536364,269.8766234037294
13.651515,100.542424,888.2476805893896
13.651515,100.548485,608.8647517035718
13.651515,100.554545,87.58043252770835
13.651515,100.560606,482.3872914567861
13.651515,100.566667,632.662574973803
13.651515,100.572727,322.7029352005222
13.651515,100.578788,157.679479931864
13.651515,100.584848,16.372814509318818
13.651515,100.590909,206.3869509638465
13.651515,100.59697,377.04623225985813
13.651515,100.60303,748.0219280121254
13.651515,100.609091,1107.992755293923
13.651515,100.615152,1445.0426936834513
13.651515,100.621212,927.8966086054837
13.651515,100.627273,574.9164124777697
13.651515,100.633333,842.8501793434878
13.651515,100.639394,471.0517801450871
13.651515,100.645455,450.59095833525294
13.651515,100.651515,310.46088765547285
13.651515,100.657576,283.95524802027023
13.651515,100.663636,161.62113150569843
13.651515,100.669697,452.6672112196715
13.651515,100.675758,1080.7263584897191
13.651515,100.681818,708.6744884152477
13.651515,100.687879,137.8980367560312
13.651515,100.693939,51.97324201785878
13.651515,100.7,289.46793272152405
13.651515,100.706061,472.6065657475601
13.651515,100.712121,192.98787855590504
13.651515,100.718182,228.40069870646587
13.651515,100.724242,50.686949451955236
13.651515,100.730303,34.37668484420338
13.651515,100.736364,84.04169293021735
13.651515,100.742424,204.53534204658945
13.651515,100.748485,425.91694633983457
13.651515,100.754545,125.93985884525567
13.651515,100.760606,378.6025276784406
13.651515,100.766667,553.4381412016091
13.651515,100.772727,192.06489184790405
13.651515,100.778788,269.8480793861247
13.651515,100.784848,560.0216207873649
13.651515,100.790909,211.4185926087022
13.651515,100.79697,294.0409811508759
13.651515,100.80303,101.8461977269723
13.651515,100.809091,278.896783402229
13.651515,100.815152,430.1311320718409
13.651515,100.821212,511.49986583864523
13.651515,100.827273,42.0345513980532
13.651515,100.833333,483.5277617173278
13.651515,100.839394,116.05645765150452
13.651515,100.845455,182.39766509652068
13.651515,100.851515,79.0078013478094
13.651515,100.857576,65.35942280884258
13.651515,100.863636,86.18199278628227
13.651515,100.869697,74.4762290075846
13.651515,100.875758,351.7830717605158
13.651515,100.881818,271.57524919177183
13.651515,100.887879,364.52687559179884
13.651515,100.893939,187.84388215053613
13.651515,100.9,104.92978617556894
13.656566,100.3,232.21609059279467
13.656566,100.306061,240.07393251086668
13.656566,100.312121,514.9665534197363
13.656566,100.318182,156.31543459823865
13.656566,100.324242,72.30787322361249
13.656566,100.330303,606.1611732542024
13.656566,100.336364,339.86387987697896
13.656566,100.342424,193.80428354623467
13.656566,100.348485,180.9955847637101
13.656566,100.354545,58.10390561713799
13.656566,100.360606,229.35807008199296
13.656566,100.366667,148.97770772533912
13.656566,100.372727,65.52133305511053
13.656566,100.378788,41.791233053147984
13.656566,100.384848,342.0363347927025
13.656566,100.390909,276.67201105171824
13.656566,100.39697,150.26745678079064
13.656566,100.40303,65.80215502101133
13.656566,100.409091,140.11094911358092
13.656566,100.415152,205.19189955066324
13.656566,100.421212,82.51588073076786
13.656566,100.427273,55.65602016747545
13.656566,100.433333,55.0259624455151
13.656566,100.439394,185.5756570078964
13.656566,100.445455,12.441174198358969
13.656566,100.451515,282.4429993991824
13.656566,100.457576,55.30013803818782
13.656566,100.463636,147.50821448765657
13.656566,100.469697,125.08188097509054
13.656566,100.475758,541.8647855786209
13.656566,100.481818,322.2483001761383
13.656566,100.487879,150.46000740135239
13.656566,100.493939,68.07329501140198
13.656566,100.5,70.34389810481022
13.656566,100.506061,143.58498855907982
13.656566,100.512121,507.3199516227261
13.656566,100.518182,536.3526525633847
13.656566,100.524242,233.43197040688742
13.656566,100.530303,37.50818663673869
13.656566,100.536364,98.40720048520348
13.656566,100.542424,472.64962942331664
13.656566,100.548485,228.9808826759729
13.656566,100.554545,37.861647094102345
13.656566,100.560606,89.10438461725434
13.656566,100.566667,124.20213905227459
13.656566,100.572727,85.62537069513668
13.656566,100.578788,280.2577074033075
13.656566,100.584848,514.7656200927481
13.656566,100.590909,713.488486621207
13.656566,100.59697,847.6286707885142
13.656566,100.60303,1222.2445722387329
13.656566,100.609091,1281.0082976886115
13.656566,100.615152,1084.33534427292
13.656566,100.621212,730.5270645130231
13.656566,100.627273,56.626469612410474
13.656566,100.633333,590.2222790943516
13.656566,100.639394,485.56526593448945
13.656566,100.645455,356.72064836154436
13.656566,100.651515,208.67794641150826
13.656566,100.657576,421.9119451767953
13.656566,100.663636,83.46383198746263
13.656566,100.669697,311.70615241662125
13.656566,100.675758,613.0308947840119
13.656566,100.681818,395.54934575864013
13.656566,100.687879,194.04129296211235
13.656566,100.693939,56.571134022023045
13.656566,100.7,184.21722048136147
13.656566,100.706061,536.0570848549
13.656566,100.712121,147.96775878338164
13.656566,100.718182,461.368683275354
13.656566,100.724242,166.1465514431731
13.656566,100.730303,544.0704303783093
13.656566,100.736364,502.66652648168224
13.656566,100.742424,441.68963130700087
13.656566,100.748485,920.5428023558006
13.656566,100.754545,396.663744795412
13.656566,100.760606,143.29146765709694
13.656566,100.766667,448.4143491288215
13.656566,100.772727,519.9311945024542
13.656566,100.778788,94.16381928643507
13.656566,100.784848,368.703217184832
13.656566,100.790909,120.44647450512531
13.656566,100.79697,8.351619320096653
13.656566,100.80303,18.29099729565023
13.656566,100.809091,297.8454941118687
13.656566,100.815152,175.93373438128103
13.656566,100.821212,763.1748860321528
13.656566,100.827273,163.69348724226217
13.656566,100.833333,85.49894607943709
13.656566,100.839394,151.74965235862211
13.656566,100.845455,215.46656641534523
13.656566,100.851515,244.73489131532187
13.656566,100.857576,221.31881506180906
13.656566,100.863636,154.45846363189838
13.656566,100.869697,466.58389912039104
13.656566,100.875758,49.88402228486644
13.656566,100.881818,139.28584027595213
13.656566,100.887879,210.49350237431642
13.656566,100.893939,296.10822112851395
13.656566,100.9,593.0518163024761
13.661616,100.3,346.3034519098722
13.661616,100.306061,230.66602587253047
13.661616,100.312121,526.4398962660939
13.661616,100.318182,148.76038184881986
13.661616,100.324242,133.09973414195704
13.661616,100.330303,125.74638659602046
13.661616,100.336364,117.69526413392794
13.661616,100.342424,150.4761370752569
13.661616,100.348485,536.9877916820395
13.661616,100.354545,140.45187756078138
13.661616,100.360606,37.01384643220228
13.661616,100.366667,267.3462621818238
13.661616,100.372727,92.45678763332599
13.661616,100.378788,243.7210965989787
13.661616,100.384848,216.12463819052095
13.661616,100.390909,264.7080058946794
13.661616,100.39697,46.17783587605075
13.661616,100.40303,360.7708780397738
13.661616,100.409091,154.78949610441452
13.661616,100.415152,186.6335684925581
13.661616,100.421212,352.2410492334743
13.661616,100.427273,58.570454943755266
13.661616,100.433333,193.19923260464944
13.661616,100.439394,253.8123832290766
13.661616,100.445455,24.969760884329776
13.661616,100.451515,96.56640680072083
13.661616,100.457576,198.2221226524422
13.661616,100.463636,392.82788131822053
13.661616,100.469697,10.766002316609095
13.661616,100.475758,283.90585063560553
13.661616,100.481818,475.5410835789623
13.661616,100.487879,643.4664659900442
13.661616,100.493939,228.84662791745825
13.661616,100.5,200.93379923072138
13.661616,100.506061,146.4498859751553
13.661616,100.512121,419.1210403364693
13.661616,100.518182,125.50909050308934
13.661616,100.524242,135.05570415090455
13.661616,100.530303,63.77399315014754
13.661616,100.536364,270.5843431082165
13.661616,100.542424,93.68531480345361
13.661616,100.548485,264.22801328381
13.661616,100.554545,215.71821137246803
13.661616,100.560606,89.56798760289666
13.661616,100.566667,27.57542905329556
13.661616,100.572727,130.8164611974629
13.661616,100.578788,528.481746644139
13.661616,100.584848,590.5807045360776
13.661616,100.590909,265.56989276949486
13.661616,100.59697,602.4955917940694
13.661616,100.60303,906.9014549579941
13.661616,100.609091,740.9169382677977
13.661616,100.615152,569.3284943800662
13.661616,100.621212,404.11730045594925
13.661616,100.627273,60.046177228770915
13.661616,100.633333,85.2877509815291
13.661616,100.639394,68.75055156764776
13.661616,100.645455,63.301890671520766
13.661616,100.651515,21.629728087690616
13.661616,100.657576,578.6933846631074
13.661616,100.663636,93.71612497810973
13.661616,100.669697,440.408371774895
13.661616,100.675758,139.68385737933443
13.661616,100.681818,141.2931616046705
13.661616,100.687879,115.8670945954197
13.661616,100.693939,494.060914733985
13.661616,100.7,97.50136499391668
13.661616,100.706061,636.7359649208865
13.661616,100.712121,58.53655795650645
13.661616,100.718182,615.5237677881016
13.661616,100.724242,86.55068433739271
13.661616,100.730303,666.4973070808118
13.661616,100.736364,683.1709637995839
13.661616,100.742424,184.15230739696625
13.661616,100.748485,715.1388821832298
13.661616,100.754545,683.7637421896932
13.661616,100.760606,57.77608487416529
13.661616,100.766667,55.78364716099293
13.661616,100.772727,3.206267232915826
13.661616,100.778788,358.32472776654913
13.661616,100.784848,36.987260660448364
13.661616,100.790909,505.9834141587414
13.661616,100.79697,44.1420409146299
13.661616,100.80303,109.17128108521293
13.661616,100.809091,142.0376026911873
13.661616,100.815152,98.97521861776922
13.661616,100.821212,336.7061172045896
13.661616,100.827273,181.80009305213233
13.661616,100.833333,309.34134419521354
13.661616,100.839394,186.72968840691286
13.661616,100.845455,287.9885677120115
13.661616,100.851515,33.08588087143615
13.661616,100.857576,531.5873891896281
13.661616,100.863636,149.636067396902
13.661616,100.869697,74.74879050025797
13.661616,100.875758,358.11093174634976
13.661616,100.881818,358.8589675549336
13.661616,100.887879,213.1144018260523
13.661616,100.893939,383.4539153618837
13.661616,100.9,90.45470160471613
13.666667,100.3,70.14733499533565
13.666667,100.306061,65.68835112780302
13.666667,100.312121,382.92683458655455
13.666667,100.318182,221.67072860225946
13.666667,100.324242,300.78863938590894
13.666667,100.330303,516.8429257282843
13.666667,100.336364,347.59515987625906
13.666667,100.342424,256.7528507585446
13.666667,100.348485,413.8516264298591
13.666667,100.354545,146.06224236508388
13.666667,100.360606,505.5268557597757
13.666667,100.366667,257.0039948318318
13.666667,100.372727,26.923869099487547
13.666667,100.378788,198.59255499578765
13.666667,100.384848,89.1808052377294
13.666667,100.390909,223.27297993361347
13.666667,100.39697,89.48943346694291
13.666667,100.40303,133.6659657436029
13.666667,100.409091,147.03928055530392
13.666667,100.415152,296.7407202573241
13.666667,100.421212,52.095696495332405
13.666667,100.427273,316.58889950628685
13.666667,100.433333,187.7348409567387
13.666667,100.439394,187.43350944681526
13.666667,100.445455,146.23125239478136
13.666667,100.451515,391.0835146353818
13.666667,100.457576,433.5331810189227
13.666667,100.463636,167.07546004118785
13.666667,100.469697,145.81415360353313
13.666667,100.475758,278.5878771362345
13.666667,100.481818,348.70332059752707
13.666667,100.487879,87.1611323937558
13.666667,100.493939,99.85066435321284
13.666667,100.5,28.4665679133642
13.666667,100.506061,151.99352255337612
13.666667,100.512121,123.55760042066893
13.666667,100.518182,63.97457640772236
13.666667,100.524242,83.54947564511524
13.666667,100.530303,126.38151412515874
13.666667,100.536364,177.42003527605502
13.666667,100.542424,119.2285042722922
13.666667,100.548485,96.06886847783858
13.666667,100.554545,158.1170729171803
13.666667,100.560606,82.20700115119493
13.666667,100.566667,3.4150573890946636
13.666667,100.572727,33.11539681210099
13.666667,100.578788,231.74744489742434
13.666667,100.584848,96.15168774570802
13.666667,100.590909,79.52222408818993
13.666667,100.59697,527.5725006582222
13.666667,100.60303,351.79314573632684
13.666667,100.609091,183.183774931962
13.666667,100.615152,7.410309103403158
13.666667,100.621212,114.3088844075921
13.666667,100.627273,288.58381622325555
13.666667,100.633333,19.004179242238262
13.666667,100.639394,191.94500095904246
13.666667,100.645455,169.10672349514078
13.666667,100.651515,159.81438599849278
13.666667,100.657576,463.622196093231
13.666667,100.663636,289.10202083134993
13.666667,100.669697,191.08157379737355
13.666667,100.675758,293.5463597262769
13.666667,100.681818,37.18237645674793
13.666667,100.687879,230.06440840881297
13.666667,100.693939,434.3389033694645
13.666667,100.7,138.8134855076906
13.666667,100.706061,473.5860378905125
13.666667,100.712121,155.9381788922296
13.666667,100.718182,483.9836945532244
13.666667,100.724242,73.74611243269949
13.666667,100.730303,582.466089580701
13.666667,100.736364,759.3568648622049
13.666667,100.742424,379.2259943017242
13.666667,100.748485,788.2410184992812
13.666667,100.754545,855.9686468932314
13.666667,100.760606,198.14002781326596
13.666667,100.766667,115.37398620213688
13.666667,100.772727,454.5353768160529
13.666667,100.778788,129.7212647813209
13.666667,100.784848,304.88874211722174
13.666667,100.790909,222.80534064509118
13.666667,100.79697,164.90194158129754
13.666667,100.80303,395.6183913844667
13.666667,100.809091,487.7855297773541
13.666667,100.815152,133.7046646212246
13.666667,100.821212,226.66790360105065
13.666667,100.827273,86.9985335979197
13.666667,100.833333,248.36825359252023
13.666667,100.839394,293.90804071509183
13.666667,100.845455,147.80169069401475
13.666667,100.851515,33.599293505040464
13.666667,100.857576,260.121084080853
13.666667,100.863636,148.34521285533043
13.666667,100.869697,197.38972640672978
13.666667,100.875758,35.74549162526143
13.666667,100.881818,570.5963414263514
13.666667,100.887879,436.4289781744534
13.666667,100.893939,95.69220658758404
13.666667,100.9,47.169205501281695
13.671717,100.3,184.1225319201738
13.671717,100.306061,387.3937274741125
13.671717,100.312121,216.01356726670508
13.671717,100.318182,79.68080390840137
13.671717,100.324242,254.29494619430926
13.671717,100.330303,429.538974210889
13.671717,100.336364,272.50023800397196
13.671717,100.342424,457.2515507532162
13.671717,100.348485,364.9548957672641
13.671717,100.354545,222.3819579241167
13.671717,100.360606,344.91969700659695
13.671717,100.366667,551.6894978859758
13.671717,100.372727,34.73678125765385
13.671717,100.378788,224.8213607629716
13.671717,100.384848,37.53808777594975
13.671717,100.390909,337.26695484060406
13.671717,100.39697,51.07637830121114
13.671717,100.40303,270.6981404487918
13.671717,100.409091,104.34520210984132
13.671717,100.415152,130.31157904169572
13.671717,100.421212,114.39583459778099
13.671717,100.427273,136.35331558631208
13.671717,100.433333,234.36014427287088
13.671717,100.439394,282.09889986573995
13.671717,100.445455,92.95357982371635
13.671717,100.451515,308.2977637481376
13.671717,100.457576,235.642868329649
13.671717,100.463636,113.0036609581327
13.671717,100.469697,273.9593579511705
13.671717,100.475758,155.90262509025516
13.671717,100.481818,25.322792116809786
13.671717,100.487879,95.42161899595102
13.671717,100.493939,165.10596505667283
13.671717,100.5,34.743935024532796
13.671717,100.506061,289.7340697479801
13.671717,100.512121,12.065121254950839
13.671717,100.518182,167.62699482158214
13.671717,100.524242,295.6492946702959
13.671717,100.530303,40.19140575703024
13.671717,100.536364,80.05439084145637
13.671717,100.542424,153.80705768665055
13.671717,100.548485,41.29020719477369
13.671717,100.554545,274.84806779334633
13.671717,100.560606,45.57243524947627
13.671717,100.566667,55.10369235429644
13.671717,100.572727,239.50324176661863
13.671717,100.578788,119.16117626323523
13.671717,100.584848,16.64811349066675
13.671717,100.590909,194.14780453371924
13.671717,100.59697,10.025334826527887
13.671717,100.60303,166.44443256646866
13.671717,100.609091,343.2670705830003
13.671717,100.615152,460.0115584359978
13.671717,100.621212,60.75227169395796
13.671717,100.627273,136.42546908668058
13.671717,100.633333,166.16489960892181
13.671717,100.639394,349.5910558941755
13.671717,100.645455,163.7904844372939
13.671717,100.651515,286.3792045485393
13.671717,100.657576,36.1724657833419
13.671717,100.663636,96.06898005547036
13.671717,100.669697,87.0532435822693
13.671717,100.675758,425.57082250013235
13.671717,100.681818,182.11734700167784
13.671717,100.687879,365.7006069314777
13.671717,100.693939,298.95471318955225
13.671717,100.7,298.3662776439938
13.671717,100.706061,193.834336612433
13.671717,100.712121,351.610080244185
13.671717,100.718182,273.7138045661248
13.671717,100.724242,138.4524504082653
13.671717,100.730303,536.2949349616139
13.671717,100.736364,1132.5811817680808
13.671717,100.742424,941.1772853697084
13.671717,100.748485,1167.6156178240108
13.671717,100.754545,899.2468561238713
13.671717,100.760606,225.1826749441908
13.671717,100.766667,272.4858156828166
13.671717,100.772727,203.62420615705176
13.671717,100.778788,20.06026244961931
13.671717,100.784848,481.6517188945035
13.671717,100.790909,304.1605233645062
13.671717,100.79697,295.67332272928843
13.671717,100.80303,239.18796221592282
13.671717,100.809091,460.92488656571567
13.671717,100.815152,159.46902547769133
13.671717,100.821212,172.49467025351203
13.671717,100.827273,347.20618058744594
13.671717,100.833333,314.74850431693983
13.671717,100.839394,436.51363243457087
13.671717,100.845455,141.9905660857903
13.671717,100.851515,59.154364955509735
13.671717,100.857576,231.65677690468448
13.671717,100.863636,436.3482397255948
13.671717,100.869697,34.70542178018037
13.671717,100.875758,313.50192883080354
13.671717,100.881818,213.14433684857403
13.671717,100.887879,746.4730281177458
13.671717,100.893939,417.0360591467659
13.671717,100.9,79.11064648170381
13.676768,100.3,200.19696600561707
13.676768,100.306061,586.2837036084051
13.676768,100.312121,387.72063783508975
13.676768,100.318182,228.38084823196354
13.676768,100.324242,291.9901015499184
13.676768,100.330303,357.9990598277933
13.676768,100.336364,41.21748486787895
13.676768,100.342424,347.4549920379623
13.676768,100.348485,470.0419208328213
13.676768,100.354545,129.97675624774976
13.676768,100.360606,783.9666588849728
13.676768,100.366667,416.11875631661843
13.676768,100.372727,113.0874024843863
13.676768,100.378788,252.16892140010998
13.676768,100.384848,303.5491218514205
13.676768,100.390909,389.51140095259586
13.676768,100.39697,102.29312128123738
13.676768,100.40303,244.16994498707163
13.676768,100.409091,69.01940007743553
13.676768,100.415152,382.8063086194266
13.676768,100.421212,132.72541636605644
13.676768,100.427273,195.533648129458
13.676768,100.433333,253.29639517913103
13.676768,100.439394,64.58066962521363
13.676768,100.445455,331.0839580221991
13.676768,100.451515,140.38056787393046
13.676768,100.457576,113.86703999535762
13.676768,100.463636,67.2062211828652
13.676768,100.469697,14.45804686557334
13.676768,100.475758,402.028826514968
13.676768,100.481818,119.77481439556641
13.676768,100.487879,147.2479782382054
13.676768,100.493939,43.687245735201834
13.676768,100.5,401.9850136484289
13.676768,100.506061,235.2898057178658
13.676768,100.512121,24.05573943828846
13.676768,100.518182,200.0227501075252
13.676768,100.524242,77.00986132481286
13.676768,100.530303,5.780284970117439
13.676768,100.536364,27.350605870784154
13.676768,100.542424,61.40681825122726
13.676768,100.548485,14.793904476634895
13.676768,100.554545,124.18768644936765
13.676768,100.560606,244.87387343794634
13.676768,100.566667,112.67295964932993
13.676768,100.572727,34.42958978283671
13.676768,100.578788,78.90835575247849
13.676768,100.584848,82.69578662901975
13.676768,100.590909,315.9965185254811
13.676768,100.59697,433.3791132369453
13.676768,100.60303,418.43495762596126
13.676768,100.609091,611.862367804019
13.676768,100.615152,565.6599116361202
13.676768,100.621212,265.36360100460143
13.676768,100.627273,155.87351404579795
13.676768,100.633333,204.4122989830521
13.676768,100.639394,114.42967469781317
13.676768,100.645455,483.0148499010479
13.676768,100.651515,659.9090372137063
13.676768,100.657576,432.0848602354433
13.676768,100.663636,97.10540652001109
13.676768,100.669697,78.53266548932615
13.676768,100.675758,538.5153844814844
13.676768,100.681818,114.41089483137364
13.676768,100.687879,491.9980239645017
13.676768,100.693939,111.436670126192
13.676768,100.7,133.39510204546494
13.676768,100.706061,204.2966079541406
13.676768,100.712121,48.40726232328286
13.676768,100.718182,35.16644081853901
13.676768,100.724242,122.65648450600123
13.676768,100.730303,257.0776650228202
13.676768,100.736364,859.1577121503965
13.676768,100.742424,1467.0895963679607
13.676768,100.748485,1198.380838881252
13.676768,100.754545,939.7604612425457
13.676768,100.760606,354.5706604738594
13.676768,100.766667,255.52074391014756
13.676768,100.772727,335.1799202077837
13.676768,100.778788,166.30567376057854
13.676768,100.784848,74.15502067429632
13.676768,100.790909,59.34488411040007
13.676768,100.79697,37.16734915887702
13.676768,100.80303,146.49260664922502
13.676768,100.809091,76.08375084084578
13.676768,100.815152,355.283864440473
13.676768,100.821212,33.94609719448367
13.676768,100.827273,301.14827687187136
13.676768,100.833333,105.24412576386015
13.676768,100.839394,89.75582490988288
13.676768,100.845455,171.95854898318012
13.676768,100.851515,410.20017162764873
13.676768,100.857576,143.31063037025194
13.676768,100.863636,404.7831365410559
13.676768,100.869697,218.7016756279691
13.676768,100.875758,671.5628847618614
13.676768,100.881818,219.0826180346513
13.676768,100.887879,301.41111288258645
13.676768,100.893939,752.3607227758556
13.676768,100.9,78.93613207812174
13.681818,100.3,141.0784659136471
13.681818,100.306061,541.2379816117152
13.681818,100.312121,272.4584780963451
13.681818,100.318182,212.77480603837776
13.681818,100.324242,178.22589160635545
13.681818,100.330303,356.13833522086327
13.681818,100.336364,295.6499057908894
13.681818,100.342424,411.73601063153393
13.681818,100.348485,190.25585392009714
13.681818,100.354545,167.27925240887046
13.681818,100.360606,581.1849980924832
13.681818,100.366667,242.70531122475242
13.681818,100.372727,322.88103501667706
13.681818,100.378788,74.27685919639431
13.681818,100.384848,171.41997350404714
13.681818,100.390909,115.85375752870297
13.681818,100.39697,416.8859018098224
13.681818,100.40303,129.36366155787803
13.681818,100.409091,222.88721189584666
13.681818,100.415152,122.18993591925903
13.681818,100.421212,182.08111871636197
13.681818,100.427273,139.8314465865765
13.681818,100.433333,46.01141230778492
13.681818,100.439394,385.8958809688575
13.681818,100.445455,107.57712414894115
13.681818,100.451515,201.33204128073683
13.681818,100.457576,25.264816490377118
13.681818,100.463636,19.225353970713353
13.681818,100.469697,36.41305957259638
13.681818,100.475758,171.17226719808056
13.681818,100.481818,182.6757051788391
13.681818,100.487879,45.10474991511689
13.681818,100.493939,235.7394851803051
13.681818,100.5,403.75285585059623
13.681818,100.506061,117.38660007600743
13.681818,100.512121,35.45714655467195
13.681818,100.518182,84.79258941561017
13.681818,100.524242,42.99456402799441
13.681818,100.530303,154.6013318251564
13.681818,100.536364,93.94098579738649
13.681818,100.542424,90.4675559277238
13.681818,100.548485,31.441034845734848
13.681818,100.554545,245.0684959557481
13.681818,100.560606,87.36419203037853
13.681818,100.566667,230.31866043215743
13.681818,100.572727,24.613438550926016
13.681818,100.578788,283.2307864565002
13.681818,100.584848,70.549017285232
13.681818,100.590909,91.22921834764325
13.681818,100.59697,147.83318004137675
13.681818,100.60303,127.64349687525554
13.681818,100.609091,131.69235467001278
13.681818,100.615152,435.4897544036174
13.681818,100.621212,565.2929567896252
13.681818,100.627273,496.80039176339585
13.681818,100.633333,631.4230934660774
13.681818,100.639394,59.60463363637827
13.681818,100.645455,190.57605560257213
13.681818,100.651515,355.2303168045112
13.681818,100.657576,149.24408192179345
13.681818,100.663636,395.0726374025158
13.681818,100.669697,334.6065376189486
13.681818,100.675758,243.22174228467082
13.681818,100.681818,137.13643996586876
13.681818,100.687879,81.68190395531651
13.681818,100.693939,88.40615853836961
13.681818,100.7,187.03271936172732
13.681818,100.706061,105.27809725159301
13.681818,100.712121,499.95644854795444
13.681818,100.718182,161.3754268499154
13.681818,100.724242,470.75629929401396
13.681818,100.730303,126.2762991876294
13.681818,100.736364,636.8162373160861
13.681818,100.742424,1303.2661274947195
13.681818,100.748485,825.2441088490745
13.681818,100.754545,391.9156289162044
13.681818,100.760606,584.1224625737927
13.681818,100.766667,89.88327270506831
13.681818,100.772727,51.83748209786023
13.681818,100.778788,169.18769281206596
13.681818,100.784848,462.2534767122913
13.681818,100.790909,467.8966343981676
13.681818,100.79697,488.74493821238417
13.681818,100.80303,117.71234410337453
13.681818,100.809091,364.1889121009512
13.681818,100.815152,96.74546578571444
13.681818,100.821212,323.03240517727556
13.681818,100.827273,84.81166523657748
13.681818,100.833333,29.35325182756734
13.681818,100.839394,225.1819958535979
13.681818,100.845455,232.72604726879152
13.681818,100.851515,343.8568352442137
13.681818,100.857576,176.73723086699985
13.681818,100.863636,170.11309808402956
13.681818,100.869697,452.8488193349869
13.681818,100.875758,918.3489719286093
13.681818,100.881818,580.4147121010169
13.681818,100.887879,76.38164914888605
13.681818,100.893939,274.1815679019683
13.681818,100.9,200.65099588422268
13.686869,100.3,244.4245252348497
13.686869,100.306061,523.8647451803502
13.686869,100.312121,33.20282989968677
13.686869,100.318182,159.14038709100268
13.686869,100.324242,100.17480709322908
13.686869,100.330303,271.1273833082233
13.686869,100.336364,378.5614079310867
13.686869,100.342424,338.23685584630806
13.686869,100.348485,22.655433321193616
13.686869,100.354545,447.5209998506149
13.686869,100.360606,634.8997433461027
13.686869,100.366667,58.170480896950934
13.686869,100.372727,506.5085176614186
13.686869,100.378788,109.32139608007239
13.686869,100.384848,572.3436461024372
13.686869,100.390909,1.4441169075738223
13.686869,100.39697,94.03076256351333
13.686869,100.40303,224.3124785703662
13.686869,100.409091,156.0208512941367
13.686869,100.415152,61.83909464385663
13.686869,100.421212,300.94973375989076
13.686869,100.427273,38.97195550640435
13.686869,100.433333,380.9500823043845
13.686869,100.439394,112.80796079497259
13.686869,100.445455,161.0830960769433
13.686869,100.451515,224.25254631422013
13.686869,100.457576,154.42356783248198
13.686869,100.463636,125.81363351965929
13.686869,100.469697,54.136655704173826
13.686869,100.475758,33.032913429831744
13.686869,100.481818,17.751941800741314
13.686869,100.487879,190.1306484432816
13.686869,100.493939,273.2140557601892
13.686869,100.5,6.930955201954436
13.686869,100.506061,136.4880011368904
13.686869,100.512121,112.14928026967836
13.686869,100.518182,27.321205256652124
13.686869,100.524242,101.40753430516294
13.686869,100.530303,69.37881980856692
13.686869,100.536364,248.69342170487792
13.686869,100.542424,99.4683089599896
13.686869,100.548485,3.392046623734701
13.686869,100.554545,222.42019173321694
13.686869,100.560606,34.400942064437295
13.686869,100.566667,273.1101063205422
13.686869,100.572727,239.2288680569468
13.686869,100.578788,38.94221977601391
13.686869,100.584848,44.98018186142357
13.686869,100.590909,139.49573472463743
13.686869,100.59697,312.0132150847913
13.686869,100.60303,43.011339818347885
13.686869,100.609091,337.3999556643352
13.686869,100.615152,122.76006451938274
13.686869,100.621212,290.90020481030257
13.686869,100.627273,157.50174904030305
13.686869,100.633333,199.90601640360484
13.686869,100.639394,105.72231299412437
13.686869,100.645455,386.7809739524752
13.686869,100.651515,198.52415455875172
13.686869,100.657576,415.443930223483
13.686869,100.663636,859.1182719448018
13.686869,100.669697,549.2128205991718
13.686869,100.675758,115.18238817660028
13.686869,100.681818,421.2419198130063
13.686869,100.687879,155.31514884420517
13.686869,100.693939,270.67193444876017
13.686869,100.7,127.71426315124941
13.686869,100.706061,135.6611290931837
13.686869,100.712121,382.50913248222815
13.686869,100.718182,251.43940833813573
13.686869,100.724242,27.78892600575591
13.686869,100.730303,147.92311009432913
13.686869,100.736364,503.8488127887593
13.686869,100.742424,1137.270539054471
13.686869,100.748485,729.6307475110298
13.686869,100.754545,111.27591578701481
13.686869,100.760606,449.91499572492125
13.686869,100.766667,464.6081586385385
13.686869,100.772727,230.94836891884165
13.686869,100.778788,367.87069076880294
13.686869,100.784848,36.76535761452396
13.686869,100.790909,469.1885107954319
13.686869,100.79697,141.67190872029326
13.686869,100.80303,404.8343768499607
13.686869,100.809091,318.21967852998034
13.686869,100.815152,337.67793845547254
13.686869,100.821212,162.7787870987842
13.686869,100.827273,363.0610515763292
13.686869,100.833333,52.27813343493257
13.686869,100.839394,301.53136040030324
13.686869,100.845455,280.1757669347179
13.686869,100.851515,564.0575942797195
13.686869,100.857576,125.74600176367305
13.686869,100.863636,46.515614467449666
13.686869,100.869697,608.1700880446708
13.686869,100.875758,389.83741568066273
13.686869,100.881818,220.50176495512753
13.686869,100.887879,168.17258632587433
13.686869,100.893939,298.38491659369043
13.686869,100.9,348.684857342429
13.691919,100.3,244.97642926242807
13.691919,100.306061,403.69905217985547
13.691919,100.312121,156.64480059706977
13.691919,100.318182,85.11443411169039
13.691919,100.324242,52.64652347779204
13.691919,100.330303,116.27805630067598
13.691919,100.336364,479.0893045648353
13.691919,100.342424,541.5967448302891
13.691919,100.348485,130.04657446268632
13.691919,100.354545,799.2351994438656
13.691919,100.360606,738.0210917287566
13.691919,100.366667,604.6889747380591
13.691919,100.372727,450.03505085614836
13.691919,100.378788,125.89394567404345
13.691919,100.384848,213.50236027716267
13.691919,100.390909,96.54065762885314
13.691919,100.39697,135.40795677465928
13.691919,100.40303,78.25601385479192
13.691919,100.409091,46.189607194118146
13.691919,100.415152,60.62663805000614
13.691919,100.421212,112.61387433418416
13.691919,100.427273,60.1434927775795
13.691919,100.433333,101.26619849220943
13.691919,100.439394,32.671117131582605
13.691919,100.445455,136.23231762176638
13.691919,100.451515,167.54716101320824
13.691919,100.457576,169.19450591803653
13.691919,100.463636,406.4426232986611
13.691919,100.469697,32.18926702346852
13.691919,100.475758,195.1728112112735
13.691919,100.481818,135.01835346289477
13.691919,100.487879,306.82019167466115
13.691919,100.493939,57.19084365872506
13.691919,100.5,42.20050757020455
13.691919,100.506061,30.641680812622088
13.691919,100.512121,89.92458263604642
13.691919,100.518182,147.06638515920105
13.691919,100.524242,44.3638483043262
13.691919,100.530303,154.9485169492157
13.691919,100.536364,400.9566635189534
13.691919,100.542424,22.57602809088181
13.691919,100.548485,104.66160825772222
13.691919,100.554545,221.32163005502994
13.691919,100.560606,188.323712845919
13.691919,100.566667,142.89448394638092
13.691919,100.572727,40.61185662649489
13.691919,100.578788,29.201994466034744
13.691919,100.584848,178.50497831279134
13.691919,100.590909,68.83778577466104
13.691919,100.59697,222.6450964494512
13.691919,100.60303,316.657729931932
13.691919,100.609091,197.96498421119102
13.691919,100.615152,348.5477524844458
13.691919,100.621212,117.50356326803306
13.691919,100.627273,28.707138057576397
13.691919,100.633333,371.11396138590624
13.691919,100.639394,196.75137470841992
13.691919,100.645455,657.254699323473
13.691919,100.651515,181.7923672301584
13.691919,100.657576,496.88412539194155
13.691919,100.663636,862.5213000304632
13.691919,100.669697,715.748621790632
13.691919,100.675758,92.17665177063971
13.691919,100.681818,130.56119917438937
13.691919,100.687879,336.4151557296386
13.691919,100.693939,562.0164887114103
13.691919,100.7,189.8348785675381
13.691919,100.706061,430.63598719755663
13.691919,100.712121,280.33052017455066
13.691919,100.718182,13.7995003782547
13.691919,100.724242,160.80222358032324
13.691919,100.730303,314.0069365513797
13.691919,100.736364,317.09693199275586
13.691919,100.742424,974.7161111753842
13.691919,100.748485,868.787912541983
13.691919,100.754545,238.57032313063613
13.691919,100.760606,320.14717041766255
13.691919,100.766667,633.8418757885538
13.691919,100.772727,82.1302227127664
13.691919,100.778788,67.89360895695945
13.691919,100.784848,396.86578463847496
13.691919,100.790909,119.69759287984819
13.691919,100.79697,157.64795915569138
13.691919,100.80303,302.26469843367045
13.691919,100.809091,297.3212993136981
13.691919,100.815152,268.37848181653413
13.691919,100.821212,134.69113246339828
13.691919,100.827273,69.92060508738031
13.691919,100.833333,496.96942419844765
13.691919,100.839394,76.04624776869572
13.691919,100.845455,708.4163995571333
13.691919,100.851515,913.0330668529891
13.691919,100.857576,338.10152641678735
13.691919,100.863636,278.9656620515643
13.691919,100.869697,167.90268987133192
13.691919,100.875758,285.73667604563707
13.691919,100.881818,277.0505387698614
13.691919,100.887879,661.1695469569718
13.691919,100.893939,843.7071992785469
13.691919,100.9,860.4070134625977
13.69697,100.3,295.9009190679606
13.69697,100.306061,371.40686503093957
13.69697,100.312121,92.87743555057736
13.69697,100.318182,32.53480454280972
13.69697,100.324242,31.41753339877264
13.69697,100.330303,112.70710153724652
13.69697,100.336364,561.8986415639811
13.69697,100.342424,467.2209366085806
13.69697,100.348485,200.55504378278567
13.69697,100.354545,272.7116235350353
13.69697,100.360606,181.22024291465226
13.69697,100.366667,105.92183697922962
13.69697,100.372727,317.92664274751485
13.69697,100.378788,132.70021475117665
13.69697,100.384848,217.01531672238013
13.69697,100.390909,205.25383886504156
13.69697,100.39697,19.563589759109007
13.69697,100.40303,185.02281303130047
13.69697,100.409091,50.60040161005478
13.69697,100.415152,100.72119547920403
13.69697,100.421212,143.63723819169672
13.69697,100.427273,86.96578598762011
13.69697,100.433333,105.87952083401207
13.69697,100.439394,15.391599324867087
13.69697,100.445455,307.8041136700337
13.69697,100.451515,201.45854284573178
13.69697,100.457576,84.73500566917252
13.69697,100.463636,89.09675953488322
13.69697,100.469697,311.8413043297055
13.69697,100.475758,92.67081441199183
13.69697,100.481818,150.84003975933507
13.69697,100.487879,226.00657950569337
13.69697,100.493939,293.7301463700154
13.69697,100.5,46.66777109553998
13.69697,100.506061,204.6123863758699
13.69697,100.512121,102.49059258305248
13.69697,100.518182,38.862043185142426
13.69697,100.524242,212.10589774374773
13.69697,100.530303,269.1772076269249
13.69697,100.536364,57.83880504883401
13.69697,100.542424,172.80161145912228
13.69697,100.548485,46.44876856910202
13.69697,100.554545,181.61339022328755
13.69697,100.560606,32.745865542530744
13.69697,100.566667,360.7508911404622
13.69697,100.572727,239.94433706245442
13.69697,100.578788,126.27236096319004
13.69697,100.584848,135.55821082511392
13.69697,100.590909,385.0990950954182
13.69697,100.59697,216.09285543763255
13.69697,100.60303,59.99118253232789
13.69697,100.609091,173.49868122526857
13.69697,100.615152,119.77450194022475
13.69697,100.621212,45.37376025393918
13.69697,100.627273,79.65980563155495
13.69697,100.633333,213.11546360253533
13.69697,100.639394,225.2796757019932
13.69697,100.645455,104.03087417959681
13.69697,100.651515,182.08367939413975
13.69697,100.657576,381.2303806624414
13.69697,100.663636,331.1396897953011
13.69697,100.669697,371.3683605196238
13.69697,100.675758,74.55869228037977
13.69697,100.681818,410.54843679074406
13.69697,100.687879,303.81585657152647
13.69697,100.693939,578.3651597667905
13.69697,100.7,165.7557809152667
13.69697,100.706061,117.92856679871362
13.69697,100.712121,255.00046060693015
13.69697,100.718182,22.980487309437603
13.69697,100.724242,374.34989382816224
13.69697,100.730303,203.20275136932247
13.69697,100.736364,152.81035599947526
13.69697,100.742424,823.3983515877641
13.69697,100.748485,357.0199540962285
13.69697,100.754545,172.11167055846894
13.69697,100.760606,342.25182380642707
13.69697,100.766667,489.37033102798324
13.69697,100.772727,321.5749634379989
13.69697,100.778788,160.66065389156768
13.69697,100.784848,338.94250445914764
13.69697,100.790909,311.94029400744245
13.69697,100.79697,307.6012884597917
13.69697,100.80303,484.98794007294634
13.69697,100.809091,122.75654952834857
13.69697,100.815152,202.53712324103418
13.69697,100.821212,66.43963422274513
13.69697,100.827273,170.81146911986784
13.69697,100.833333,712.6734862880362
13.69697,100.839394,141.6126751682088
13.69697,100.845455,487.84050148546896
13.69697,100.851515,424.2282568042023
13.69697,100.857576,195.0274583420333
13.69697,100.863636,262.7362473638351
13.69697,100.869697,87.25608562693753
13.69697,100.875758,462.09784658892727
13.69697,100.881818,442.9374430521318
13.69697,100.887879,309.93315329422506
13.69697,100.893939,793.774415484399
13.69697,100.9,1288.6882387350065
13.70202,100.3,223.83025810869628
13.70202,100.306061,273.7282011217764
13.70202,100.312121,93.62564612773217
13.70202,100.318182,28.98622531272544
13.70202,100.324242,166.47969680424367
13.70202,100.330303,45.83342226069812
13.70202,100.336364,678.0844757248553
13.70202,100.342424,285.3750019173129
13.70202,100.348485,224.65220261899302
13.70202,100.354545,268.79159131437905
13.70202,100.360606,382.4085703634455
13.70202,100.366667,403.88093193845015
13.70202,100.372727,271.6935096022073
13.70202,100.378788,124.53239088229773
13.70202,100.384848,72.7638545555316
13.70202,100.390909,148.3263705670984
13.70202,100.39697,265.7664600287371
13.70202,100.40303,72.97097410806082
13.70202,100.409091,202.3959886171672
13.70202,100.415152,122.19866964328801
13.70202,100.421212,158.19316674962062
13.70202,100.427273,84.7951681326481
13.70202,100.433333,9.999516898322172
13.70202,100.439394,160.50730821101334
13.70202,100.445455,30.33948740274432
13.70202,100.451515,153.2813519482745
13.70202,100.457576,177.85373716809497
13.70202,100.463636,171.35841632086903
13.70202,100.469697,118.36614350899166
13.70202,100.475758,295.84259148823367
13.70202,100.481818,299.69335991086825
13.70202,100.487879,53.82978137846803
13.70202,100.493939,49.661822083084424
13.70202,100.5,57.35886120424496
13.70202,100.506061,300.4065615627974
13.70202,100.512121,290.73398707471966
13.70202,100.518182,248.40503688583385
13.70202,100.524242,213.96427104430592
13.70202,100.530303,188.00631820683213
13.70202,100.536364,334.32708097151635
13.70202,100.542424,47.36121664989412
13.70202,100.548485,76.56567345697891
13.70202,100.554545,271.8673232905765
13.70202,100.560606,79.66001408480439
13.70202,100.566667,274.17690354792717
13.70202,100.572727,143.39424111513944
13.70202,100.578788,226.43098473065763
13.70202,100.584848,265.76721283543947
13.70202,100.590909,50.72072098422578
13.70202,100.59697,54.96075838614451
13.70202,100.60303,447.42347899373897
13.70202,100.609091,86.83101146905025
13.70202,100.615152,96.70498146494727
13.70202,100.621212,168.17948918797066
13.70202,100.627273,222.13097290553523
13.70202,100.633333,32.19920175910784
13.70202,100.639394,200.28927841527937
13.70202,100.645455,54.16960911643708
13.70202,100.651515,44.56079531774902
13.70202,100.657576,182.25185460331883
13.70202,100.663636,239.22583046458683
13.70202,100.669697,206.98415008889765
13.70202,100.675758,108.09014075754537
13.70202,100.681818,158.9199988369519
13.70202,100.687879,105.35370908657552
13.70202,100.693939,267.8644864460501
13.70202,100.7,54.77621494103367
13.70202,100.706061,562.6897238542945
13.70202,100.712121,87.09867026480926
13.70202,100.718182,90.8220264280145
13.70202,100.724242,253.37856278754361
13.70202,100.730303,106.13458967839603
13.70202,100.736364,92.18924583362478
13.70202,100.742424,612.3478338825443
13.70202,100.748485,348.0117115003677
13.70202,100.754545,101.66040870340225
13.70202,100.760606,326.9622758575371
13.70202,100.766667,89.89656025359754
13.70202,100.772727,565.5999696824234
13.70202,100.778788,103.10128893795384
13.70202,100.784848,32.64243517952398
13.70202,100.790909,347.242401692332
13.70202,100.79697,226.77447727065834
13.70202,100.80303,542.576227632848
13.70202,100.809091,449.1152865871704
13.70202,100.815152,330.48665888920016
13.70202,100.821212,397.58752795454336
13.70202,100.827273,168.00320760185915
13.70202,100.833333,457.155814771517
13.70202,100.839394,364.42553388962807
13.70202,100.845455,142.22783583170386
13.70202,100.851515,140.61670001787806
13.70202,100.857576,83.8894764481936
13.70202,100.863636,169.06646122966796
13.70202,100.869697,112.45301982620373
13.70202,100.875758,123.89415700071801
13.70202,100.881818,572.8223173256578
13.70202,100.887879,103.87730408402402
13.70202,100.893939,411.061314570288
13.70202,100.9,886.2955002189858
13.707071,100.3,310.902905472807
13.707071,100.306061,265.2819347799836
13.707071,100.312121,219.3168346237122
13.707071,100.318182,314.78022537731056
13.707071,100.324242,40.844193938617586
13.707071,100.330303,361.9735678917997
13.707071,100.336364,783.8725097252902
13.707071,100.342424,221.33489405795555
13.707071,100.348485,461.62705647566133
13.707071,100.354545,639.6902743350632
13.707071,100.360606,188.67320435993585
13.707071,100.366667,281.6401499999168
13.707071,100.372727,114.93917653373433
13.707071,100.378788,494.1068849103763
13.707071,100.384848,550.5799539864453
13.707071,100.390909,414.2358758867064
13.707071,100.39697,293.52419375544883
13.707071,100.40303,182.32969180137607
13.707071,100.409091,90.68105130042179
13.707071,100.415152,20.09052152708047
13.707071,100.421212,124.57467469737996
13.707071,100.427273,117.12314244691197
13.707071,100.433333,150.36453760614475
13.707071,100.439394,100.07208097909516
13.707071,100.445455,48.699936391965515
13.707071,100.451515,106.23272324402734
13.707071,100.457576,36.802789328319925
13.707071,100.463636,233.25678026913354
13.707071,100.469697,96.61522506567493
13.707071,100.475758,169.8699466581012
13.707071,100.481818,39.221979240943305
13.707071,100.487879,177.60542274422988
13.707071,100.493939,123.36721521709886
13.707071,100.5,74.35003547997162
13.707071,100.506061,128.43576779746505
13.707071,100.512121,88.06999187187682
13.707071,100.518182,251.78765264750183
13.707071,100.524242,669.5230491823098
13.707071,100.530303,506.55634105047335
13.707071,100.536364,138.8002315694777
13.707071,100.542424,305.14764606474597
13.707071,100.548485,27.427153893384585
13.707071,100.554545,168.28627281336196
13.707071,100.560606,87.71819704453613
13.707071,100.566667,349.39941651220255
13.707071,100.572727,147.59805330255662
13.707071,100.578788,311.49412935955297
13.707071,100.584848,129.40264346431442
13.707071,100.590909,36.19208886446939
13.707071,100.59697,28.237019638853287
13.707071,100.60303,207.03642706498434
13.707071,100.609091,133.56458530885487
13.707071,100.615152,55.23103180571707
13.707071,100.621212,110.03349535641077
13.707071,100.627273,449.92108715920557
13.707071,100.633333,109.60210260173224
13.707071,100.639394,129.49628374307812
13.707071,100.645455,281.36948052436
13.707071,100.651515,209.5129422395461
13.707071,100.657576,128.9250473794367
13.707071,100.663636,519.9029589118863
13.707071,100.669697,114.81882241213809
13.707071,100.675758,326.25748706247293
13.707071,100.681818,310.3605005880143
13.707071,100.687879,217.76185225399158
13.707071,100.693939,154.5344564772417
13.707071,100.7,386.73968046412415
13.707071,100.706061,600.5241090088617
13.707071,100.712121,74.55526585352091
13.707071,100.718182,234.67720435437246
13.707071,100.724242,411.13568683701334
13.707071,100.730303,186.75829145434975
13.707071,100.736364,296.2814357210184
13.707071,100.742424,351.1744558194535
13.707071,100.748485,443.15928894967493
13.707071,100.754545,234.80077815447393
13.707071,100.760606,157.41686847420831
13.707071,100.766667,59.08251714216766
13.707071,100.772727,217.686445580528
13.707071,100.778788,394.90732406939253
13.707071,100.784848,94.26202998390286
13.707071,100.790909,316.2035384389072
13.707071,100.79697,26.228043281866295
13.707071,100.80303,54.91050125150473
13.707071,100.809091,99.77738344770877
13.707071,100.815152,380.48400106679503
13.707071,100.821212,608.3378615816374
13.707071,100.827273,349.5395985876617
13.707071,100.833333,218.9063192296699
13.707071,100.839394,160.00310281466486
13.707071,100.845455,235.73796072873415
13.707071,100.851515,480.7854045539859
13.707071,100.857576,224.80377984262424
13.707071,100.863636,344.25025766638277
13.707071,100.869697,621.677439576552
13.707071,100.875758,203.7203754499834
13.707071,100.881818,411.0723966477288
13.707071,100.887879,468.77527660702214
13.707071,100.893939,24.40362920362054
13.707071,100.9,500.67298298120687
13.712121,100.3,289.9977740327135
13.712121,100.306061,333.1488102227864
13.712121,100.312121,298.6587085491678
13.712121,100.318182,704.6281998003878
13.712121,100.324242,32.55799621307072
13.712121,100.330303,644.9270138426735
13.712121,100.336364,622.279298351307
13.712121,100.342424,54.212071954174945
13.712121,100.348485,208.12225840149642
13.712121,100.354545,482.7191489155424
13.712121,100.360606,388.19492651104065
13.712121,100.366667,323.9004315533814
13.712121,100.372727,114.49253936487607
13.712121,100.378788,30.749092830035323
13.712121,100.384848,94.70427423920636
13.712121,100.390909,204.83372131277173
13.712121,100.39697,318.96167976352103
13.712121,100.40303,425.3674344844765
13.712121,100.409091,457.5527644122946
13.712121,100.415152,224.59405464420655
13.712121,100.421212,377.1123588640389
13.712121,100.427273,150.7994119124379
13.712121,100.433333,141.97315682960908
13.712121,100.439394,118.57014477806459
13.712121,100.445455,134.03255761161782
13.712121,100.451515,136.24552985740848
13.712121,100.457576,255.91974318373943
13.712121,100.463636,76.05383459214833
13.712121,100.469697,27.571033660896784
13.712121,100.475758,45.32409350331918
13.712121,100.481818,20.540552109498304
13.712121,100.487879,95.22442221372181
13.712121,100.493939,58.69203401274712
13.712121,100.5,73.88250114925668
13.712121,100.506061,187.7245957885011
13.712121,100.512121,154.40249534415653
13.712121,100.518182,209.14643044840375
13.712121,100.524242,127.74469353840422
13.712121,100.530303,92.31582624116619
13.712121,100.536364,119.3925802304602
13.712121,100.542424,213.70295732446954
13.712121,100.548485,256.01090095018753
13.712121,100.554545,51.47240830678163
13.712121,100.560606,626.5054004403923
13.712121,100.566667,481.5952257266425
13.712121,100.572727,204.6974607917908
13.712121,100.578788,198.16148023989945
13.712121,100.584848,331.64912145773656
13.712121,100.590909,402.2537972164749
13.712121,100.59697,103.2708176240545
13.712121,100.60303,44.5340665267516
13.712121,100.609091,382.06952103128805
13.712121,100.615152,94.63358246564319
13.712121,100.621212,18.509396367439717
13.712121,100.627273,101.47757428885518
13.712121,100.633333,284.8257849663164
13.712121,100.639394,158.41630983240833
13.712121,100.645455,107.50356317925736
13.712121,100.651515,113.44163665653574
13.712121,100.657576,292.5674979211767
13.712121,100.663636,140.3806905766078
13.712121,100.669697,209.48564542189976
13.712121,100.675758,82.72105233935311
13.712121,100.681818,16.245844917004934
13.712121,100.687879,176.49685176260405
13.712121,100.693939,196.34807342862968
13.712121,100.7,92.62975729098044
13.712121,100.706061,507.02011014829384
13.712121,100.712121,158.13316682041872
13.712121,100.718182,277.5674774245225
13.712121,100.724242,383.4614989939947
13.712121,100.730303,36.094780018221876
13.712121,100.736364,547.6616742243161
13.712121,100.742424,89.09791950810141
13.712121,100.748485,521.1015227175891
13.712121,100.754545,126.97424126284754
13.712121,100.760606,300.83630822559735
13.712121,100.766667,148.73513857119704
13.712121,100.772727,279.6365853818183
13.712121,100.778788,338.4486176944533
13.712121,100.784848,367.2550026853545
13.712121,100.790909,316.3397392380932
13.712121,100.79697,107.0700563072267
13.712121,100.80303,97.22557838169358
13.712121,100.809091,350.7190618313018
13.712121,100.815152,284.01220321527
13.712121,100.821212,47.46440954925322
13.712121,100.827273,240.35205966694843
13.712121,100.833333,97.14506574581428
13.712121,100.839394,504.3255167952417
13.712121,100.845455,184.20299653453407
13.712121,100.851515,146.75744221759444
13.712121,100.857576,526.1957564913866
13.712121,100.863636,67.81197850821319
13.712121,100.869697,641.1129069383802
13.712121,100.875758,455.8120834516465
13.712121,100.881818,165.55943712986536
13.712121,100.887879,703.4053479442919
13.712121,100.893939,389.48303578735
13.712121,100.9,265.5259898051606
13.717172,100.3,281.8080337743792
13.717172,100.306061,270.9030185504355
13.717172,100.312121,277.7581295437051
13.717172,100.318182,587.1476188099195
13.717172,100.324242,15.254366079739487
13.717172,100.330303,686.9277548585396
13.717172,100.336364,501.4648246081656
13.717172,100.342424,175.32926327997396
13.717172,100.348485,309.5372425322602
13.717172,100.354545,61.886696791870676
13.717172,100.360606,2.763652121349968
13.717172,100.366667,133.18997178543628
13.717172,100.372727,365.36521234760266
13.717172,100.378788,526.6734806536863
13.717172,100.384848,471.0057900843389
13.717172,100.390909,363.0446316477267
13.717172,100.39697,238.67310805114255
13.717172,100.40303,62.21051046112283
13.717172,100.409091,5.122776586639593
13.717172,100.415152,68.19734771055948
13.717172,100.421212,171.92800705085995
13.717172,100.427273,184.65889139709617
13.717172,100.433333,150.8003109186774
13.717172,100.439394,17.995996158179956
13.717172,100.445455,63.46702712901416
13.717172,100.451515,18.8651669135176
13.717172,100.457576,92.84059702823554
13.717172,100.463636,47.65703980984954
13.717172,100.469697,73.42067201827959
13.717172,100.475758,23.99543334325811
13.717172,100.481818,102.83165884266472
13.717172,100.487879,99.09554337345318
13.717172,100.493939,94.81463699705803
13.717172,100.5,33.72924173920411
13.717172,100.506061,141.33110215746106
13.717172,100.512121,55.17140491653647
13.717172,100.518182,134.26140171094679
13.717172,100.524242,327.48296813410377
13.717172,100.530303,332.5905864587164
13.717172,100.536364,373.66537861560664
13.717172,100.542424,89.65117755953874
13.717172,100.548485,428.66661248516994
13.717172,100.554545,386.2697357495586
13.717172,100.560606,217.8472757374924
13.717172,100.566667,345.2419005810325
13.717172,100.572727,410.1226929100817
13.717172,100.578788,218.18609957568674
13.717172,100.584848,457.5453678409953
13.717172,100.590909,303.28350316761856
13.717172,100.59697,61.86543875217783
13.717172,100.60303,130.55413877314842
13.717172,100.609091,152.20853983907656
13.717172,100.615152,148.79156336684608
13.717172,100.621212,223.38670828613607
13.717172,100.627273,39.78434299106269
13.717172,100.633333,91.31109432962532
13.717172,100.639394,50.229484940403054
13.717172,100.645455,71.91790756613572
13.717172,100.651515,15.605082822683924
13.717172,100.657576,149.5213346972639
13.717172,100.663636,357.47224344222263
13.717172,100.669697,618.1772589623165
13.717172,100.675758,324.460178532669
13.717172,100.681818,294.02136402476003
13.717172,100.687879,187.8571918733099
13.717172,100.693939,419.6502212669721
13.717172,100.7,171.66143507609655
13.717172,100.706061,421.04114247173015
13.717172,100.712121,246.26372583824215
13.717172,100.718182,212.1530523200533
13.717172,100.724242,442.3176359495464
13.717172,100.730303,50.66069975393744
13.717172,100.736364,599.8959112665183
13.717172,100.742424,238.4068151328332
13.717172,100.748485,167.8132846526924
13.717172,100.754545,34.98878978273907
13.717172,100.760606,82.42123252686773
13.717172,100.766667,111.50431856195878
13.717172,100.772727,101.91235348200003
13.717172,100.778788,102.75496179965846
13.717172,100.784848,68.76591778581687
13.717172,100.790909,234.66336400578797
13.717172,100.79697,252.74837913164873
13.717172,100.80303,16.355253204881745
13.717172,100.809091,19.652851617068524
13.717172,100.815152,158.24214157819992
13.717172,100.821212,516.3399334928606
13.717172,100.827273,702.9868651632987
13.717172,100.833333,323.21037846392176
13.717172,100.839394,25.544158721273885
13.717172,100.845455,235.2752993046712
13.717172,100.851515,38.96318474600908
13.717172,100.857576,247.7080513434995
13.717172,100.863636,237.63491220668973
13.717172,100.869697,371.8008468674137
13.717172,100.875758,715.245462096676
13.717172,100.881818,130.43851255681477
13.717172,100.887879,512.7914601891785
13.717172,100.893939,814.2208426570699
13.717172,100.9,318.5709392534677
13.722222,100.3,50.89552347917229
13.722222,100.306061,196.63242414219712
13.722222,100.312121,81.85299647650253
13.722222,100.318182,47.726176485374495
13.722222,100.324242,80.50019729193448
13.722222,100.330303,746.9463892738559
13.722222,100.336364,383.20216815243083
13.722222,100.342424,156.64487139941178
13.722222,100.348485,139.71181420248698
13.722222,100.354545,311.1851413914943
13.722222,100.360606,405.8320751732303
13.722222,100.366667,172.76917149508694
13.722222,100.372727,220.38000016366402
13.722222,100.378788,32.43687729902531
13.722222,100.384848,61.1766633380647
13.722222,100.390909,33.549007630443114
13.722222,100.39697,91.7611516265134
13.722222,100.40303,141.91291426789365
13.722222,100.409091,137.8140323156134
13.722222,100.415152,53.93784962943418
13.722222,100.421212,167.35673644461193
13.722222,100.427273,41.322190925162126
13.722222,100.433333,169.22151540929403
13.722222,100.439394,58.223864451137345
13.722222,100.445455,83.16729045668583
13.722222,100.451515,33.83528320256166
13.722222,100.457576,54.379666180949144
13.722222,100.463636,181.45198825393138
13.722222,100.469697,23.890851488153082
13.722222,100.475758,42.66299750907683
13.722222,100.481818,46.1103538383438
13.722222,100.487879,19.919226411406505
13.722222,100.493939,138.4698955615908
13.722222,100.5,12.885308032489547
13.722222,100.506061,324.62882048458005
13.722222,100.512121,59.81716574178698
13.722222,100.518182,328.87768767918976
13.722222,100.524242,17.827643417833876
13.722222,100.530303,19.971158586730358
13.722222,100.536364,155.63676430831947
13.722222,100.542424,24.618148066333998
13.722222,100.548485,436.34529254146753
13.722222,100.554545,643.3833402543631
13.722222,100.560606,40.31117466831525
13.722222,100.566667,651.1249469409804
13.722222,100.572727,834.8239172542612
13.722222,100.578788,233.3115545469213
13.722222,100.584848,441.31551372418227
13.722222,100.590909,449.60791482400293
13.722222,100.59697,251.39343323942757
13.722222,100.60303,50.04650073829638
13.722222,100.609091,40.09758298426283
13.722222,100.615152,248.99839443103068
13.722222,100.621212,95.78612506303354
13.722222,100.627273,268.9227262806387
13.722222,100.633333,24.395503062985426
13.722222,100.639394,94.33032948716235
13.722222,100.645455,20.10450294945684
13.722222,100.651515,278.4609055061927
13.722222,100.657576,279.58817152268864
13.722222,100.663636,49.20228397141284
13.722222,100.669697,87.42018498892496
13.722222,100.675758,206.61353336969398
13.722222,100.681818,201.7851556541874
13.722222,100.687879,29.66007080151081
13.722222,100.693939,200.31323661256056
13.722222,100.7,104.94337381022612
13.722222,100.706061,199.88154720643595
13.722222,100.712121,190.35608842411054
13.722222,100.718182,189.09381359837477
13.722222,100.724242,194.7368410714
13.722222,100.730303,89.22359944649594
13.722222,100.736364,191.76652362002037
13.722222,100.742424,249.04695949205632
13.722222,100.748485,214.21254725388397
13.722222,100.754545,207.52368032315016
13.722222,100.760606,162.1969073298088
13.722222,100.766667,17.62855098572922
13.722222,100.772727,284.6227848649655
13.722222,100.778788,85.15761795389423
13.722222,100.784848,205.07227004441307
13.722222,100.790909,149.45671840155242
13.722222,100.79697,99.04167989087055
13.722222,100.80303,350.2505388042443
13.722222,100.809091,382.4025437030694
13.722222,100.815152,122.54395627156458
13.722222,100.821212,141.72942215869713
13.722222,100.827273,580.6575306816619
13.722222,100.833333,410.8176075440999
13.722222,100.839394,38.596588117907245
13.722222,100.845455,687.7604195197216
13.722222,100.851515,103.82249758899191
13.722222,100.857576,111.66428853094801
13.722222,100.863636,523.1730161216378
13.722222,100.869697,347.0057562144914
13.722222,100.875758,932.8759572459297
13.722222,100.881818,357.0053088039817
13.722222,100.887879,261.1238830430069
13.722222,100.893939,397.4687423234958
13.722222,100.9,58.96813320766476
13.727273,100.3,441.25457070900944
13.727273,100.306061,233.59718237811165
13.727273,100.312121,532.2059432794665
13.727273,100.318182,60.14080694661954
13.727273,100.324242,148.06036450328997
13.727273,100.330303,362.06437220499834
13.727273,100.336364,313.11353255819716
13.727273,100.342424,31.528968476416605
13.727273,100.348485,128.86957576385404
13.727273,100.354545,252.37889267750364
13.727273,100.360606,166.79907748808733
13.727273,100.366667,109.87391879422177
13.727273,100.372727,39.916447826770046
13.727273,100.378788,62.62970937660833
13.727273,100.384848,100.09219239741844
13.727273,100.390909,175.28125029343343
13.727273,100.39697,110.77259946006619
13.727273,100.40303,176.84572341548034
13.727273,100.409091,98.56931595230755
13.727273,100.415152,83.25843680728333
13.727273,100.421212,12.649934786155828
13.727273,100.427273,94.76866764328858
13.727273,100.433333,60.01475948198827
13.727273,100.439394,15.353465706137326
13.727273,100.445455,53.85289523425241
13.727273,100.451515,34.93350903329001
13.727273,100.457576,118.1753872682361
13.727273,100.463636,195.4561974464773
13.727273,100.469697,63.7076540514137
13.727273,100.475758,111.1598494985585
13.727273,100.481818,157.17896336796835
13.727273,100.487879,268.7959768433317
13.727273,100.493939,228.64615429061558
13.727273,100.5,340.3135756064586
13.727273,100.506061,140.27636341397283
13.727273,100.512121,122.21491441317441
13.727273,100.518182,290.47999925646644
13.727273,100.524242,322.94000572366605
13.727273,100.530303,146.22844693450463
13.727273,100.536364,313.3053843909713
13.727273,100.542424,115.36105349791758
13.727273,100.548485,459.1562380894292
13.727273,100.554545,122.92434119177729
13.727273,100.560606,208.57036881622497
13.727273,100.566667,705.531354530415
13.727273,100.572727,623.1596991659834
13.727273,100.578788,160.9756165346979
13.727273,100.584848,475.44852147202414
13.727273,100.590909,734.6156955640298
13.727273,100.59697,71.4289574814234
13.727273,100.60303,163.083716794638
13.727273,100.609091,284.3696734168554
13.727273,100.615152,23.02971898861832
13.727273,100.621212,310.2046022240415
13.727273,100.627273,138.3157455203411
13.727273,100.633333,132.13968345879584
13.727273,100.639394,21.93773781172483
13.727273,100.645455,45.009137473021575
13.727273,100.651515,222.69218765811075
13.727273,100.657576,697.2377755978339
13.727273,100.663636,23.991694045339912
13.727273,100.669697,413.4759432843923
13.727273,100.675758,376.6112143990269
13.727273,100.681818,361.5772204937957
13.727273,100.687879,355.10817664202125
13.727273,100.693939,296.788726309086
13.727273,100.7,362.4119603199766
13.727273,100.706061,286.6607080297386
13.727273,100.712121,375.12023944242253
13.727273,100.718182,373.91254798912996
13.727273,100.724242,47.595184623529825
13.727273,100.730303,365.3332766106357
13.727273,100.736364,37.681313547430996
13.727273,100.742424,377.9553625502629
13.727273,100.748485,348.13584358978176
13.727273,100.754545,339.4590052114844
13.727273,100.760606,193.73814041116225
13.727273,100.766667,143.242918345469
13.727273,100.772727,404.94599881595354
13.727273,100.778788,104.71210162876798
13.727273,100.784848,161.7068993125525
13.727273,100.790909,14.203790761332455
13.727273,100.79697,599.0633954207074
13.727273,100.80303,92.67016920127249
13.727273,100.809091,100.48741959478883
13.727273,100.815152,431.7104996077571
13.727273,100.821212,421.28714773399025
13.727273,100.827273,151.76009817007133
13.727273,100.833333,166.76947434170305
13.727273,100.839394,77.78937256657176
13.727273,100.845455,654.3499748680423
13.727273,100.851515,205.00853953935754
13.727273,100.857576,84.29586509688905
13.727273,100.863636,471.2244664969354
13.727273,100.869697,765.7774731254582
13.727273,100.875758,487.683619952312
13.727273,100.881818,609.3076254009646
13.727273,100.887879,109.65297844436945
13.727273,100.893939,16.80665843032448
13.727273,100.9,258.9663481315208
13.732323,100.3,343.38083644596827
13.732323,100.306061,317.18370698997364
13.732323,100.312121,358.4326498976069
13.732323,100.318182,193.46948296555968
13.732323,100.324242,303.00356763272913
13.732323,100.330303,134.22249820515344
13.732323,100.336364,310.11269816292094
13.732323,100.342424,392.7842495354727
13.732323,100.348485,38.658384435747855
13.732323,100.354545,220.2148756178678
13.732323,100.360606,311.6854476794402
13.732323,100.366667,542.3304153619832
13.732323,100.372727,597.4629050926263
13.732323,100.378788,533.7912939276716
13.732323,100.384848,462.3093139644656
13.732323,100.390909,394.69227132237677
13.732323,100.39697,60.595922092328365
13.732323,100.40303,36.68057514292564
13.732323,100.409091,38.05686959036708
13.732323,100.415152,58.4437845350972
13.732323,100.421212,81.16476856277012
13.732323,100.427273,32.22454242863791
13.732323,100.433333,108.94199779754895
13.732323,100.439394,91.30478682915619
13.732323,100.445455,98.4162938970849
13.732323,100.451515,55.580335831643694
13.732323,100.457576,216.63253951248134
13.732323,100.463636,56.35179044256883
13.732323,100.469697,24.526890835270542
13.732323,100.475758,316.91395968229057
13.732323,100.481818,130.32986999763193
13.732323,100.487879,69.0630159229261
13.732323,100.493939,163.17507889170793
13.732323,100.5,80.16116175705466
13.732323,100.506061,169.12589685578703
13.732323,100.512121,151.91864708087058
13.732323,100.518182,293.6533203073602
13.732323,100.524242,78.01321166980688
13.732323,100.530303,309.02921948465297
13.732323,100.536364,362.6928673471357
13.732323,100.542424,51.670337295206004
13.732323,100.548485,190.66344820958395
13.732323,100.554545,324.0847444090975
13.732323,100.560606,161.58229029630766
13.732323,100.566667,776.0497590161477
13.732323,100.572727,431.69329191467244
13.732323,100.578788,422.2661983152952
13.732323,100.584848,74.39228757650064
13.732323,100.590909,579.2429056051462
13.732323,100.59697,459.0995885776065
13.732323,100.60303,178.59134802602827
13.732323,100.609091,180.9105200822726
13.732323,100.615152,33.35483260958883
13.732323,100.621212,154.58567987547403
13.732323,100.627273,18.02731079269713
13.732323,100.633333,356.9313864174391
13.732323,100.639394,103.04439449783972
13.732323,100.645455,285.6517950984348
13.732323,100.651515,124.74123871593667
13.732323,100.657576,315.63841110509276
13.732323,100.663636,128.25017963472908
13.732323,100.669697,462.5573286810762
13.732323,100.675758,184.93464921393343
13.732323,100.681818,443.3123653892853
13.732323,100.687879,70.38045872408837
13.732323,100.693939,66.71600127058453
13.732323,100.7,518.7916388780826
13.732323,100.706061,252.27001053125406
13.732323,100.712121,423.3716217677123
13.732323,100.718182,643.4095101814778
13.732323,100.724242,36.27689252893116
13.732323,100.730303,702.5111568175334
13.732323,100.736364,307.7342645961406
13.732323,100.742424,191.5488114731852
13.732323,100.748485,632.5082251823657
13.732323,100.754545,57.33590498171467
13.732323,100.760606,82.06856266870872
13.732323,100.766667,274.9089899168359
13.732323,100.772727,157.94896510826163
13.732323,100.778788,133.21253978589192
13.732323,100.784848,104.30657209515928
13.732323,100.790909,133.1460919536801
13.732323,100.79697,333.75459614651834
13.732323,100.80303,98.81325615761554
13.732323,100.809091,305.2029533187982
13.732323,100.815152,83.14359268783429
13.732323,100.821212,143.6724271558178
13.732323,100.827273,414.61995439559274
13.732323,100.833333,352.16294540145805
13.732323,100.839394,105.24810729134228
13.732323,100.845455,543.6822700247694
13.732323,100.851515,124.23076789525517
13.732323,100.857576,366.1899188438608
13.732323,100.863636,180.1122662517518
13.732323,100.869697,601.1458315508356
13.732323,100.875758,113.12155238646976
13.732323,100.881818,499.20284958819855
13.732323,100.887879,130.70075937890638
13.732323,100.893939,80.84993268363377
13.732323,100.9,246.30116027329294
13.737374,100.3,199.46577228963295
13.737374,100.306061,392.24663419569055
13.737374,100.312121,59.17969817735293
13.737374,100.318182,471.6795822359233
13.737374,100.324242,183.83261979572742
13.737374,100.330303,346.50790280963224
13.737374,100.336364,161.1445349897115
13.737374,100.342424,113.61439670672624
13.737374,100.348485,47.53455896792173
13.737374,100.354545,44.658838373766955
13.737374,100.360606,75.97716650979613
13.737374,100.366667,163.3711415130657
13.737374,100.372727,227.07356401638236
13.737374,100.378788,266.108025664177
13.737374,100.384848,326.73279314650347
13.737374,100.390909,403.12577134215024
13.737374,100.39697,438.3577555696826
13.737374,100.40303,57.01085969852424
13.737374,100.409091,98.03559542637112
13.737374,100.415152,117.24061950950095
13.737374,100.421212,109.46882215611022
13.737374,100.427273,63.958349688284116
13.737374,100.433333,192.44377829620274
13.737374,100.439394,291.05189328589006
13.737374,100.445455,276.74440037894055
13.737374,100.451515,126.00028931724663
13.737374,100.457576,53.30173761930872
13.737374,100.463636,23.27232661326072
13.737374,100.469697,22.403934757596144
13.737374,100.475758,136.89994834014047
13.737374,100.481818,87.00290642087565
13.737374,100.487879,45.59106760565103
13.737374,100.493939,27.411808044921756
13.737374,100.5,146.36072037561783
13.737374,100.506061,36.49132255170543
13.737374,100.512121,387.584648544738
13.737374,100.518182,275.762511558977
13.737374,100.524242,248.153514292746
13.737374,100.530303,69.63526659168342
13.737374,100.536364,373.98223509722135
13.737374,100.542424,285.20681264136283
13.737374,100.548485,374.1905916454186
13.737374,100.554545,463.7536421477066
13.737374,100.560606,262.80469193390377
13.737374,100.566667,771.4649767271417
13.737374,100.572727,291.79353772833934
13.737374,100.578788,370.455302415193
13.737374,100.584848,285.12652720406834
13.737374,100.590909,206.18368614071323
13.737374,100.59697,177.14375244916678
13.737374,100.60303,57.85602414776893
13.737374,100.609091,138.24280956751778
13.737374,100.615152,364.4616169271772
13.737374,100.621212,376.03952483824384
13.737374,100.627273,270.9221888831675
13.737374,100.633333,849.934882161867
13.737374,100.639394,501.43911629652814
13.737374,100.645455,64.33689296670522
13.737374,100.651515,309.8469699591569
13.737374,100.657576,104.07304954403084
13.737374,100.663636,186.06662611270198
13.737374,100.669697,210.57546164595436
13.737374,100.675758,92.28169435965548
13.737374,100.681818,453.9945118993734
13.737374,100.687879,30.760606637661915
13.737374,100.693939,342.08366773357744
13.737374,100.7,243.12453654190438
13.737374,100.706061,295.05095542087054
13.737374,100.712121,381.15740417449723
13.737374,100.718182,637.9524943845789
13.737374,100.724242,39.02555958646066
13.737374,100.730303,711.6102575698974
13.737374,100.736364,404.8374164507363
13.737374,100.742424,477.64610226199625
13.737374,100.748485,627.227135686261
13.737374,100.754545,49.46807918715566
13.737374,100.760606,350.9004970967159
13.737374,100.766667,105.80436675168679
13.737374,100.772727,382.4742791913808
13.737374,100.778788,188.7015853789884
13.737374,100.784848,506.2882387935857
13.737374,100.790909,412.3443741935349
13.737374,100.79697,268.06848731293553
13.737374,100.80303,80.32363234537125
13.737374,100.809091,160.9259789160134
13.737374,100.815152,461.2936272340217
13.737374,100.821212,676.6976184192752
13.737374,100.827273,640.0975465801854
13.737374,100.833333,365.80417491714445
13.737374,100.839394,48.86696572588388
13.737374,100.845455,529.2070733056842
13.737374,100.851515,150.38186868388746
13.737374,100.857576,435.5432204192653
13.737374,100.863636,121.43990027211697
13.737374,100.869697,471.9502753990598
13.737374,100.875758,117.77114433634507
13.737374,100.881818,268.28263029615385
13.737374,100.887879,436.059167758912
13.737374,100.893939,336.9397130635282
13.737374,100.9,196.7602145962766
13.742424,100.3,31.42103577742179
13.742424,100.306061,108.74955236811077
13.742424,100.312121,10.163522097142568
13.742424,100.318182,30.935665767734307
13.742424,100.324242,118.42997612538628
13.742424,100.330303,514.5880787172849
13.742424,100.336364,629.5429317296238
13.742424,100.342424,640.678142630519
13.742424,100.348485,366.2619184572371
13.742424,100.354545,267.9102056195148
13.742424,100.360606,495.09314107260656
13.742424,100.366667,443.87995612465414
13.742424,100.372727,379.1996357461364
13.742424,100.378788,289.91545225194403
13.742424,100.384848,266.192124357638
13.742424,100.390909,227.82873284008912
13.742424,100.39697,209.32542470080364
13.742424,100.40303,151.14686937431992
13.742424,100.409091,172.41388799313742
13.742424,100.415152,147.54401766026297
13.742424,100.421212,147.56836671432956
13.742424,100.427273,13.497098974147244
13.742424,100.433333,229.74794212852152
13.742424,100.439394,256.13444337292003
13.742424,100.445455,199.16039566756038
13.742424,100.451515,126.83915109110693
13.742424,100.457576,90.91743202660392
13.742424,100.463636,131.32734200332342
13.742424,100.469697,98.1026882120057
13.742424,100.475758,11.72958402423512
13.742424,100.481818,24.58206996483988
13.742424,100.487879,14.93518672309684
13.742424,100.493939,90.5389211601442
13.742424,100.5,143.9517766544891
13.742424,100.506061,417.1155527702568
13.742424,100.512121,409.9018311892643
13.742424,100.518182,271.5012582146923
13.742424,100.524242,186.43873732974563
13.742424,100.530303,153.01133597259113
13.742424,100.536364,67.56601032488341
13.742424,100.542424,312.1981951020777
13.742424,100.548485,266.7425424476917
13.742424,100.554545,381.7976836066879
13.742424,100.560606,20.228268380205293
13.742424,100.566667,515.8264851893045
13.742424,100.572727,235.67337908432995
13.742424,100.578788,264.92955962645175
13.742424,100.584848,115.49312176988488
13.742424,100.590909,25.76960863637357
13.742424,100.59697,155.79598301277983
13.742424,100.60303,470.4235023006974
13.742424,100.609091,181.31765308844953
13.742424,100.615152,241.94149892861267
13.742424,100.621212,181.86383151213275
13.742424,100.627273,440.0219116733033
13.742424,100.633333,739.5749716465193
13.742424,100.639394,609.5985503364267
13.742424,100.645455,100.41422451479137
13.742424,100.651515,214.16966443721245
13.742424,100.657576,430.91588575490835
13.742424,100.663636,30.737877075311076
13.742424,100.669697,44.115773302447295
13.742424,100.675758,27.68344874834111
13.742424,100.681818,100.69373052278424
13.742424,100.687879,65.3755330276629
13.742424,100.693939,588.9411952821825
13.742424,100.7,14.882334953588074
13.742424,100.706061,328.00937679910663
13.742424,100.712121,347.2705642499474
13.742424,100.718182,639.2552387989153
13.742424,100.724242,35.558432711495065
13.742424,100.730303,710.0758986694465
13.742424,100.736364,287.2053611799473
13.742424,100.742424,392.53510797047124
13.742424,100.748485,686.8578311579904
13.742424,100.754545,295.8894160486268
13.742424,100.760606,219.96641949567157
13.742424,100.766667,263.779846860151
13.742424,100.772727,153.40192029221646
13.742424,100.778788,160.3359659191282
13.742424,100.784848,751.8906392561202
13.742424,100.790909,458.83351069943654
13.742424,100.79697,178.2090174830535
13.742424,100.80303,151.12918365275115
13.742424,100.809091,16.824463019720948
13.742424,100.815152,517.8974769473791
13.742424,100.821212,295.87920361137117
13.742424,100.827273,95.5813752124458
13.742424,100.833333,113.79191385176765
13.742424,100.839394,124.0223334151233
13.742424,100.845455,136.91097229044604
13.742424,100.851515,15.461262011292538
13.742424,100.857576,126.93544689440395
13.742424,100.863636,357.48135719806993
13.742424,100.869697,44.833399953106266
13.742424,100.875758,54.27030734985446
13.742424,100.881818,311.34057304674724
13.742424,100.887879,699.2635867538482
13.742424,100.893939,735.772529102599
13.742424,100.9,233.18769667739883
13.747475,100.3,33.991995373767544
13.747475,100.306061,223.40569177271814
13.747475,100.312121,187.60498422545672
13.747475,100.318182,370.67362050126604
13.747475,100.324242,154.9576019417476
13.747475,100.330303,90.28770747150733
13.747475,100.336364,97.52156816418947
13.747475,100.342424,189.1447239950477
13.747475,100.348485,389.6823526576081
13.747475,100.354545,197.86654527934414
13.747475,100.360606,130.48999535543243
13.747475,100.366667,346.3744967280498
13.747475,100.372727,106.21865363064245
13.747475,100.378788,241.82304436799825
13.747475,100.384848,504.05629252185287
13.747475,100.390909,468.2218774232338
13.747475,100.39697,381.501482181058
13.747475,100.40303,266.75268829953205
13.747475,100.409091,70.55026353116546
13.747475,100.415152,7.682443145682526
13.747475,100.421212,54.08547700466131
13.747475,100.427273,82.9948303710322
13.747475,100.433333,110.02904840442424
13.747475,100.439394,75.35339687722163
13.747475,100.445455,130.29041032419408
13.747475,100.451515,294.89905269230786
13.747475,100.457576,304.9330598170598
13.747475,100.463636,94.65430609720958
13.747475,100.469697,56.38957975191543
13.747475,100.475758,196.40572607079545
13.747475,100.481818,157.07002533892336
13.747475,100.487879,78.0766514915837
13.747475,100.493939,199.1725257726966
13.747475,100.5,74.73455577322449
13.747475,100.506061,216.71937620521675
13.747475,100.512121,238.36808817057144
13.747475,100.518182,225.2556659866227
13.747475,100.524242,86.65437177515373
13.747475,100.530303,205.516670096329
13.747475,100.536364,52.53143502357676
13.747475,100.542424,163.83547690686828
13.747475,100.548485,113.97252189194865
13.747475,100.554545,91.25721376881114
13.747475,100.560606,65.00470754581296
13.747475,100.566667,60.202618643709144
13.747475,100.572727,152.25818179748507
13.747475,100.578788,313.9668113676668
13.747475,100.584848,450.0253951333241
13.747475,100.590909,373.7670804608497
13.747475,100.59697,191.15894839561892
13.747475,100.60303,67.27303020281401
13.747475,100.609091,322.2022205571289
13.747475,100.615152,340.6018657379062
13.747475,100.621212,135.3651218308587
13.747475,100.627273,49.78828908198563
13.747475,100.633333,214.45482759550956
13.747475,100.639394,139.13730003476365
13.747475,100.645455,108.03478448652376
13.747475,100.651515,170.43368770878016
13.747475,100.657576,62.14218325252057
13.747475,100.663636,190.2029853728686
13.747475,100.669697,19.191270972379147
13.747475,100.675758,120.97206733714378
13.747475,100.681818,15.19456018495869
13.747475,100.687879,221.50971815449049
13.747475,100.693939,365.49698922724946
13.747475,100.7,198.9392354089595
13.747475,100.706061,343.11753248845974
13.747475,100.712121,334.3830828916695
13.747475,100.718182,644.4367446518771
13.747475,100.724242,30.279973108919005
13.747475,100.730303,704.8830531847537
13.747475,100.736364,295.72861886888234
13.747475,100.742424,394.7824737795885
13.747475,100.748485,1056.1200182979644
13.747475,100.754545,843.252760697626
13.747475,100.760606,778.3787431805217
13.747475,100.766667,254.67012615677228
13.747475,100.772727,104.05287686372881
13.747475,100.778788,32.88170642402603
13.747475,100.784848,217.6230930303357
13.747475,100.790909,472.15797289990144
13.747475,100.79697,189.98331353224327
13.747475,100.80303,438.05244990859256
13.747475,100.809091,237.2806397898319
13.747475,100.815152,28.02894577974774
13.747475,100.821212,123.32480579445041
13.747475,100.827273,78.26251876283813
13.747475,100.833333,72.47192426058072
13.747475,100.839394,151.1177692364244
13.747475,100.845455,356.54551839132284
13.747475,100.851515,533.5439417879392
13.747475,100.857576,298.27337577774523
13.747475,100.863636,247.31555308015518
13.747475,100.869697,15.727353265809505
13.747475,100.875758,27.43095795556216
13.747475,100.881818,475.3048311295241
13.747475,100.887879,171.5354428159094
13.747475,100.893939,363.06844133562885
13.747475,100.9,348.5398525534098
13.752525,100.3,82.09467201296299
13.752525,100.306061,50.55146488306319
13.752525,100.312121,98.91756205560486
13.752525,100.318182,209.7622471177278
13.752525,100.324242,444.8586506491861
13.752525,100.330303,533.485130537781
13.752525,100.336364,147.335249801073
13.752525,100.342424,281.22499126114263
13.752525,100.348485,138.29957032411437
13.752525,100.354545,110.62672323693074
13.752525,100.360606,113.10561215471915
13.752525,100.366667,184.45788427044187
13.752525,100.372727,112.93338725797081
13.752525,100.378788,88.01849391110167
13.752525,100.384848,6.9273783962900035
13.752525,100.390909,89.44777779463155
13.752525,100.39697,176.93937595036448
13.752525,100.40303,277.6018554657499
13.752525,100.409091,133.23949394231235
13.752525,100.415152,72.86784845635191
13.752525,100.421212,83.35562287068421
13.752525,100.427273,141.53196343979772
13.752525,100.433333,98.55710086104472
13.752525,100.439394,111.00130218347982
13.752525,100.445455,141.43105894892443
13.752525,100.451515,69.20434120625907
13.752525,100.457576,128.1347504827007
13.752525,100.463636,219.27910746237512
13.752525,100.469697,120.48325492727915
13.752525,100.475758,128.77992795125897
13.752525,100.481818,140.18572683001975
13.752525,100.487879,33.995086708396535
13.752525,100.493939,236.09953355404852
13.752525,100.5,297.9029836079037
13.752525,100.506061,107.58865205748691
13.752525,100.512121,183.68521508095546
13.752525,100.518182,45.38031994271823
13.752525,100.524242,259.2931119017388
13.752525,100.530303,364.88528778402366
13.752525,100.536364,112.12057227721864
13.752525,100.542424,372.88303679514246
13.752525,100.548485,448.5748758587749
13.752525,100.554545,182.97739105010433
13.752525,100.560606,343.55613315978246
13.752525,100.566667,268.98724716201286
13.752525,100.572727,158.8468440305684
13.752525,100.578788,177.32837912293635
13.752525,100.584848,54.58039125720708
13.752525,100.590909,207.6572413415816
13.752525,100.59697,355.60284422026075
13.752525,100.60303,71.6162916613401
13.752525,100.609091,257.9603064448399
13.752525,100.615152,715.1363327503784
13.752525,100.621212,681.7066935816736
13.752525,100.627273,345.90783787249126
13.752525,100.633333,53.13767587851617
13.752525,100.639394,366.481573774679
13.752525,100.645455,278.12177972733286
13.752525,100.651515,187.98790109057157
13.752525,100.657576,281.79110800807905
13.752525,100.663636,218.63861753422037
13.752525,100.669697,228.18588684765135
13.752525,100.675758,90.89595048548512
13.752525,100.681818,166.09185738691124
13.752525,100.687879,121.12168187785215
13.752525,100.693939,161.82392821106578
13.752525,100.7,140.23559434099462
13.752525,100.706061,226.72148023744248
13.752525,100.712121,293.82942531122626
13.752525,100.718182,467.6125533838625
13.752525,100.724242,44.47081437455584
13.752525,100.730303,595.78012655181
13.752525,100.736364,285.27805599157693
13.752525,100.742424,389.3953336075945
13.752525,100.748485,702.0190861585552
13.752525,100.754545,342.29906703460955
13.752525,100.760606,807.3648355129841
13.752525,100.766667,254.4203464235028
13.752525,100.772727,381.347520839684
13.752525,100.778788,160.06770308771726
13.752525,100.784848,402.0030363138854
13.752525,100.790909,241.42555508686314
13.752525,100.79697,46.06959202829888
13.752525,100.80303,81.88824880399252
13.752525,100.809091,30.80602752112435
13.752525,100.815152,137.6718095405791
13.752525,100.821212,127.46060666026781
13.752525,100.827273,373.26757786958075
13.752525,100.833333,101.77305813723895
13.752525,100.839394,53.30266757247706
13.752525,100.845455,248.7919858426153
13.752525,100.851515,325.35170878678866
13.752525,100.857576,148.89166854416115
13.752525,100.863636,237.14128269162504
13.752525,100.869697,305.6916271538301
13.752525,100.875758,211.69228087376536
13.752525,100.881818,453.5293136651951
13.752525,100.887879,332.69838926680313
13.752525,100.893939,34.468736594166316
13.752525,100.9,198.91898759396378
13.757576,100.3,31.593914314326753
13.757576,100.306061,263.97571320391285
13.757576,100.312121,145.58832893151498
13.757576,100.318182,139.2470038324892
13.757576,100.324242,482.5222356618443
13.757576,100.330303,405.98378817874334
13.757576,100.336364,267.5646008562991
13.757576,100.342424,80.3277044014717
13.757576,100.348485,129.57724508347923
13.757576,100.354545,241.99760859668973
13.757576,100.360606,110.24130267508201
13.757576,100.366667,348.2023933753497
13.757576,100.372727,212.3385790482841
13.757576,100.378788,193.05974443636063
13.757576,100.384848,378.5969554653843
13.757576,100.390909,101.36884101654056
13.757576,100.39697,370.8371828666131
13.757576,100.40303,202.29135211994725
13.757576,100.409091,96.41508744252687
13.757576,100.415152,49.1015497413608
13.757576,100.421212,56.14712976744332
13.757576,100.427273,104.31077295536419
13.757576,100.433333,60.2754545026919
13.757576,100.439394,77.49681378547862
13.757576,100.445455,74.81759560492151
13.757576,100.451515,33.183119609612774
13.757576,100.457576,131.9632116196278
13.757576,100.463636,233.86836867974367
13.757576,100.469697,201.16654941219775
13.757576,100.475758,92.40264709134487
13.757576,100.481818,101.28626795065018
13.757576,100.487879,51.84000648336812
13.757576,100.493939,114.37132085089706
13.757576,100.5,256.92079256561186
13.757576,100.506061,107.80390479543676
13.757576,100.512121,287.2873391017763
13.757576,100.518182,227.2511820509186
13.757576,100.524242,229.909166893858
13.757576,100.530303,734.2939082595872
13.757576,100.536364,669.2277444420391
13.757576,100.542424,512.39488592299
13.757576,100.548485,189.35644726713008
13.757576,100.554545,150.32243793991572
13.757576,100.560606,98.29768362913832
13.757576,100.566667,11.585952219352258
13.757576,100.572727,70.58379853258998
13.757576,100.578788,247.79959547580864
13.757576,100.584848,424.91563272072784
13.757576,100.590909,603.3261307327643
13.757576,100.59697,62.567560239798986
13.757576,100.60303,60.095952243449666
13.757576,100.609091,90.2339141676087
13.757576,100.615152,308.44492346495963
13.757576,100.621212,494.801753970875
13.757576,100.627273,23.15456267603366
13.757576,100.633333,242.9255397493317
13.757576,100.639394,690.0920530707857
13.757576,100.645455,228.09927400866457
13.757576,100.651515,192.62079562696718
13.757576,100.657576,95.47026784937873
13.757576,100.663636,161.56108152271167
13.757576,100.669697,41.91550424599053
13.757576,100.675758,355.94937293197415
13.757576,100.681818,339.9884813125689
13.757576,100.687879,143.90410974730312
13.757576,100.693939,148.8124881465467
13.757576,100.7,445.9900591315162
13.757576,100.706061,79.26274880623157
13.757576,100.712121,128.69954779320418
13.757576,100.718182,126.28834224864389
13.757576,100.724242,19.249883658222515
13.757576,100.730303,39.439972192635366
13.757576,100.736364,193.95684425766905
13.757576,100.742424,394.97793753608045
13.757576,100.748485,621.3603320948322
13.757576,100.754545,104.22128037833762
13.757576,100.760606,738.8958197940351
13.757576,100.766667,250.16102382606238
13.757576,100.772727,440.99866762152794
13.757576,100.778788,174.04790152645649
13.757576,100.784848,102.63328740944024
13.757576,100.790909,131.509824443454
13.757576,100.79697,437.8561864242608
13.757576,100.80303,60.371459342439486
13.757576,100.809091,109.90272879459158
13.757576,100.815152,24.938090159626405
13.757576,100.821212,156.28306740380643
13.757576,100.827273,257.6005125686352
13.757576,100.833333,52.71680808499872
13.757576,100.839394,56.872177608432374
13.757576,100.845455,181.12833516192424
13.757576,100.851515,237.47204882047396
13.757576,100.857576,58.054554024680236
13.757576,100.863636,322.07294512229294
13.757576,100.869697,348.53498102682113
13.757576,100.875758,46.148198418129944
13.757576,100.881818,203.1307050600477
13.757576,100.887879,334.9703350716322
13.757576,100.893939,413.6093223297389
13.757576,100.9,178.71661373664372
13.762626,100.3,143.2864771229288
13.762626,100.306061,375.8586512011215
13.762626,100.312121,264.1282302179863
13.762626,100.318182,271.99357501194316
13.762626,100.324242,397.8496081271965
13.762626,100.330303,348.0310538058889
13.762626,100.336364,299.5461626752046
13.762626,100.342424,542.4713405699513
13.762626,100.348485,149.5538958729309
13.762626,100.354545,168.73124342948736
13.762626,100.360606,194.27304746467243
13.762626,100.366667,179.74942191973153
13.762626,100.372727,193.10007603995774
13.762626,100.378788,40.65576028375002
13.762626,100.384848,187.47479562063742
13.762626,100.390909,126.85871345161463
13.762626,100.39697,48.6728327705347
13.762626,100.40303,174.54715766251374
13.762626,100.409091,118.01798900532657
13.762626,100.415152,57.040543974018185
13.762626,100.421212,95.34046681080511
13.762626,100.427273,17.13267240325704
13.762626,100.433333,183.49820846718697
13.762626,100.439394,126.64893767774171
13.762626,100.445455,390.2994217331845
13.762626,100.451515,10.020686078701038
13.762626,100.457576,83.62702859504809
13.762626,100.463636,161.6826947724189
13.762626,100.469697,39.878424178704904
13.762626,100.475758,141.25180694453613
13.762626,100.481818,85.44146491677029
13.762626,100.487879,54.950381160454484
13.762626,100.493939,189.22151267806575
13.762626,100.5,16.62204802887172
13.762626,100.506061,361.5315274413443
13.762626,100.512121,144.76463096200825
13.762626,100.518182,502.83207143883595
13.762626,100.524242,135.20428423016529
13.762626,100.530303,773.3211233011689
13.762626,100.536364,466.84886181111796
13.762626,100.542424,76.56561519140149
13.762626,100.548485,287.35692017200756
13.762626,100.554545,297.04838264668246
13.762626,100.560606,143.86483774751306
13.762626,100.566667,145.56690536175336
13.762626,100.572727,291.3517808146288
13.762626,100.578788,17.422863867378485
13.762626,100.584848,75.58107122479144
13.762626,100.590909,51.24557770836175
13.762626,100.59697,12.91328314091722
13.762626,100.60303,80.92722445787942
13.762626,100.609091,58.11074816108121
13.762626,100.615152,35.464923741631736
13.762626,100.621212,79.43349969919882
13.762626,100.627273,15.202032993707741
13.762626,100.633333,103.26926665746106
13.762626,100.639394,174.05389643128652
13.762626,100.645455,169.03651839746365
13.762626,100.651515,267.81046255284315
13.762626,100.657576,128.23342139055282
13.762626,100.663636,254.64250961511385
13.762626,100.669697,55.8881924185797
13.762626,100.675758,121.87735008283052
13.762626,100.681818,460.3830268013772
13.762626,100.687879,118.71597482839529
13.762626,100.693939,237.2552716379413
13.762626,100.7,82.05984663528697
13.762626,100.706061,147.1416558899078
13.762626,100.712121,167.45226256296428
13.762626,100.718182,136.65172104133438
13.762626,100.724242,167.54659890047427
13.762626,100.730303,295.6040525514548
13.762626,100.736364,59.59355539137746
13.762626,100.742424,390.00738946275254
13.762626,100.748485,610.5300590719631
13.762626,100.754545,64.13913341116621
13.762626,100.760606,738.7918083681426
13.762626,100.766667,238.44098158632914
13.762626,100.772727,438.12383479509765
13.762626,100.778788,105.03312479865303
13.762626,100.784848,34.06995839271191
13.762626,100.790909,214.84599940863376
13.762626,100.79697,485.74321977998466
13.762626,100.80303,300.9076421710414
13.762626,100.809091,66.7975221720748
13.762626,100.815152,96.88203646951389
13.762626,100.821212,71.9911956919382
13.762626,100.827273,21.445886841281727
13.762626,100.833333,258.44520958851336
13.762626,100.839394,29.40050768932208
13.762626,100.845455,474.5395370090433
13.762626,100.851515,446.63874838516296
13.762626,100.857576,95.89343422974045
13.762626,100.863636,166.483715202296
13.762626,100.869697,473.51308145565343
13.762626,100.875758,360.80671470081575
13.762626,100.881818,13.12759242213556
13.762626,100.887879,669.4301255026697
13.762626,100.893939,817.7400889624447
13.762626,100.9,447.39936284937403
13.767677,100.3,159.8547157189249
13.767677,100.306061,14.905785411628539
13.767677,100.312121,83.84739231963935
13.767677,100.318182,61.0115764070295
13.767677,100.324242,17.344570543382286
13.767677,100.330303,429.3392831054793
13.767677,100.336364,256.50643496084626
13.767677,100.342424,378.3174954789096
13.767677,100.348485,59.57472097662806
13.767677,100.354545,166.8803481408765
13.767677,100.360606,137.92307792860748
13.767677,100.366667,102.73264675837129
13.767677,100.372727,96.02279751258173
13.767677,100.378788,179.9994188266258
13.767677,100.384848,125.52312736942137
13.767677,100.390909,252.91642969900244
13.767677,100.39697,211.08385242161586
13.767677,100.40303,179.26294007504166
13.767677,100.409091,261.00129314131505
13.767677,100.415152,118.75809862193003
13.767677,100.421212,153.21456691275503
13.767677,100.427273,175.92130684502854
13.767677,100.433333,120.5578459888749
13.767677,100.439394,121.47720314651875
13.767677,100.445455,338.0785821358067
13.767677,100.451515,88.97146869757556
13.767677,100.457576,128.29280725644853
13.767677,100.463636,181.51350862645802
13.767677,100.469697,72.68308880614704
13.767677,100.475758,34.924321959461395
13.767677,100.481818,32.83600550796728
13.767677,100.487879,320.2498654521915
13.767677,100.493939,62.324059635210375
13.767677,100.5,345.6997564481796
13.767677,100.506061,95.31908046792606
13.767677,100.512121,129.13163184459458
13.767677,100.518182,323.1367143373951
13.767677,100.524242,508.0131758170586
13.767677,100.530303,444.91475093279297
13.767677,100.536364,17.264181631496648
13.767677,100.542424,367.8739847534521
13.767677,100.548485,640.9203455799657
13.767677,100.554545,100.60887099169655
13.767677,100.560606,281.78103438576574
13.767677,100.566667,292.1974565022819
13.767677,100.572727,340.8860795956386
13.767677,100.578788,126.50314384004356
13.767677,100.584848,204.0988743267776
13.767677,100.590909,43.8274870113253
13.767677,100.59697,289.81656940234797
13.767677,100.60303,154.8011973437712
13.767677,100.609091,324.4918925402073
13.767677,100.615152,131.8440379973909
13.767677,100.621212,87.68400038791556
13.767677,100.627273,262.77653676346097
13.767677,100.633333,29.66249397397172
13.767677,100.639394,117.28057302766689
13.767677,100.645455,230.7810531818446
13.767677,100.651515,80.64006124329288
13.767677,100.657576,34.68661535101105
13.767677,100.663636,278.87658377918456
13.767677,100.669697,138.22007488912703
13.767677,100.675758,99.6672802466124
13.767677,100.681818,202.81448112690134
13.767677,100.687879,231.0886305681201
13.767677,100.693939,76.86670182366665
13.767677,100.7,401.2102553345786
13.767677,100.706061,417.02961083706435
13.767677,100.712121,151.38786129741612
13.767677,100.718182,343.7865829359849
13.767677,100.724242,354.8303729522593
13.767677,100.730303,16.982883028163574
13.767677,100.736364,118.71657138602185
13.767677,100.742424,460.79421798384647
13.767677,100.748485,607.2231859890869
13.767677,100.754545,69.3981102945867
13.767677,100.760606,739.9371873487966
13.767677,100.766667,250.70771446028888
13.767677,100.772727,446.97326849546164
13.767677,100.778788,66.93567277196284
13.767677,100.784848,92.88489836045744
13.767677,100.790909,107.10479946019417
13.767677,100.79697,262.40940192940445
13.767677,100.80303,89.93500980823957
13.767677,100.809091,46.715846180948525
13.767677,100.815152,72.27777086903424
13.767677,100.821212,84.04435587670392
13.767677,100.827273,188.6190522476151
13.767677,100.833333,108.61549617181394
13.767677,100.839394,150.63481863221185
13.767677,100.845455,157.42265166612754
13.767677,100.851515,362.9011129144523
13.767677,100.857576,151.09092679277518
13.767677,100.863636,12.144440591369248
13.767677,100.869697,633.1655247243574
13.767677,100.875758,719.4150259995431
13.767677,100.881818,76.68282462336695
13.767677,100.887879,268.2528938955854
13.767677,100.893939,522.5913310715358
13.767677,100.9,313.45710014343877
13.772727,100.3,52.39547765874092
13.772727,100.306061,208.9835846094805
13.772727,100.312121,277.2248225606206
13.772727,100.318182,348.7567177123091
13.772727,100.324242,25.16226022230066
13.772727,100.330303,30.82206561715069
13.772727,100.336364,97.9935467937383
13.772727,100.342424,171.73646970374725
13.772727,100.348485,579.686195058217
13.772727,100.354545,354.8314217222366
13.772727,100.360606,293.2498407441474
13.772727,100.366667,18.60423656066874
13.772727,100.372727,187.01944637910742
13.772727,100.378788,44.01464135394877
13.772727,100.384848,212.36726732389684
13.772727,100.390909,309.8917164571561
13.772727,100.39697,368.81402790426506
13.772727,100.40303,404.9437220237448
13.772727,100.409091,486.9559372641506
13.772727,100.415152,377.4550563048373
13.772727,100.421212,131.95286276939794
13.772727,100.427273,383.30897215619586
13.772727,100.433333,32.10176397949109
13.772727,100.439394,100.70695327581375
13.772727,100.445455,15.969745427561701
13.772727,100.451515,45.22081208479965
13.772727,100.457576,75.5082739420513
13.772727,100.463636,23.553178619689923
13.772727,100.469697,168.4570511458938
13.772727,100.475758,29.57225804707453
13.772727,100.481818,233.3454208512026
13.772727,100.487879,21.621571006940584
13.772727,100.493939,35.032517194670376
13.772727,100.5,67.51015052226103
13.772727,100.506061,136.1724815521572
13.772727,100.512121,103.00689594855832
13.772727,100.518182,429.9578363785531
13.772727,100.524242,206.91932257264503
13.772727,100.530303,10.28129246046963
13.772727,100.536364,25.715703084004065
13.772727,100.542424,619.1651860946249
13.772727,100.548485,749.5400133031711
13.772727,100.554545,203.03710676584075
13.772727,100.560606,308.7101675397729
13.772727,100.566667,265.59775439039674
13.772727,100.572727,135.04495682645162
13.772727,100.578788,160.46727185700556
13.772727,100.584848,289.20666675579446
13.772727,100.590909,75.69003641031478
13.772727,100.59697,136.50782705229562
13.772727,100.60303,174.44215820484226
13.772727,100.609091,381.0772507213212
13.772727,100.615152,34.282181014124056
13.772727,100.621212,46.73927128490265
13.772727,100.627273,182.14008616040527
13.772727,100.633333,132.66544688424273
13.772727,100.639394,52.84811101323248
13.772727,100.645455,287.96271048114033
13.772727,100.651515,285.3977395886095
13.772727,100.657576,171.244820946016
13.772727,100.663636,195.05326519609739
13.772727,100.669697,364.18961032862137
13.772727,100.675758,197.94144609582816
13.772727,100.681818,253.37291340617315
13.772727,100.687879,128.74010968196646
13.772727,100.693939,121.97379185339075
13.772727,100.7,331.15251412030756
13.772727,100.706061,617.8215415677771
13.772727,100.712121,437.1433914673797
13.772727,100.718182,216.01881775735248
13.772727,100.724242,387.9801884807489
13.772727,100.730303,70.72567510317681
13.772727,100.736364,204.0766946469266
13.772727,100.742424,391.54091782944903
13.772727,100.748485,603.8106962491422
13.772727,100.754545,71.93528546851542
13.772727,100.760606,320.0917945390136
13.772727,100.766667,267.6660804798943
13.772727,100.772727,474.9027674888643
13.772727,100.778788,232.5230032328121
13.772727,100.784848,74.46315372121748
13.772727,100.790909,119.9192859308176
13.772727,100.79697,187.31941797509108
13.772727,100.80303,86.59465669245328
13.772727,100.809091,525.5648292985956
13.772727,100.815152,167.08009269316705
13.772727,100.821212,306.42866896263155
13.772727,100.827273,97.85550138901591
13.772727,100.833333,403.3798260145825
13.772727,100.839394,74.26466573303513
13.772727,100.845455,220.77320533601724
13.772727,100.851515,204.22222910374379
13.772727,100.857576,227.40549486934
13.772727,100.863636,58.06488975219296
13.772727,100.869697,493.60605959513623
13.772727,100.875758,642.724427013475
13.772727,100.881818,65.1148353375477
13.772727,100.887879,159.09066837482905
13.772727,100.893939,54.29884476972423
13.772727,100.9,181.86251096096828
13.777778,100.3,251.8626021278073
13.777778,100.306061,290.21129465655986
13.777778,100.312121,313.9980934086478
13.777778,100.318182,296.5012371103893
13.777778,100.324242,55.37516585849412
13.777778,100.330303,84.75425309229982
13.777778,100.336364,146.502420292005
13.777778,100.342424,46.651481380036785
13.777778,100.348485,90.34901552552911
13.777778,100.354545,79.24114244493357
13.777778,100.360606,164.99202272367634
13.777778,100.366667,74.20376856763109
13.777778,100.372727,8.250734711598838
13.777778,100.378788,38.19717695052538
13.777778,100.384848,186.09397995073812
13.777778,100.390909,618.0415550392597
13.777778,100.39697,508.6578151262375
13.777778,100.40303,399.3559415170339
13.777778,100.409091,295.0683462726053
13.777778,100.415152,182.04943547393745
13.777778,100.421212,74.59660847880187
13.777778,100.427273,25.178300409448816
13.777778,100.433333,146.34833623858785
13.777778,100.439394,411.34767043527563
13.777778,100.445455,5.335190287802229
13.777778,100.451515,182.71142829618304
13.777778,100.457576,43.281788629974166
13.777778,100.463636,22.376120271335523
13.777778,100.469697,10.374092310011733
13.777778,100.475758,79.07559842419155
13.777778,100.481818,48.78276745587899
13.777778,100.487879,265.00139734853036
13.777778,100.493939,176.76148379775387
13.777778,100.5,100.27651534044304
13.777778,100.506061,247.75950248609286
13.777778,100.512121,212.51564972650135
13.777778,100.518182,182.19237375808265
13.777778,100.524242,53.745925457193394
13.777778,100.530303,377.54616171216736
13.777778,100.536364,404.9038220659486
13.777778,100.542424,760.9322075818907
13.777778,100.548485,914.8559033578381
13.777778,100.554545,319.1988237739059
13.777778,100.560606,439.18690910810835
13.777778,100.566667,51.57493203001596
13.777778,100.572727,89.63963423636007
13.777778,100.578788,307.0074897122659
13.777778,100.584848,315.790270558485
13.777778,100.590909,297.9072232376949
13.777778,100.59697,383.5860730118097
13.777778,100.60303,318.8157041651981
13.777778,100.609091,304.59759933658927
13.777778,100.615152,155.61765579591824
13.777778,100.621212,505.9854950489978
13.777778,100.627273,93.4261746576708
13.777778,100.633333,206.55140783677936
13.777778,100.639394,40.70412869698442
13.777778,100.645455,335.54892024440215
13.777778,100.651515,152.2317610392184
13.777778,100.657576,71.24709332963312
13.777778,100.663636,302.3666704725777
13.777778,100.669697,60.566088780341175
13.777778,100.675758,112.95506720883499
13.777778,100.681818,166.2326441942158
13.777778,100.687879,164.87706816492593
13.777778,100.693939,164.75056499791566
13.777778,100.7,48.27336961218198
13.777778,100.706061,56.323767346965035
13.777778,100.712121,187.02590176939168
13.777778,100.718182,22.45264517113031
13.777778,100.724242,141.5382140100796
13.777778,100.730303,277.1171373384374
13.777778,100.736364,166.55605137152904
13.777778,100.742424,250.0663708289876
13.777778,100.748485,606.3678491077804
13.777778,100.754545,26.60273412050941
13.777778,100.760606,57.81685279690596
13.777778,100.766667,218.47784156594943
13.777778,100.772727,445.5663726780076
13.777778,100.778788,310.69962592384456
13.777778,100.784848,258.98456367502
13.777778,100.790909,31.656949783586793
13.777778,100.79697,139.47021045812454
13.777778,100.80303,78.98502387059989
13.777778,100.809091,426.24300079215016
13.777778,100.815152,541.4490120192258
13.777778,100.821212,105.58496903919215
13.777778,100.827273,307.33638591726066
13.777778,100.833333,753.8701138094526
13.777778,100.839394,125.74963915350959
13.777778,100.845455,105.49130596858151
13.777778,100.851515,126.52082913125648
13.777778,100.857576,31.847671467053708
13.777778,100.863636,224.21815884312693
13.777778,100.869697,62.62676113842213
13.777778,100.875758,427.6082084673251
13.777778,100.881818,95.72856328668524
13.777778,100.887879,565.9042287783234
13.777778,100.893939,84.10820962655849
13.777778,100.9,44.11010436664837
13.782828,100.3,96.2094652159429
13.782828,100.306061,99.94753047505998
13.782828,100.312121,85.26344933000127
13.782828,100.318182,283.7944827341174
13.782828,100.324242,31.699921503143187
13.782828,100.330303,135.98377744611136
13.782828,100.336364,173.22438383535948
13.782828,100.342424,343.1987320500523
13.782828,100.348485,399.46582539584836
13.782828,100.354545,78.67092222316896
13.782828,100.360606,516.7374907692704
13.782828,100.366667,63.50605015860543
13.782828,100.372727,153.14383473852433
13.782828,100.378788,179.50974071577363
13.782828,100.384848,158.17713575010222
13.782828,100.390909,63.46572282387926
13.782828,100.39697,80.99492420940082
13.782828,100.40303,158.726628256655
13.782828,100.409091,264.42914676380116
13.782828,100.415152,367.1047587934016
13.782828,100.421212,395.96876704802287
13.782828,100.427273,203.08717065207145
13.782828,100.433333,547.6429235073858
13.782828,100.439394,550.1171913252782
13.782828,100.445455,121.7730517994736
13.782828,100.451515,30.63723185788093
13.782828,100.457576,135.32331590597596
13.782828,100.463636,72.94168991570604
13.782828,100.469697,89.6657005021602
13.782828,100.475758,203.00076058344058
13.782828,100.481818,350.6592094992873
13.782828,100.487879,632.264375691827
13.782828,100.493939,83.0776394239724
13.782828,100.5,20.34516979923666
13.782828,100.506061,115.71225391775221
13.782828,100.512121,35.47154287894841
13.782828,100.518182,315.07838193399255
13.782828,100.524242,223.48410263343177
13.782828,100.530303,485.80970437119345
13.782828,100.536364,212.63358180485207
13.782828,100.542424,831.8401945696653
13.782828,100.548485,938.2454118892605
13.782828,100.554545,338.6543031274878
13.782828,100.560606,165.60459852253217
13.782828,100.566667,151.52810726279006
13.782828,100.572727,241.69936319045766
13.782828,100.578788,190.0467559540458
13.782828,100.584848,155.5873226100839
13.782828,100.590909,106.55863933584557
13.782828,100.59697,528.2337574434026
13.782828,100.60303,438.2049700439119
13.782828,100.609091,238.3052910503173
13.782828,100.615152,214.9317235691638
13.782828,100.621212,620.8508582214575
13.782828,100.627273,46.791895828488876
13.782828,100.633333,505.29104842635235
13.782828,100.639394,347.9118896710041
13.782828,100.645455,314.21812814665867
13.782828,100.651515,93.99514072119113
13.782828,100.657576,111.89697081341241
13.782828,100.663636,139.66543170125976
13.782828,100.669697,105.855400817625
13.782828,100.675758,139.00534818778527
13.782828,100.681818,147.10535844115049
13.782828,100.687879,451.53329697654846
13.782828,100.693939,323.17697232046527
13.782828,100.7,89.1763140914575
13.782828,100.706061,131.58128774123483
13.782828,100.712121,272.11005877729696
13.782828,100.718182,285.7778429335567
13.782828,100.724242,361.69917562758303
13.782828,100.730303,755.2137602696394
13.782828,100.736364,281.16214817863676
13.782828,100.742424,92.30865572593012
13.782828,100.748485,600.5273801482267
13.782828,100.754545,78.12240669789908
13.782828,100.760606,444.9077691448558
13.782828,100.766667,135.11254315796938
13.782828,100.772727,36.75522081362496
13.782828,100.778788,64.30613007999754
13.782828,100.784848,270.82413165876756
13.782828,100.790909,329.9371414071908
13.782828,100.79697,46.732736614629374
13.782828,100.80303,131.0794002114064
13.782828,100.809091,143.6188930361964
13.782828,100.815152,52.70771714192369
13.782828,100.821212,203.14213630270723
13.782828,100.827273,109.56499692538371
13.782828,100.833333,566.647215192881
13.782828,100.839394,207.75589208747078
13.782828,100.845455,86.16069120270545
13.782828,100.851515,392.21821487263304
13.782828,100.857576,60.44792956664519
13.782828,100.863636,556.6996785790967
13.782828,100.869697,451.0197974911623
13.782828,100.875758,125.17348529250494
13.782828,100.881818,34.940659761381966
13.782828,100.887879,681.8553440852395
13.782828,100.893939,475.93829987525174
13.782828,100.9,50.93053996705864
13.787879,100.3,189.04046372349478
13.787879,100.306061,420.2391249149586
13.787879,100.312121,64.93422606325358
13.787879,100.318182,170.3930455411893
13.787879,100.324242,15.156834274683316
13.787879,100.330303,349.36186861660343
13.787879,100.336364,84.06174479072058
13.787879,100.342424,687.6622180461834
13.787879,100.348485,479.7007652854558
13.787879,100.354545,144.33331060915188
13.787879,100.360606,45.07448386244811
13.787879,100.366667,329.3428687531364
13.787879,100.372727,298.06767226819403
13.787879,100.378788,358.506022842208
13.787879,100.384848,104.87002563573945
13.787879,100.390909,114.15667999568615
13.787879,100.39697,220.7675195090108
13.787879,100.40303,410.51852541369453
13.787879,100.409091,621.6450296217903
13.787879,100.415152,718.5744781676649
13.787879,100.421212,129.851032856899
13.787879,100.427273,467.5263094595681
13.787879,100.433333,1062.7199784650056
13.787879,100.439394,487.9980843701104
13.787879,100.445455,93.7173487638384
13.787879,100.451515,150.2845149863805
13.787879,100.457576,383.40287799436663
13.787879,100.463636,228.8896109264487
13.787879,100.469697,316.86531081733096
13.787879,100.475758,91.96221268157883
13.787879,100.481818,69.35028098317136
13.787879,100.487879,317.24134966388476
13.787879,100.493939,158.2703898464645
13.787879,100.5,36.53704197760293
13.787879,100.506061,37.20358534670553
13.787879,100.512121,143.583366009418
13.787879,100.518182,333.2521178514006
13.787879,100.524242,214.95310459024805
13.787879,100.530303,244.4162813961559
13.787879,100.536364,68.84965163603208
13.787879,100.542424,634.7214021485241
13.787879,100.548485,943.3212335607938
13.787879,100.554545,616.93719004341
13.787879,100.560606,18.596654883067714
13.787879,100.566667,284.02390497421055
13.787879,100.572727,234.9725190577316
13.787879,100.578788,190.84984194991884
13.787879,100.584848,405.4872601525885
13.787879,100.590909,124.3977505523899
13.787879,100.59697,770.4340517392383
13.787879,100.60303,520.2110108527988
13.787879,100.609091,209.72905823328824
13.787879,100.615152,185.93000350224366
13.787879,100.621212,518.7269231916156
13.787879,100.627273,51.986140841919365
13.787879,100.633333,40.01577445088481
13.787879,100.639394,194.19953693752373
13.787879,100.645455,218.21127389364767
13.787879,100.651515,65.17466671979115
13.787879,100.657576,325.66097884391206
13.787879,100.663636,108.08819805699703
13.787879,100.669697,171.83663425803223
13.787879,100.675758,101.42735649014139
13.787879,100.681818,46.85656098561148
13.787879,100.687879,67.19076385043968
13.787879,100.693939,364.75720251139353
13.787879,100.7,135.08599209217186
13.787879,100.706061,154.43708015923383
13.787879,100.712121,181.5586951152969
13.787879,100.718182,138.1332147845232
13.787879,100.724242,127.07881349382774
13.787879,100.730303,585.8442450108984
13.787879,100.736364,113.44264273517116
13.787879,100.742424,102.30759932211532
13.787879,100.748485,599.6550840658109
13.787879,100.754545,80.9822426579332
13.787879,100.760606,750.9096049231741
13.787879,100.766667,220.24917665987292
13.787879,100.772727,224.56672664620643
13.787879,100.778788,425.8442444468585
13.787879,100.784848,725.2611113221406
13.787879,100.790909,426.3018331192355
13.787879,100.79697,133.15681292486897
13.787879,100.80303,691.2862522813765
13.787879,100.809091,511.63018662757014
13.787879,100.815152,159.5293052128513
13.787879,100.821212,700.237551949928
13.787879,100.827273,312.45144389873036
13.787879,100.833333,179.04220989635732
13.787879,100.839394,49.53102182856231
13.787879,100.845455,433.86412239606193
13.787879,100.851515,206.96220896361064
13.787879,100.857576,235.058103899856
13.787879,100.863636,328.0959758447679
13.787879,100.869697,709.9253562635239
13.787879,100.875758,332.61741534756237
13.787879,100.881818,113.75404076562998
13.787879,100.887879,451.79728320058246
13.787879,100.893939,827.3591923542775
13.787879,100.9,417.93861070890756
13.792929,100.3,297.5584766091028
13.792929,100.306061,73.74923787232477
13.792929,100.312121,164.08613086811135
13.792929,100.318182,189.5630393938044
13.792929,100.324242,298.99640082127826
13.792929,100.330303,97.21579678999605
13.792929,100.336364,168.20881103277546
13.792929,100.342424,358.6464085857827
13.792929,100.348485,363.12587839316785
13.792929,100.354545,277.1665535510069
13.792929,100.360606,601.5119719797206
13.792929,100.366667,255.88293910134092
13.792929,100.372727,178.4860685402468
13.792929,100.378788,68.65536254599223
13.792929,100.384848,35.819041499431606
13.792929,100.390909,227.91771659273303
13.792929,100.39697,318.307362305459
13.792929,100.40303,124.29419632536722
13.792929,100.409091,81.2464366081442
13.792929,100.415152,283.161434795743
13.792929,100.421212,143.497980284377
13.792929,100.427273,735.1069756806306
13.792929,100.433333,793.2914849348793
13.792929,100.439394,601.4689409990805
13.792929,100.445455,87.41872916537206
13.792929,100.451515,439.7235431206923
13.792929,100.457576,15.498086980177352
13.792929,100.463636,284.78217376252576
13.792929,100.469697,127.53357520248679
13.792929,100.475758,205.495564885934
13.792929,100.481818,194.26660675895732
13.792929,100.487879,173.47718954167266
13.792929,100.493939,113.16121354848221
13.792929,100.5,102.01278612859329
13.792929,100.506061,32.18424652556026
13.792929,100.512121,12.738067958675412
13.792929,100.518182,98.36391671571792
13.792929,100.524242,89.65186523156957
13.792929,100.530303,54.32631564151609
13.792929,100.536364,132.95682256369597
13.792929,100.542424,393.31546686975184
13.792929,100.548485,397.1705544956413
13.792929,100.554545,296.8265942243403
13.792929,100.560606,59.117742410081156
13.792929,100.566667,157.7834215756061
13.792929,100.572727,288.942059047302
13.792929,100.578788,213.1014027702884
13.792929,100.584848,504.2941177141324
13.792929,100.590909,170.42980643188258
13.792929,100.59697,844.7343330363833
13.792929,100.60303,807.5142624051084
13.792929,100.609091,300.6615287385588
13.792929,100.615152,321.75218998403767
13.792929,100.621212,411.96865963679
13.792929,100.627273,250.89527938552513
13.792929,100.633333,294.34356313758127
13.792929,100.639394,106.72553315201108
13.792929,100.645455,513.5530154388339
13.792929,100.651515,433.4100513753267
13.792929,100.657576,90.45226231598981
13.792929,100.663636,98.69851929143321
13.792929,100.669697,79.3894437269484
13.792929,100.675758,180.85804928985615
13.792929,100.681818,416.4399262492622
13.792929,100.687879,155.99558576228958
13.792929,100.693939,47.28884737177889
13.792929,100.7,180.2135718876293
13.792929,100.706061,330.0253351025128
13.792929,100.712121,140.92105907386548
13.792929,100.718182,342.61565260037344
13.792929,100.724242,248.613775495828
13.792929,100.730303,148.41043165857138
13.792929,100.736364,95.78156326036193
13.792929,100.742424,131.340697139902
13.792929,100.748485,599.1987095274739
13.792929,100.754545,76.5062377362618
13.792929,100.760606,750.149774816517
13.792929,100.766667,267.3493293035711
13.792929,100.772727,161.41396813898723
13.792929,100.778788,95.21695210294459
13.792929,100.784848,637.4607221583391
13.792929,100.790909,333.0158629405354
13.792929,100.79697,140.37092787630763
13.792929,100.80303,566.5782576213926
13.792929,100.809091,533.236679378066
13.792929,100.815152,107.48161892946895
13.792929,100.821212,650.5456263681031
13.792929,100.827273,124.93612964333764
13.792929,100.833333,162.83144101174398
13.792929,100.839394,366.57960772536916
13.792929,100.845455,104.04619662844608
13.792929,100.851515,355.809772083979
13.792929,100.857576,526.787777227332
13.792929,100.863636,44.68533168717788
13.792929,100.869697,164.43510385967065
13.792929,100.875758,528.18182499739
13.792929,100.881818,184.21872293256976
13.792929,100.887879,423.448911856362
13.792929,100.893939,593.7131204665743
13.792929,100.9,718.5810801281806
13.79798,100.3,664.0438186360717
13.79798,100.306061,225.312079573886
13.79798,100.312121,459.81162977226904
13.79798,100.318182,245.93179417351064
13.79798,100.324242,87.10012859240253
13.79798,100.330303,296.48832836612956
13.79798,100.336364,374.9694449362678
13.79798,100.342424,200.79559885799594
13.79798,100.348485,31.170733057859266
13.79798,100.354545,120.4719687821262
13.79798,100.360606,245.5448595744102
13.79798,100.366667,237.21687306862296
13.79798,100.372727,403.1748757241319
13.79798,100.378788,244.75110029575205
13.79798,100.384848,373.90206409026706
13.79798,100.390909,334.3615349380408
13.79798,100.39697,29.450997271072016
13.79798,100.40303,103.23764824938753
13.79798,100.409091,379.4599110742893
13.79798,100.415152,192.34324332764498
13.79798,100.421212,409.69888992476007
13.79798,100.427273,289.9527989018186
13.79798,100.433333,243.7052020041261
13.79798,100.439394,179.6671555427848
13.79798,100.445455,69.6711683410244
13.79798,100.451515,115.1328492512543
13.79798,100.457576,145.62954772276632
13.79798,100.463636,30.027896811091363
13.79798,100.469697,34.492796151714536
13.79798,100.475758,193.05481729396962
13.79798,100.481818,312.21490767018446
13.79798,100.487879,301.81831028301536
13.79798,100.493939,62.12769598995424
13.79798,100.5,40.47208347587397
13.79798,100.506061,76.58436887750436
13.79798,100.512121,60.06411489184826
13.79798,100.518182,243.37690043913307
13.79798,100.524242,160.9704155811086
13.79798,100.530303,57.16293381304757
13.79798,100.536364,69.00690255858947
13.79798,100.542424,89.43533945344767
13.79798,100.548485,182.16737893036193
13.79798,100.554545,255.60770276655748
13.79798,100.560606,20.887610302712453
13.79798,100.566667,48.23760726089114
13.79798,100.572727,200.716366508864
13.79798,100.578788,103.57522921574298
13.79798,100.584848,129.10528143120013
13.79798,100.590909,202.83285088452158
13.79798,100.59697,298.4771568238142
13.79798,100.60303,249.8139917992552
13.79798,100.609091,150.4270327490446
13.79798,100.615152,166.84513590432618
13.79798,100.621212,195.38265352379614
13.79798,100.627273,23.058059079262932
13.79798,100.633333,674.0077751523672
13.79798,100.639394,98.96916291778577
13.79798,100.645455,596.1420897193743
13.79798,100.651515,179.39828090860127
13.79798,100.657576,362.3284162514542
13.79798,100.663636,5.36857940168279
13.79798,100.669697,274.5860019624467
13.79798,100.675758,306.7407460370088
13.79798,100.681818,96.7107291822225
13.79798,100.687879,37.30321074727937
13.79798,100.693939,269.20334231968866
13.79798,100.7,306.5572079550471
13.79798,100.706061,16.867951945259332
13.79798,100.712121,354.60589834160066
13.79798,100.718182,187.6963354229632
13.79798,100.724242,450.268330443046
13.79798,100.730303,335.6302615245446
13.79798,100.736364,107.04644649409737
13.79798,100.742424,264.5447999610623
13.79798,100.748485,110.40657944112951
13.79798,100.754545,173.64024744895693
13.79798,100.760606,620.8714705034714
13.79798,100.766667,212.34063098597267
13.79798,100.772727,61.48655172191349
13.79798,100.778788,171.69538638089534
13.79798,100.784848,158.40201940475998
13.79798,100.790909,71.48274572716501
13.79798,100.79697,43.377370355277456
13.79798,100.80303,43.48930619688266
13.79798,100.809091,33.57626192761982
13.79798,100.815152,116.61058206314176
13.79798,100.821212,155.32316883482733
13.79798,100.827273,259.65234891315913
13.79798,100.833333,511.10142697250757
13.79798,100.839394,42.71493603847084
13.79798,100.845455,405.97335182681826
13.79798,100.851515,488.50205020485396
13.79798,100.857576,424.79694219694625
13.79798,100.863636,372.0486553960174
13.79798,100.869697,272.91518082055893
13.79798,100.875758,60.5554688354062
13.79798,100.881818,215.04787256316675
13.79798,100.887879,45.564101441450156
13.79798,100.893939,81.6279281552304
13.79798,100.9,163.58050380089267
13.80303,100.3,119.2959054345156
13.80303,100.306061,221.2670315530016
13.80303,100.312121,445.80873438529716
13.80303,100.318182,212.57431832904922
13.80303,100.324242,138.72920868514302
13.80303,100.330303,187.85746068326128
13.80303,100.336364,31.88285840273342
13.80303,100.342424,97.46636887571364
13.80303,100.348485,27.061260064849208
13.80303,100.354545,293.9181274867154
13.80303,100.360606,311.66832302880687
13.80303,100.366667,149.08061887989655
13.80303,100.372727,117.08779262876685
13.80303,100.378788,184.66089691738688
13.80303,100.384848,310.26231154477597
13.80303,100.390909,453.5243904370266
13.80303,100.39697,113.04017615093075
13.80303,100.40303,238.91988681224706
13.80303,100.409091,200.29730511696948
13.80303,100.415152,92.20808700154869
13.80303,100.421212,329.35969242874796
13.80303,100.427273,21.75357153131628
13.80303,100.433333,337.44334282579365
13.80303,100.439394,52.494586383307244
13.80303,100.445455,76.77341480836135
13.80303,100.451515,181.90381284209795
13.80303,100.457576,30.93177390786767
13.80303,100.463636,160.79055906068177
13.80303,100.469697,187.54460735596322
13.80303,100.475758,281.21580865418287
13.80303,100.481818,27.154653849404678
13.80303,100.487879,140.74168889614447
13.80303,100.493939,491.44503830109346
13.80303,100.5,175.53246854750117
13.80303,100.506061,69.47922470476591
13.80303,100.512121,134.03210966141464
13.80303,100.518182,104.84599191503197
13.80303,100.524242,225.67091322235729
13.80303,100.530303,223.86060909611845
13.80303,100.536364,429.4923204324602
13.80303,100.542424,417.1580067466158
13.80303,100.548485,735.3733217411742
13.80303,100.554545,687.4681591850879
13.80303,100.560606,18.132883328092326
13.80303,100.566667,104.23368352129275
13.80303,100.572727,304.0846602377922
13.80303,100.578788,155.67529867564167
13.80303,100.584848,37.606059394875075
13.80303,100.590909,59.93221612296062
13.80303,100.59697,210.187293786321
13.80303,100.60303,219.18403124901417
13.80303,100.609091,316.2973069613753
13.80303,100.615152,373.8728724742275
13.80303,100.621212,213.29262254280414
13.80303,100.627273,128.6765137898644
13.80303,100.633333,567.6715946636866
13.80303,100.639394,28.894548663429322
13.80303,100.645455,486.7337441916528
13.80303,100.651515,119.79226302647871
13.80303,100.657576,126.00056863242247
13.80303,100.663636,102.97145129612998
13.80303,100.669697,16.55275995696486
13.80303,100.675758,344.9323955664265
13.80303,100.681818,137.29633595596488
13.80303,100.687879,236.88020515745316
13.80303,100.693939,63.789706311488786
13.80303,100.7,43.20577590493257
13.80303,100.706061,250.26277620574044
13.80303,100.712121,155.9939377905477
13.80303,100.718182,55.57780518790814
13.80303,100.724242,627.1984467430128
13.80303,100.730303,241.8173561414433
13.80303,100.736364,427.8947048416382
13.80303,100.742424,324.66970682197496
13.80303,100.748485,460.1039775294175
13.80303,100.754545,223.85967329292262
13.80303,100.760606,143.32212054229998
13.80303,100.766667,209.2489371692953
13.80303,100.772727,114.29372724438103
13.80303,100.778788,450.50273229201736
13.80303,100.784848,197.41254282200995
13.80303,100.790909,349.4371293546295
13.80303,100.79697,410.9323077474857
13.80303,100.80303,5.096778632364655
13.80303,100.809091,485.88464698009244
13.80303,100.815152,347.4230558946333
13.80303,100.821212,30.386828544732843
13.80303,100.827273,241.61814619097103
13.80303,100.833333,207.02978456304848
13.80303,100.839394,61.01047959533089
13.80303,100.845455,142.38385633475102
13.80303,100.851515,97.55146969115168
13.80303,100.857576,149.9376927508393
13.80303,100.863636,174.50067716600017
13.80303,100.869697,217.37792318484458
13.80303,100.875758,104.2857797417956
13.80303,100.881818,157.05720032799113
13.80303,100.887879,127.48744184452526
13.80303,100.893939,300.05440124004474
13.80303,100.9,306.4118347191332
13.808081,100.3,278.0807024768119
13.808081,100.306061,335.474154426905
13.808081,100.312121,510.08180132707406
13.808081,100.318182,532.5966112651936
13.808081,100.324242,323.534808795444
13.808081,100.330303,429.5350726810021
13.808081,100.336364,391.8504327993081
13.808081,100.342424,388.332295416523
13.808081,100.348485,183.51683036034908
13.808081,100.354545,229.13239947807952
13.808081,100.360606,85.97279058659821
13.808081,100.366667,86.1841517732788
13.808081,100.372727,123.15094176087452
13.808081,100.378788,419.49329520153066
13.808081,100.384848,204.36606942039313
13.808081,100.390909,102.07568359965545
13.808081,100.39697,79.53307629802389
13.808081,100.40303,228.42871188079607
13.808081,100.409091,249.67333952372033
13.808081,100.415152,147.96528188732634
13.808081,100.421212,112.78129389704365
13.808081,100.427273,229.1848560400845
13.808081,100.433333,182.5840468251997
13.808081,100.439394,379.58801961482567
13.808081,100.445455,50.34126352407558
13.808081,100.451515,313.1407377023582
13.808081,100.457576,108.804765372264
13.808081,100.463636,210.00233339915835
13.808081,100.469697,82.0890270659127
13.808081,100.475758,58.40491084773378
13.808081,100.481818,108.95521018604562
13.808081,100.487879,98.93538492960836
13.808081,100.493939,102.45287682172557
13.808081,100.5,230.2983438263421
13.808081,100.506061,397.13163301021365
13.808081,100.512121,130.79941024576914
13.808081,100.518182,67.39509730937678
13.808081,100.524242,64.94608482193097
13.808081,100.530303,147.44835204656465
13.808081,100.536364,251.11039763183476
13.808081,100.542424,186.2238196300636
13.808081,100.548485,813.6952262084119
13.808081,100.554545,630.7764560867586
13.808081,100.560606,41.138951760160644
13.808081,100.566667,21.68965290308761
13.808081,100.572727,656.6863643339399
13.808081,100.578788,680.7935479203462
13.808081,100.584848,435.0062566319149
13.808081,100.590909,240.73912480417792
13.808081,100.59697,349.5350607818323
13.808081,100.60303,242.58222112315457
13.808081,100.609091,367.35219435441337
13.808081,100.615152,524.3714620287667
13.808081,100.621212,14.338292568871962
13.808081,100.627273,447.0769580105893
13.808081,100.633333,160.7508233652705
13.808081,100.639394,102.81924325416813
13.808081,100.645455,141.05997817917532
13.808081,100.651515,48.88568717816373
13.808081,100.657576,199.04518054247006
13.808081,100.663636,152.22802703283642
13.808081,100.669697,74.02820677723818
13.808081,100.675758,115.05634221276483
13.808081,100.681818,92.79333725598333
13.808081,100.687879,16.77158365662872
13.808081,100.693939,129.69548085232216
13.808081,100.7,122.34619725590093
13.808081,100.706061,23.05978954512678
13.808081,100.712121,63.89553307839986
13.808081,100.718182,71.01783705798358
13.808081,100.724242,102.76609127522227
13.808081,100.730303,52.79983056694588
13.808081,100.736364,595.201476459658
13.808081,100.742424,870.6618748507432
13.808081,100.748485,566.5824910199397
13.808081,100.754545,433.9853117316749
13.808081,100.760606,178.34492985350929
13.808081,100.766667,228.46983987476145
13.808081,100.772727,305.43864104836393
13.808081,100.778788,386.210655412806
13.808081,100.784848,39.911101484379614
13.808081,100.790909,681.4921230673722
13.808081,100.79697,544.0146460672302
13.808081,100.80303,5.903456092303884
13.808081,100.809091,93.50127234401005
13.808081,100.815152,596.9772447849164
13.808081,100.821212,47.40913353985277
13.808081,100.827273,192.43370752102936
13.808081,100.833333,299.52773996122573
13.808081,100.839394,506.7274644378005
13.808081,100.845455,60.0545813397677
13.808081,100.851515,556.6213075765418
13.808081,100.857576,683.6503381248438
13.808081,100.863636,258.4303066663017
13.808081,100.869697,162.97807821989167
13.808081,100.875758,141.366496994348
13.808081,100.881818,124.82822273654115
13.808081,100.887879,435.8443989814373
13.808081,100.893939,98.61413817068718
13.808081,100.9,580.0535285542849
13.813131,100.3,826.8096577629176
13.813131,100.306061,875.4039171714356
13.813131,100.312121,964.1797891800533
13.813131,100.318182,588.8921247130876
13.813131,100.324242,97.79231057369411
13.813131,100.330303,41.45391789564064
13.813131,100.336364,182.66777725415395
13.813131,100.342424,178.6739977249087
13.813131,100.348485,173.88708877985138
13.813131,100.354545,211.39159110731865
13.813131,100.360606,91.97684160298995
13.813131,100.366667,310.78611648919895
13.813131,100.372727,40.812423151574954
13.813131,100.378788,203.73075750921709
13.813131,100.384848,358.96923896060184
13.813131,100.390909,524.7580862181558
13.813131,100.39697,438.9835039066766
13.813131,100.40303,121.02096138005732
13.813131,100.409091,15.772566996398107
13.813131,100.415152,517.309810306082
13.813131,100.421212,20.082924008535965
13.813131,100.427273,218.9631275395408
13.813131,100.433333,162.3383208829986
13.813131,100.439394,120.68174142657507
13.813131,100.445455,454.61083159976687
13.813131,100.451515,243.8080377241509
13.813131,100.457576,190.77116267244762
13.813131,100.463636,10.5783876408399
13.813131,100.469697,24.104875096757347
13.813131,100.475758,223.1069144149747
13.813131,100.481818,376.0900373511067
13.813131,100.487879,46.88151631784854
13.813131,100.493939,132.70942027505006
13.813131,100.5,70.07469150697214
13.813131,100.506061,367.38003303303844
13.813131,100.512121,193.66635286642705
13.813131,100.518182,107.85239851670696
13.813131,100.524242,93.36981838998562
13.813131,100.530303,262.06334122458776
13.813131,100.536364,398.08676583030046
13.813131,100.542424,266.3799319404347
13.813131,100.548485,797.506492055333
13.813131,100.554545,826.177538604195
13.813131,100.560606,536.1455987643892
13.813131,100.566667,298.8493587231939
13.813131,100.572727,730.7336326582202
13.813131,100.578788,1077.1934609703244
13.813131,100.584848,405.73033747807756
13.813131,100.590909,235.06213875008334
13.813131,100.59697,428.62875445142936
13.813131,100.60303,284.77704009821156
13.813131,100.609091,191.25354783964485
13.813131,100.615152,352.96589544138857
13.813131,100.621212,38.09079564544717
13.813131,100.627273,333.356889527472
13.813131,100.633333,96.63836988568744
13.813131,100.639394,191.58623257798877
13.813131,100.645455,179.10930952599355
13.813131,100.651515,206.8715282139088
13.813131,100.657576,292.97918815065384
13.813131,100.663636,96.34768122495069
13.813131,100.669697,218.25242377091502
13.813131,100.675758,157.13329834958043
13.813131,100.681818,162.64549811341575
13.813131,100.687879,267.3784373905564
13.813131,100.693939,141.08938076225678
13.813131,100.7,260.2778776190966
13.813131,100.706061,42.501102749983424
13.813131,100.712121,111.33652979285085
13.813131,100.718182,273.9859946695179
13.813131,100.724242,55.591065817487376
13.813131,100.730303,59.04778083711935
13.813131,100.736364,164.2207641565989
13.813131,100.742424,485.34247718275424
13.813131,100.748485,395.1064670271429
13.813131,100.754545,276.7601242781912
13.813131,100.760606,160.88218585681847
13.813131,100.766667,296.9310686032257
13.813131,100.772727,121.64019530605243
13.813131,100.778788,174.79468136980358
13.813131,100.784848,170.01879693056696
13.813131,100.790909,840.3312847788983
13.813131,100.79697,498.37619421563824
13.813131,100.80303,184.943090717318
13.813131,100.809091,276.37387613830623
13.813131,100.815152,235.4177370708921
13.813131,100.821212,63.95147591962092
13.813131,100.827273,383.75540176576015
13.813131,100.833333,180.2733148427367
13.813131,100.839394,395.4607062511903
13.813131,100.845455,296.45373377365564
13.813131,100.851515,327.3044968604728
13.813131,100.857576,675.4622620427322
13.813131,100.863636,330.93458485084204
13.813131,100.869697,21.82730869196998
13.813131,100.875758,126.82760441946556
13.813131,100.881818,332.33420111790645
13.813131,100.887879,661.6135631451409
13.813131,100.893939,73.8370648374276
13.813131,100.9,236.11575172427854
13.818182,100.3,1386.4248063078708
13.818182,100.306061,1432.6547273370695
13.818182,100.312121,923.2692574803272
13.818182,100.318182,447.3971939404322
13.818182,100.324242,180.83326166759645
13.818182,100.330303,568.0504661738787
13.818182,100.336364,719.7844419121581
13.818182,100.342424,738.4255274639269
13.818182,100.348485,140.39551474217666
13.818182,100.354545,300.90477914781945
13.818182,100.360606,216.206691273255
13.818182,100.366667,116.5229794118061
13.818182,100.372727,443.11355490934255
13.818182,100.378788,346.4391351116802
13.818182,100.384848,190.91541916349533
13.818182,100.390909,12.113304098033698
13.818182,100.39697,264.26177519699206
13.818182,100.40303,298.5599123067968
13.818182,100.409091,240.86442166788336
13.818182,100.415152,164.48555995679922
13.818182,100.421212,349.0022619005181
13.818182,100.427273,199.96263982578867
13.818182,100.433333,411.12961031610814
13.818182,100.439394,143.35065024888897
13.818182,100.445455,51.60149834917487
13.818182,100.451515,48.40825046332
13.818182,100.457576,88.29123532685756
13.818182,100.463636,137.05432004913106
13.818182,100.469697,78.1720594835272
13.818182,100.475758,368.17935165174225
13.818182,100.481818,71.67712232217501
13.818182,100.487879,16.39264392982896
13.818182,100.493939,334.0356493276727
13.818182,100.5,9.905978943046803
13.818182,100.506061,76.70684712343886
13.818182,100.512121,48.65842150557554
13.818182,100.518182,98.31299648592382
13.818182,100.524242,91.90625043926013
13.818182,100.530303,199.05851730358816
13.818182,100.536364,168.98414609963797
13.818182,100.542424,196.3859550106666
13.818182,100.548485,511.93887604111825
13.818182,100.554545,455.2274332505149
13.818182,100.560606,215.79897247284734
13.818182,100.566667,855.5418113321015
13.818182,100.572727,1089.076464218239
13.818182,100.578788,1158.7077978643015
13.818182,100.584848,493.718020178783
13.818182,100.590909,163.750486469406
13.818182,100.59697,454.60394502263404
13.818182,100.60303,562.9745355271284
13.818182,100.609091,547.0163089861936
13.818182,100.615152,495.1735155127466
13.818182,100.621212,146.55346153214185
13.818182,100.627273,128.00767344355853
13.818182,100.633333,98.10956725306451
13.818182,100.639394,83.00976846104952
13.818182,100.645455,320.0848725342117
13.818182,100.651515,296.757765500268
13.818182,100.657576,369.52338445469377
13.818182,100.663636,293.70483195782697
13.818182,100.669697,369.09600719432683
13.818182,100.675758,270.187714710121
13.818182,100.681818,218.12126389079506
13.818182,100.687879,265.56694158695905
13.818182,100.693939,0.9576108486495551
13.818182,100.7,75.28007654056695
13.818182,100.706061,202.1288252082998
13.818182,100.712121,143.30231209760123
13.818182,100.718182,408.30338404753576
13.818182,100.724242,189.58451946532068
13.818182,100.730303,261.5410454354857
13.818182,100.736364,424.6269932902798
13.818182,100.742424,251.87275106420367
13.818182,100.748485,362.3738869066536
13.818182,100.754545,177.48152608108498
13.818182,100.760606,48.29975194713198
13.818182,100.766667,113.61194256060779
13.818182,100.772727,440.7518109385142
13.818182,100.778788,311.6212289168773
13.818182,100.784848,327.2583633282434
13.818182,100.790909,877.7803505649387
13.818182,100.79697,437.831614206208
13.818182,100.80303,226.87001197411206
13.818182,100.809091,641.3539297607928
13.818182,100.815152,220.7050524941803
13.818182,100.821212,67.04616554627526
13.818182,100.827273,356.1412608457696
13.818182,100.833333,31.490413236417528
13.818182,100.839394,72.93888326101529
13.818182,100.845455,209.78205649971994
13.818182,100.851515,40.07099590374242
13.818182,100.857576,154.3643372522309
13.818182,100.863636,117.75065946901147
13.818182,100.869697,244.9487468053536
13.818182,100.875758,416.9890738382201
13.818182,100.881818,759.7346025051218
13.818182,100.887879,341.07894538175805
13.818182,100.893939,143.13270024045056
13.818182,100.9,168.06344801878126
13.823232,100.3,1082.9959420892217
13.823232,100.306061,1166.837599698242
13.823232,100.312121,684.028569322561
13.823232,100.318182,134.3713674063272
13.823232,100.324242,126.12500241649424
13.823232,100.330303,335.9680890220084
13.823232,100.336364,245.76377819305515
13.823232,100.342424,199.0397739909926
13.823232,100.348485,135.6999279103252
13.823232,100.354545,199.49927811131775
13.823232,100.360606,473.2549360843045
13.823232,100.366667,136.01568044241415
13.823232,100.372727,51.01487110656514
13.823232,100.378788,275.0032787432633
13.823232,100.384848,605.9515724036419
13.823232,100.390909,527.3517882809571
13.823232,100.39697,238.6185414270527
13.823232,100.40303,34.38277463025637
13.823232,100.409091,417.8795301775743
13.823232,100.415152,225.08112799302674
13.823232,100.421212,289.7159495686988
13.823232,100.427273,36.188226395061655
13.823232,100.433333,223.7325602637146
13.823232,100.439394,60.216330182540744
13.823232,100.445455,587.0228254652035
13.823232,100.451515,190.48512846732518
13.823232,100.457576,222.64510535478843
13.823232,100.463636,171.04192841456174
13.823232,100.469697,217.19783586425729
13.823232,100.475758,469.73689755229054
13.823232,100.481818,36.55632359504646
13.823232,100.487879,186.67013407788752
13.823232,100.493939,46.30507510810708
13.823232,100.5,86.18199278648916
13.823232,100.506061,180.85133673832024
13.823232,100.512121,183.5040425308495
13.823232,100.518182,116.26670941518776
13.823232,100.524242,76.20667104896565
13.823232,100.530303,357.07020361653093
13.823232,100.536364,728.3894691472486
13.823232,100.542424,339.24513132099776
13.823232,100.548485,107.46659257436949
13.823232,100.554545,89.57181302667892
13.823232,100.560606,231.91717755124702
13.823232,100.566667,724.4109052985052
13.823232,100.572727,1229.05508334601
13.823232,100.578788,1143.1490131591552
13.823232,100.584848,471.27306906777545
13.823232,100.590909,192.7572099034466
13.823232,100.59697,107.87565101140157
13.823232,100.60303,17.84952242682019
13.823232,100.609091,17.122322404572845
13.823232,100.615152,76.380074595552
13.823232,100.621212,62.59745226416509
13.823232,100.627273,37.406403937936815
13.823232,100.633333,464.89571327215543
13.823232,100.639394,481.2265572767656
13.823232,100.645455,259.5597823451015
13.823232,100.651515,38.28069660868105
13.823232,100.657576,161.5691166793801
13.823232,100.663636,364.1753488099926
13.823232,100.669697,80.6715033779813
13.823232,100.675758,150.22994806143342
13.823232,100.681818,396.22988566739025
13.823232,100.687879,81.43450616080982
13.823232,100.693939,161.67993860104565
13.823232,100.7,177.32693884062954
13.823232,100.706061,32.1212659227288
13.823232,100.712121,129.6519954055628
13.823232,100.718182,154.5666494719989
13.823232,100.724242,282.43749853817593
13.823232,100.730303,73.34236485885435
13.823232,100.736364,747.7573666905686
13.823232,100.742424,490.0174253132857
13.823232,100.748485,54.78868004736986
13.823232,100.754545,84.3937132386879
13.823232,100.760606,431.91322810980756
13.823232,100.766667,221.48311797630046
13.823232,100.772727,882.1011694877496
13.823232,100.778788,306.10776615969723
13.823232,100.784848,286.01378710026387
13.823232,100.790909,346.5923459947301
13.823232,100.79697,569.0143147095523
13.823232,100.80303,46.08167470549492
13.823232,100.809091,339.16143091628675
13.823232,100.815152,396.19869437606576
13.823232,100.821212,128.60562899480453
13.823232,100.827273,43.18784039523112
13.823232,100.833333,501.7962764418684
13.823232,100.839394,55.68269574650843
13.823232,100.845455,703.7379782604175
13.823232,100.851515,357.6246367864474
13.823232,100.857576,276.26838078653765
13.823232,100.863636,433.2017478182293
13.823232,100.869697,590.003896210729
13.823232,100.875758,489.503396763207
13.823232,100.881818,458.37989722959264
13.823232,100.887879,17.916206145680505
13.823232,100.893939,254.6965659150719
13.823232,100.9,615.0266965923098
13.828283,100.3,561.3128715922404
13.828283,100.306061,638.3254346068036
13.828283,100.312121,469.55922663725386
13.828283,100.318182,198.4811094458346
13.828283,100.324242,482.1698039237044
13.828283,100.330303,375.4379404288204
13.828283,100.336364,342.31662216749345
13.828283,100.342424,338.9118417593264
13.828283,100.348485,108.47100542490233
13.828283,100.354545,165.8151951517319
13.828283,100.360606,380.2993557339246
13.828283,100.366667,338.74670366394616
13.828283,100.372727,490.0803183943992
13.828283,100.378788,183.60383443727522
13.828283,100.384848,124.36853440957765
13.828283,100.390909,342.737905917104
13.828283,100.39697,142.85333391184375
13.828283,100.40303,230.9609512898196
13.828283,100.409091,89.755104207301
13.828283,100.415152,112.41293793419695
13.828283,100.421212,201.74405050031834
13.828283,100.427273,158.36899257496785
13.828283,100.433333,259.23414585137806
13.828283,100.439394,57.58157069000353
13.828283,100.445455,82.24626940737875
13.828283,100.451515,268.3218495061674
13.828283,100.457576,191.70565100365437
13.828283,100.463636,131.9368627103883
13.828283,100.469697,72.03255625020016
13.828283,100.475758,481.18622257276246
13.828283,100.481818,146.26861482550785
13.828283,100.487879,231.45747344896557
13.828283,100.493939,335.3116737137716
13.828283,100.5,172.81715099306746
13.828283,100.506061,272.192230652417
13.828283,100.512121,247.91171943077833
13.828283,100.518182,174.75975869542555
13.828283,100.524242,201.931316499137
13.828283,100.530303,381.85418930088707
13.828283,100.536364,744.0460190098677
13.828283,100.542424,609.7111321520565
13.828283,100.548485,44.10296097565113
13.828283,100.554545,187.36891664941925
13.828283,100.560606,35.45401492853499
13.828283,100.566667,396.04444563102066
13.828283,100.572727,1068.9510938758845
13.828283,100.578788,1212.1674427456512
13.828283,100.584848,540.9198118826791
13.828283,100.590909,126.82233439908856
13.828283,100.59697,640.90280653895
13.828283,100.60303,557.8903470895543
13.828283,100.609091,577.5372604671752
13.828283,100.615152,625.2934553290168
13.828283,100.621212,612.0214398992296
13.828283,100.627273,207.57848130994105
13.828283,100.633333,322.56562825867775
13.828283,100.639394,151.46736277156046
13.828283,100.645455,87.02112818786598
13.828283,100.651515,294.17107786032733
13.828283,100.657576,265.9132438804436
13.828283,100.663636,241.36136266655095
13.828283,100.669697,145.4207762275471
13.828283,100.675758,479.76845141465776
13.828283,100.681818,33.669979402505426
13.828283,100.687879,442.72864025829097
13.828283,100.693939,106.38331255385933
13.828283,100.7,24.901554960215304
13.828283,100.706061,150.46700427594112
13.828283,100.712121,283.3260929157921
13.828283,100.718182,101.57237039009482
13.828283,100.724242,225.48038873814625
13.828283,100.730303,103.2524613206421
13.828283,100.736364,755.696820952812
13.828283,100.742424,394.4310229598247
13.828283,100.748485,280.3378986343473
13.828283,100.754545,52.08904515069761
13.828283,100.760606,19.39874214830222
13.828283,100.766667,332.61623655174805
13.828283,100.772727,547.2556565008874
13.828283,100.778788,96.49731356015317
13.828283,100.784848,280.30263817703633
13.828283,100.790909,204.51775263889294
13.828283,100.79697,371.6220462941002
13.828283,100.80303,279.34572084381125
13.828283,100.809091,227.75958938658394
13.828283,100.815152,193.76922443137846
13.828283,100.821212,172.51924701167678
13.828283,100.827273,391.53238276902215
13.828283,100.833333,730.4533632731082
13.828283,100.839394,77.73313711631062
13.828283,100.845455,578.752260328434
13.828283,100.851515,424.7660252547195
13.828283,100.857576,250.43103620497436
13.828283,100.863636,177.64167995446041
13.828283,100.869697,55.641590193177294
13.828283,100.875758,79.80035209529981
13.828283,100.881818,123.32021410284143
13.828283,100.887879,352.22785546060396
13.828283,100.893939,174.75298882637398
13.828283,100.9,725.7957767159083
13.833333,100.3,299.26192847462073
13.833333,100.306061,292.78221224378314
13.833333,100.312121,216.9895630567074
13.833333,100.318182,227.80490882810054
13.833333,100.324242,396.1321325638244
13.833333,100.330303,618.7835696891817
13.833333,100.336364,572.2023033945554
13.833333,100.342424,689.124618690426
13.833333,100.348485,251.56969568432214
13.833333,100.354545,139.29270585598272
13.833333,100.360606,216.96311779700991
13.833333,100.366667,412.46604537593487
13.833333,100.372727,402.5756191538328
13.833333,100.378788,274.575313324734
13.833333,100.384848,343.5854946806307
13.833333,100.390909,87.04769882420888
13.833333,100.39697,94.69750573289703
13.833333,100.40303,38.330831942679055
13.833333,100.409091,43.58652683551388
13.833333,100.415152,182.5580911498791
13.833333,100.421212,76.89197392114562
13.833333,100.427273,82.26126886307847
13.833333,100.433333,275.47923339469037
13.833333,100.439394,420.7130240147793
13.833333,100.445455,245.81040670744147
13.833333,100.451515,352.2619374244245
13.833333,100.457576,302.65351503357266
13.833333,100.463636,298.5670197747877
13.833333,100.469697,389.2569639257481
13.833333,100.475758,235.69116185750116
13.833333,100.481818,310.0019790583911
13.833333,100.487879,330.3256735622706
13.833333,100.493939,113.25142593599645
13.833333,100.5,31.348638994124904
13.833333,100.506061,33.15330139299767
13.833333,100.512121,587.3198547338812
13.833333,100.518182,256.8799904502771
13.833333,100.524242,192.2930985545336
13.833333,100.530303,36.4665579296211
13.833333,100.536364,411.240266677781
13.833333,100.542424,852.2962013075739
13.833333,100.548485,286.3394168303284
13.833333,100.554545,345.7715860028969
13.833333,100.560606,98.40932044584424
13.833333,100.566667,552.0154088843698
13.833333,100.572727,1186.142119959594
13.833333,100.578788,1228.8882852997285
13.833333,100.584848,561.2134772414199
13.833333,100.590909,102.84442959574731
13.833333,100.59697,745.6714488267122
13.833333,100.60303,448.28662686797725
13.833333,100.609091,438.92353469053137
13.833333,100.615152,755.1867771770642
13.833333,100.621212,100.13977508320144
13.833333,100.627273,404.6100042595237
13.833333,100.633333,216.04195539269904
13.833333,100.639394,200.61269041449034
13.833333,100.645455,283.9382416342555
13.833333,100.651515,240.710100452501
13.833333,100.657576,52.779940654464525
13.833333,100.663636,251.27424309218534
13.833333,100.669697,126.02226275012822
13.833333,100.675758,83.72652572226521
13.833333,100.681818,357.12778802730094
13.833333,100.687879,111.05205534617545
13.833333,100.693939,176.7858325882215
13.833333,100.7,202.5650823437177
13.833333,100.706061,39.87769236044247
13.833333,100.712121,70.00073875513111
13.833333,100.718182,386.70900054620046
13.833333,100.724242,219.95732997422454
13.833333,100.730303,117.45112806871502
13.833333,100.736364,584.1599921417078
13.833333,100.742424,232.3709404150454
13.833333,100.748485,42.161044699885046
13.833333,100.754545,274.4563303353832
13.833333,100.760606,206.07452594076395
13.833333,100.766667,421.7360832775326
13.833333,100.772727,45.581516535409726
13.833333,100.778788,285.62726500179724
13.833333,100.784848,757.5171761745819
13.833333,100.790909,445.98605463929067
13.833333,100.79697,225.91377040592747
13.833333,100.80303,412.050817598542
13.833333,100.809091,255.0861790156076
13.833333,100.815152,741.799883315444
13.833333,100.821212,333.5012829299765
13.833333,100.827273,332.4429380779383
13.833333,100.833333,269.0389555798956
13.833333,100.839394,47.39742194602346
13.833333,100.845455,128.15900882492488
13.833333,100.851515,304.7410171432151
13.833333,100.857576,212.54030334500854
13.833333,100.863636,439.80316039421143
13.833333,100.869697,516.1947297034272
13.833333,100.875758,636.6259486203362
13.833333,100.881818,432.4988561721148
13.833333,100.887879,301.064243554652
13.833333,100.893939,54.04803476562064
13.833333,100.9,166.15908582770754
13.838384,100.3,675.5560281983189
13.838384,100.306061,602.8366672096759
13.838384,100.312121,192.81082418281892
13.838384,100.318182,354.83052050633944
13.838384,100.324242,263.84904036342436
13.838384,100.330303,537.6375297472487
13.838384,100.336364,29.05622600274493
13.838384,100.342424,136.07631582635517
13.838384,100.348485,5.443593530439693
13.838384,100.354545,142.5202988361857
13.838384,100.360606,198.85422727909523
13.838384,100.366667,477.0747894923844
13.838384,100.372727,308.8639890362966
13.838384,100.378788,366.5356387634517
13.838384,100.384848,378.17994141176547
13.838384,100.390909,367.8916577709774
13.838384,100.39697,190.77957164407087
13.838384,100.40303,331.320165116555
13.838384,100.409091,83.3141377225142
13.838384,100.415152,276.24025790497126
13.838384,100.421212,295.6927858359539
13.838384,100.427273,279.13128623877105
13.838384,100.433333,389.3984155980442
13.838384,100.439394,566.0440567387253
13.838384,100.445455,17.88102774236672
13.838384,100.451515,486.05855064595613
13.838384,100.457576,108.97130663847733
13.838384,100.463636,114.01583572748405
13.838384,100.469697,245.02738864222752
13.838384,100.475758,666.2867979788415
13.838384,100.481818,493.6878113398608
13.838384,100.487879,84.44732118375681
13.838384,100.493939,260.3712454821776
13.838384,100.5,94.82352408648958
13.838384,100.506061,161.11314679697603
13.838384,100.512121,346.6958647740312
13.838384,100.518182,490.33283878173023
13.838384,100.524242,229.36060568060157
13.838384,100.530303,213.68437348919028
13.838384,100.536364,175.28854023008762
13.838384,100.542424,457.22312798867426
13.838384,100.548485,576.572155706607
13.838384,100.554545,85.8481262407269
13.838384,100.560606,32.452519922026006
13.838384,100.566667,636.8299586641391
13.838384,100.572727,934.158223815439
13.838384,100.578788,1302.378242472703
13.838384,100.584848,656.4040271558821
13.838384,100.590909,19.700636646989285
13.838384,100.59697,594.8168655908472
13.838384,100.60303,172.8559901315566
13.838384,100.609091,281.04392683036747
13.838384,100.615152,898.729549757458
13.838384,100.621212,296.78126288078386
13.838384,100.627273,74.57137691547123
13.838384,100.633333,67.98307204954139
13.838384,100.639394,17.26253062514416
13.838384,100.645455,179.40270552728973
13.838384,100.651515,272.86120250774104
13.838384,100.657576,315.38003502625554
13.838384,100.663636,226.14120079340512
13.838384,100.669697,25.210667213839624
13.838384,100.675758,259.75325622372446
13.838384,100.681818,144.6888088192951
13.838384,100.687879,24.37436496385238
13.838384,100.693939,378.3197479329218
13.838384,100.7,38.3510454438713
13.838384,100.706061,495.5547031909859
13.838384,100.712121,167.30070513613936
13.838384,100.718182,468.6897815176848
13.838384,100.724242,238.83338207962487
13.838384,100.730303,650.808491411069
13.838384,100.736364,386.5128042642319
13.838384,100.742424,176.08549498345073
13.838384,100.748485,114.8909085025131
13.838384,100.754545,340.7149113777274
13.838384,100.760606,22.329676552173794
13.838384,100.766667,64.57685097702439
13.838384,100.772727,331.1809597877557
13.838384,100.778788,405.2279815735316
13.838384,100.784848,347.70324427357644
13.838384,100.790909,475.0172726960664
13.838384,100.79697,75.39787175860218
13.838384,100.80303,419.36317745553896
13.838384,100.809091,139.51088786660168
13.838384,100.815152,809.6800112845416
13.838384,100.821212,444.08686183784323
13.838384,100.827273,108.95510099963067
13.838384,100.833333,191.98823898064435
13.838384,100.839394,460.9277045479803
13.838384,100.845455,352.02645046153077
13.838384,100.851515,260.1774376452328
13.838384,100.857576,40.17985566517611
13.838384,100.863636,130.7836897788564
13.838384,100.869697,125.87230869210153
13.838384,100.875758,139.90797555609424
13.838384,100.881818,88.83340254684265
13.838384,100.887879,276.23531249298827
13.838384,100.893939,384.6415666560875
13.838384,100.9,327.6663901794573
13.843434,100.3,649.4843551678499
13.843434,100.306061,341.8810256350734
13.843434,100.312121,339.4119572318591
13.843434,100.318182,912.1532059043027
13.843434,100.324242,779.6920578710859
13.843434,100.330303,671.8570966345395
13.843434,100.336364,2.8331322727773833
13.843434,100.342424,100.85794610179492
13.843434,100.348485,147.8087345986226
13.843434,100.354545,192.10820609574375
13.843434,100.360606,20.329092474133148
13.843434,100.366667,46.16834982570076
13.843434,100.372727,101.11312213837955
13.843434,100.378788,203.88793684376793
13.843434,100.384848,322.9772887862849
13.843434,100.390909,181.76450818972913
13.843434,100.39697,357.5621857873673
13.843434,100.40303,302.7186656120963
13.843434,100.409091,38.544973977425975
13.843434,100.415152,42.177548240435094
13.843434,100.421212,116.05439256977583
13.843434,100.427273,64.23657975576852
13.843434,100.433333,536.9855724647003
13.843434,100.439394,829.6058874059962
13.843434,100.445455,415.89624645474385
13.843434,100.451515,753.6721567967472
13.843434,100.457576,608.4153889801587
13.843434,100.463636,97.15074469569085
13.843434,100.469697,38.064763469323765
13.843434,100.475758,663.1228384035486
13.843434,100.481818,574.1212551515641
13.843434,100.487879,123.63863333345947
13.843434,100.493939,256.75971200140117
13.843434,100.5,93.37192531314177
13.843434,100.506061,11.075444928863652
13.843434,100.512121,197.04670563563778
13.843434,100.518182,147.33661277246813
13.843434,100.524242,247.09743830705952
13.843434,100.530303,204.12454662926424
13.843434,100.536364,238.0084855792427
13.843434,100.542424,112.58750982755713
13.843434,100.548485,719.3726756557992
13.843434,100.554545,243.60950083134992
13.843434,100.560606,107.72920459278524
13.843434,100.566667,240.19913938673494
13.843434,100.572727,431.1172871212723
13.843434,100.578788,853.1576746846823
13.843434,100.584848,526.4669301240564
13.843434,100.590909,75.97319238841227
13.843434,100.59697,261.944344348171
13.843434,100.60303,191.34891813700258
13.843434,100.609091,434.946568563871
13.843434,100.615152,613.4662606021978
13.843434,100.621212,370.560463142072
13.843434,100.627273,41.52942806904006
13.843434,100.633333,94.85907653038176
13.843434,100.639394,279.89260365446285
13.843434,100.645455,261.5269699815933
13.843434,100.651515,214.3195842018566
13.843434,100.657576,211.72540286179532
13.843434,100.663636,128.20618511692845
13.843434,100.669697,257.735369511611
13.843434,100.675758,32.5575375644544
13.843434,100.681818,328.6785302793795
13.843434,100.687879,197.7684768570797
13.843434,100.693939,34.405691327502396
13.843434,100.7,11.460922474168669
13.843434,100.706061,240.12453349136717
13.843434,100.712121,75.16870615088015
13.843434,100.718182,448.9680945733936
13.843434,100.724242,245.41865351405866
13.843434,100.730303,575.5140194782448
13.843434,100.736364,127.54340673704334
13.843434,100.742424,82.2338290543918
13.843434,100.748485,8.909780476364235
13.843434,100.754545,493.61623116478455
13.843434,100.760606,484.1376683577358
13.843434,100.766667,411.1548236724082
13.843434,100.772727,243.29206041289424
13.843434,100.778788,134.8551091583618
13.843434,100.784848,198.66393257046929
13.843434,100.790909,227.9825865204256
13.843434,100.79697,413.04074992806454
13.843434,100.80303,32.552956447809684
13.843434,100.809091,271.66591963090065
13.843434,100.815152,927.6227140545659
13.843434,100.821212,767.2839568736357
13.843434,100.827273,204.90522386175476
13.843434,100.833333,430.34835069812607
13.843434,100.839394,966.4507478916643
13.843434,100.845455,889.2815480118571
13.843434,100.851515,773.6552624540033
13.843434,100.857576,356.94078356616797
13.843434,100.863636,62.18011255605703
13.843434,100.869697,357.562050624144
13.843434,100.875758,442.1963171780593
13.843434,100.881818,602.5566754139867
13.843434,100.887879,833.1259557959469
13.843434,100.893939,363.9926363189284
13.843434,100.9,232.92111299413995
13.848485,100.3,120.47455473649525
13.848485,100.306061,198.2219829285157
13.848485,100.312121,614.6457670886278
13.848485,100.318182,1134.2400298255475
13.848485,100.324242,1092.8307912454627
13.848485,100.330303,508.9746273891342
13.848485,100.336364,123.65606639081165
13.848485,100.342424,297.14664114816526
13.848485,100.348485,44.35895278040443
13.848485,100.354545,14.069231828757294
13.848485,100.360606,54.754244522199244
13.848485,100.366667,26.93500523409513
13.848485,100.372727,89.20252130284898
13.848485,100.378788,74.87882352443454
13.848485,100.384848,210.34553454371863
13.848485,100.390909,68.78145623535362
13.848485,100.39697,31.511512672543894
13.848485,100.40303,92.96047130794365
13.848485,100.409091,29.386213454508415
13.848485,100.415152,218.99409337923964
13.848485,100.421212,265.79557758135144
13.848485,100.427273,176.5969603396959
13.848485,100.433333,422.5633405866999
13.848485,100.439394,381.0964164439293
13.848485,100.445455,943.4687416242799
13.848485,100.451515,612.1705660643447
13.848485,100.457576,317.3180380307696
13.848485,100.463636,78.81817152821284
13.848485,100.469697,101.89056356680256
13.848485,100.475758,280.491438261049
13.848485,100.481818,384.913747141994
13.848485,100.487879,38.94724094257714
13.848485,100.493939,87.43396024554254
13.848485,100.5,76.34435085018806
13.848485,100.506061,219.08826331074806
13.848485,100.512121,239.16063258494322
13.848485,100.518182,340.0357150148704
13.848485,100.524242,398.11373405408295
13.848485,100.530303,489.2381165193559
13.848485,100.536364,231.3540806320612
13.848485,100.542424,64.10669924723607
13.848485,100.548485,305.27784278125426
13.848485,100.554545,487.4587910763354
13.848485,100.560606,83.03677874522896
13.848485,100.566667,86.97612263388139
13.848485,100.572727,343.5464084934242
13.848485,100.578788,301.8447046793972
13.848485,100.584848,402.0135375140722
13.848485,100.590909,278.46884904742825
13.848485,100.59697,127.77667956579488
13.848485,100.60303,120.078869036271
13.848485,100.609091,70.68172122998018
13.848485,100.615152,52.96635547290583
13.848485,100.621212,66.0693015507879
13.848485,100.627273,456.73528503863037
13.848485,100.633333,600.2521362490513
13.848485,100.639394,245.10056081593163
13.848485,100.645455,147.21378705519183
13.848485,100.651515,186.75434998994803
13.848485,100.657576,85.66082969275921
13.848485,100.663636,195.00544635092868
13.848485,100.669697,206.23066947512
13.848485,100.675758,125.62691838919052
13.848485,100.681818,84.35621441626361
13.848485,100.687879,201.2136184675463
13.848485,100.693939,406.3578298685094
13.848485,100.7,276.7190634362566
13.848485,100.706061,423.0644756181645
13.848485,100.712121,309.55218701893966
13.848485,100.718182,378.0389804694998
13.848485,100.724242,156.3859434774608
13.848485,100.730303,79.52020135712979
13.848485,100.736364,140.55745907446027
13.848485,100.742424,317.56225981800844
13.848485,100.748485,310.56562392673635
13.848485,100.754545,107.33213299320221
13.848485,100.760606,319.7448080604285
13.848485,100.766667,132.08626131075494
13.848485,100.772727,122.03786988038472
13.848485,100.778788,35.52755607539312
13.848485,100.784848,472.9973764619189
13.848485,100.790909,300.09171976297824
13.848485,100.79697,112.7564285935464
13.848485,100.80303,333.9608974233369
13.848485,100.809091,153.51283291195998
13.848485,100.815152,585.2408212480359
13.848485,100.821212,807.8276955269297
13.848485,100.827273,292.69561826072436
13.848485,100.833333,327.81749957599607
13.848485,100.839394,890.0780584058666
13.848485,100.845455,983.5779954161596
13.848485,100.851515,1037.9477275772188
13.848485,100.857576,805.7680937375935
13.848485,100.863636,342.39304189387957
13.848485,100.869697,293.6464078824326
13.848485,100.875758,677.1633943339756
13.848485,100.881818,451.079635738062
13.848485,100.887879,474.882426209558
13.848485,100.893939,336.1328782814169
13.848485,100.9,92.07657478274572
13.853535,100.3,461.5716768655595
13.853535,100.306061,173.96246772923072
13.853535,100.312121,450.0542811385229
13.853535,100.318182,646.7709090754773
13.853535,100.324242,848.0855332506322
13.853535,100.330303,243.52635366566176
13.853535,100.336364,156.02462915548952
13.853535,100.342424,86.60869989474809
13.853535,100.348485,142.95555420095152
13.853535,100.354545,37.87747204719318
13.853535,100.360606,124.53077832162695
13.853535,100.366667,188.55791569647243
13.853535,100.372727,46.50576697677479
13.853535,100.378788,128.8532005391298
13.853535,100.384848,33.33710059861407
13.853535,100.390909,70.95976984118259
13.853535,100.39697,87.10925147869602
13.853535,100.40303,110.25162304728401
13.853535,100.409091,267.9756907624175
13.853535,100.415152,127.84684046374886
13.853535,100.421212,73.7036345003143
13.853535,100.427273,115.61502323040969
13.853535,100.433333,116.39627344617047
13.853535,100.439394,327.4495270922275
13.853535,100.445455,738.5342084257488
13.853535,100.451515,185.9170730500751
13.853535,100.457576,244.84882991902012
13.853535,100.463636,484.357676325148
13.853535,100.469697,550.8847210242131
13.853535,100.475758,147.0976806160934
13.853535,100.481818,133.48077111240096
13.853535,100.487879,330.0517901743418
13.853535,100.493939,84.14959414842936
13.853535,100.5,89.24897703650984
13.853535,100.506061,134.2691107321511
13.853535,100.512121,308.5360165594119
13.853535,100.518182,440.5194572319438
13.853535,100.524242,224.08210685557137
13.853535,100.530303,467.79481686100837
13.853535,100.536364,724.4444263543277
13.853535,100.542424,247.92980499608902
13.853535,100.548485,252.1309249615204
13.853535,100.554545,58.2228087758285
13.853535,100.560606,87.96865978087487
13.853535,100.566667,149.26192832305506
13.853535,100.572727,337.557429163771
13.853535,100.578788,265.3593439147451
13.853535,100.584848,290.8112023425945
13.853535,100.590909,384.60095724707986
13.853535,100.59697,414.7228811160466
13.853535,100.60303,164.87460102292533
13.853535,100.609091,492.12509993576833
13.853535,100.615152,358.7240571745022
13.853535,100.621212,229.1667038510563
13.853535,100.627273,199.20727654492586
13.853535,100.633333,297.91929183151
13.853535,100.639394,381.56819291525784
13.853535,100.645455,72.68833646965263
13.853535,100.651515,420.2263904884941
13.853535,100.657576,29.55136540314318
13.853535,100.663636,175.6059154636647
13.853535,100.669697,111.26119080838505
13.853535,100.675758,196.39699736869508
13.853535,100.681818,412.34630704069707
13.853535,100.687879,9.877415507774254
13.853535,100.693939,143.0281312331627
13.853535,100.7,247.0331335623693
13.853535,100.706061,634.1421461675816
13.853535,100.712121,860.0138646948121
13.853535,100.718182,822.4190799471819
13.853535,100.724242,703.8010489506258
13.853535,100.730303,482.6897329305329
13.853535,100.736364,6.6311783216776385
13.853535,100.742424,173.9821800690051
13.853535,100.748485,460.08351203603945
13.853535,100.754545,421.07941988055154
13.853535,100.760606,149.96828986470447
13.853535,100.766667,214.4721304338723
13.853535,100.772727,158.03196139178846
13.853535,100.778788,102.39335472761884
13.853535,100.784848,333.8619818994635
13.853535,100.790909,423.491014769832
13.853535,100.79697,90.69625987767093
13.853535,100.80303,230.5535931899837
13.853535,100.809091,75.98119098176768
13.853535,100.815152,43.81426795416199
13.853535,100.821212,687.4574483699395
13.853535,100.827273,27.94702733870583
13.853535,100.833333,295.7354065718839
13.853535,100.839394,338.9795334413061
13.853535,100.845455,477.809627366722
13.853535,100.851515,490.59893578566755
13.853535,100.857576,469.450825322386
13.853535,100.863636,300.46502207881565
13.853535,100.869697,259.6509705852864
13.853535,100.875758,328.80941895767893
13.853535,100.881818,137.65358266436564
13.853535,100.887879,238.16972170356058
13.853535,100.893939,409.1071896484077
13.853535,100.9,491.25039135398896
13.858586,100.3,370.3231916160757
13.858586,100.306061,394.3170276947661
13.858586,100.312121,113.10522758980062
13.858586,100.318182,122.62476062108522
13.858586,100.324242,318.2601796299792
13.858586,100.330303,391.6731389201614
13.858586,100.336364,83.14267232921337
13.858586,100.342424,30.44272906568866
13.858586,100.348485,123.91210764992756
13.858586,100.354545,49.3294844582995
13.858586,100.360606,207.39363217062487
13.858586,100.366667,181.45609269627505
13.858586,100.372727,48.23534008203262
13.858586,100.378788,255.08457440766838
13.858586,100.384848,276.4240302076535
13.858586,100.390909,166.94784954545136
13.858586,100.39697,53.641933935056095
13.858586,100.40303,77.15305956067586
13.858586,100.409091,427.8914790394954
13.858586,100.415152,64.53545403207097
13.858586,100.421212,69.5973717234025
13.858586,100.427273,65.31197621653813
13.858586,100.433333,120.93017521464103
13.858586,100.439394,645.992345423377
13.858586,100.445455,490.4468007189815
13.858586,100.451515,165.9219730441713
13.858586,100.457576,692.1933883688871
13.858586,100.463636,1010.009156431013
13.858586,100.469697,934.7926538670832
13.858586,100.475758,279.79485343215305
13.858586,100.481818,229.60383395333577
13.858586,100.487879,184.34688967789646
13.858586,100.493939,118.30652869368498
13.858586,100.5,63.10562806460414
13.858586,100.506061,15.047997796672908
13.858586,100.512121,42.47181880698526
13.858586,100.518182,120.13193360074037
13.858586,100.524242,450.01227460724067
13.858586,100.530303,674.3006204349141
13.858586,100.536364,981.8711954233532
13.858586,100.542424,341.16620194288856
13.858586,100.548485,309.57783937006036
13.858586,100.554545,595.0068262270668
13.858586,100.560606,51.539324269262124
13.858586,100.566667,116.2079157414046
13.858586,100.572727,207.3997112307327
13.858586,100.578788,108.40307076801712
13.858586,100.584848,39.11933213299955
13.858586,100.590909,447.9193608999186
13.858586,100.59697,716.0259755464642
13.858586,100.60303,499.37484968882404
13.858586,100.609091,423.6528482663264
13.858586,100.615152,184.7790969067256
13.858586,100.621212,92.07130764044912
13.858586,100.627273,129.86105680714638
13.858586,100.633333,286.68210616940445
13.858586,100.639394,84.70090744075648
13.858586,100.645455,70.43929906233784
13.858586,100.651515,193.78547263369086
13.858586,100.657576,31.280327740245585
13.858586,100.663636,26.580232383111603
13.858586,100.669697,189.67697495192954
13.858586,100.675758,141.62270446194898
13.858586,100.681818,58.257355228877636
13.858586,100.687879,121.73907153962998
13.858586,100.693939,282.1904451141425
13.858586,100.7,251.29982484254006
13.858586,100.706061,393.9330373267034
13.858586,100.712121,470.792035134403
13.858586,100.718182,543.3145116459457
13.858586,100.724242,619.7057666474426
13.858586,100.730303,552.2245648968479
13.858586,100.736364,150.18998770324657
13.858586,100.742424,191.71240592219874
13.858586,100.748485,337.9274323394101
13.858586,100.754545,417.6469341392317
13.858586,100.760606,387.25259267653587
13.858586,100.766667,288.7440571542778
13.858586,100.772727,192.6138953177015
13.858586,100.778788,622.2222816232664
13.858586,100.784848,641.137720107249
13.858586,100.790909,450.80785493150063
13.858586,100.79697,177.68451391805957
13.858586,100.80303,142.38632718936944
13.858586,100.809091,535.6719275606999
13.858586,100.815152,100.42774936417116
13.858586,100.821212,724.7746777256816
13.858586,100.827273,142.62567981559008
13.858586,100.833333,219.14621223605528
13.858586,100.839394,263.9889192299372
13.858586,100.845455,311.2734629274835
13.858586,100.851515,174.86023741432243
13.858586,100.857576,92.84619891476034
13.858586,100.863636,56.992904729646156
13.858586,100.869697,197.15055640819986
13.858586,100.875758,288.28035227879917
13.858586,100.881818,366.8111137510603
13.858586,100.887879,288.3971038462886
13.858586,100.893939,828.4243841211968
13.858586,100.9,1051.8891973644884
13.863636,100.3,203.50631796144378
13.863636,100.306061,55.181718121490526
13.863636,100.312121,273.6565993084056
13.863636,100.318182,446.8767588234661
13.863636,100.324242,250.67946439807207
13.863636,100.330303,185.06089551739387
13.863636,100.336364,182.83714690954662
13.863636,100.342424,92.37123246055192
13.863636,100.348485,187.33507128110966
13.863636,100.354545,146.37701476885778
13.863636,100.360606,297.4080571134681
13.863636,100.366667,181.73885720353525
13.863636,100.372727,33.03548870154479
13.863636,100.378788,98.39549548614353
13.863636,100.384848,37.763042104696645
13.863636,100.390909,56.67253203827369
13.863636,100.39697,31.065441159802887
13.863636,100.40303,182.60300116314247
13.863636,100.409091,85.97044395074913
13.863636,100.415152,314.09816869300215
13.863636,100.421212,358.48702396501005
13.863636,100.427273,26.24192334032893
13.863636,100.433333,97.65310763370256
13.863636,100.439394,382.5835986123962
13.863636,100.445455,57.95967496910736
13.863636,100.451515,344.12038809359154
13.863636,100.457576,949.1854558543787
13.863636,100.463636,1008.5738146376777
13.863636,100.469697,785.296206371902
13.863636,100.475758,356.9041630800729
13.863636,100.481818,329.8020187227678
13.863636,100.487879,360.0697712620272
13.863636,100.493939,431.03116894351314
13.863636,100.5,267.50364207091627
13.863636,100.506061,280.09469929449835
13.863636,100.512121,122.06310842601332
13.863636,100.518182,472.52298951825054
13.863636,100.524242,798.2914978362808
13.863636,100.530303,796.8968878456734
13.863636,100.536364,529.855814806205
13.863636,100.542424,485.7852117782991
13.863636,100.548485,454.09420608857175
13.863636,100.554545,691.3641681947399
13.863636,100.560606,102.75973559872963
13.863636,100.566667,155.34188877858386
13.863636,100.572727,213.12623923447885
13.863636,100.578788,266.90921011957744
13.863636,100.584848,172.25646081049385
13.863636,100.590909,460.5197899383099
13.863636,100.59697,1134.6478888152337
13.863636,100.60303,846.6101980730647
13.863636,100.609091,468.5870267888996
13.863636,100.615152,743.2124481423896
13.863636,100.621212,99.70491932518348
13.863636,100.627273,97.32879486881616
13.863636,100.633333,156.54495116433384
13.863636,100.639394,110.21292805177077
13.863636,100.645455,480.3123580756779
13.863636,100.651515,230.38827245197314
13.863636,100.657576,74.41852153537583
13.863636,100.663636,210.37304671168295
13.863636,100.669697,181.7716151518594
13.863636,100.675758,253.03617252192592
13.863636,100.681818,117.27239024852624
13.863636,100.687879,442.4111075136586
13.863636,100.693939,339.9486234013423
13.863636,100.7,369.86969411153694
13.863636,100.706061,173.73660010231777
13.863636,100.712121,141.94727487192512
13.863636,100.718182,20.611633756703664
13.863636,100.724242,157.31849568428694
13.863636,100.730303,134.47681080170275
13.863636,100.736364,207.86289977901572
13.863636,100.742424,44.1614016537093
13.863636,100.748485,364.5798983758818
13.863636,100.754545,266.0750892760905
13.863636,100.760606,62.06720548335009
13.863636,100.766667,279.00444353961535
13.863636,100.772727,691.4759816294398
13.863636,100.778788,768.4176753912967
13.863636,100.784848,877.8069507351665
13.863636,100.790909,244.61438790403
13.863636,100.79697,393.55510323579676
13.863636,100.80303,166.84541925620368
13.863636,100.809091,337.01577587200643
13.863636,100.815152,112.27637962884381
13.863636,100.821212,318.92971385976244
13.863636,100.827273,31.172879791695106
13.863636,100.833333,217.95193379710187
13.863636,100.839394,132.81940435106432
13.863636,100.845455,251.96652359136812
13.863636,100.851515,564.5172775639444
13.863636,100.857576,236.22890256574476
13.863636,100.863636,422.8532406727077
13.863636,100.869697,302.5842216416816
13.863636,100.875758,208.5634350080833
13.863636,100.881818,438.635284110379
13.863636,100.887879,836.1075733553267
13.863636,100.893939,1141.1353753704207
13.863636,100.9,1613.5573562088439
13.868687,100.3,362.330690808673
13.868687,100.306061,476.20248666581756
13.868687,100.312121,260.94090016024785
13.868687,100.318182,94.52226299457713
13.868687,100.324242,99.03942769681893
13.868687,100.330303,271.6140990463225
13.868687,100.336364,330.5990476100134
13.868687,100.342424,394.95087269814076
13.868687,100.348485,225.78390628558637
13.868687,100.354545,147.3962662723178
13.868687,100.360606,89.21285229098422
13.868687,100.366667,81.13409493238187
13.868687,100.372727,62.0730391821917
13.868687,100.378788,83.3663134969602
13.868687,100.384848,213.57684558147017
13.868687,100.390909,207.66767571789134
13.868687,100.39697,105.08250036430297
13.868687,100.40303,255.43512766789934
13.868687,100.409091,129.97165110240653
13.868687,100.415152,126.77793529569601
13.868687,100.421212,35.82653951126883
13.868687,100.427273,239.7964416524672
13.868687,100.433333,82.91359388177486
13.868687,100.439394,352.6476403842992
13.868687,100.445455,182.00692543294855
13.868687,100.451515,121.65630888881569
13.868687,100.457576,635.7927374133486
13.868687,100.463636,470.2663450008297
13.868687,100.469697,247.76513806783223
13.868687,100.475758,270.99480264000414
13.868687,100.481818,283.3416472844912
13.868687,100.487879,86.93077090050203
13.868687,100.493939,62.952734606074856
13.868687,100.5,100.77061353993442
13.868687,100.506061,252.691251029843
13.868687,100.512121,50.96839173186244
13.868687,100.518182,95.71221936982417
13.868687,100.524242,650.5014748877402
13.868687,100.530303,588.6146565061066
13.868687,100.536364,59.04668217630645
13.868687,100.542424,97.02667548048626
13.868687,100.548485,148.5894631312764
13.868687,100.554545,774.6196556818428
13.868687,100.560606,480.5779278925636
13.868687,100.566667,578.0811693667689
13.868687,100.572727,54.6533869952629
13.868687,100.578788,506.08292792586764
13.868687,100.584848,23.58085019904989
13.868687,100.590909,639.4785912015333
13.868687,100.59697,867.1397176610442
13.868687,100.60303,327.06805816063263
13.868687,100.609091,32.00215348191743
13.868687,100.615152,599.9037709512381
13.868687,100.621212,295.0440494899548
13.868687,100.627273,72.30408219283073
13.868687,100.633333,214.89322741523372
13.868687,100.639394,97.9970957950157
13.868687,100.645455,260.61034568931564
13.868687,100.651515,42.22320641621693
13.868687,100.657576,487.623787565301
13.868687,100.663636,120.61117193170685
13.868687,100.669697,422.8176464362028
13.868687,100.675758,686.7328849328159
13.868687,100.681818,337.7795226279104
13.868687,100.687879,254.73196327716553
13.868687,100.693939,885.14434603327
13.868687,100.7,867.8661037566122
13.868687,100.706061,284.9245681686137
13.868687,100.712121,199.35894267184605
13.868687,100.718182,581.2483353261264
13.868687,100.724242,545.5646722855473
13.868687,100.730303,165.8970165187922
13.868687,100.736364,363.7498712820927
13.868687,100.742424,187.72329138055488
13.868687,100.748485,194.7286017132113
13.868687,100.754545,112.34504960196897
13.868687,100.760606,28.622406949310992
13.868687,100.766667,55.44963625334721
13.868687,100.772727,149.22909417836135
13.868687,100.778788,213.2392714583709
13.868687,100.784848,631.3912817031526
13.868687,100.790909,54.029105519840165
13.868687,100.79697,583.8306572864212
13.868687,100.80303,449.15815241680247
13.868687,100.809091,249.9827531489045
13.868687,100.815152,34.17478311392947
13.868687,100.821212,8.626007155464839
13.868687,100.827273,379.93307922604043
13.868687,100.833333,14.103523520290846
13.868687,100.839394,275.2074919359592
13.868687,100.845455,243.65228187199375
13.868687,100.851515,68.78619446218484
13.868687,100.857576,93.66974286122078
13.868687,100.863636,501.2886410215963
13.868687,100.869697,133.80168746505916
13.868687,100.875758,109.6145520270454
13.868687,100.881818,303.4213493800857
13.868687,100.887879,616.0359651826922
13.868687,100.893939,1136.2505288902528
13.868687,100.9,1757.2717037391913
13.873737,100.3,579.543879933966
13.873737,100.306061,998.7245901855796
13.873737,100.312121,794.0855318944892
13.873737,100.318182,609.7073765590428
13.873737,100.324242,459.82111246756983
13.873737,100.330303,185.91007156730203
13.873737,100.336364,211.95662454341684
13.873737,100.342424,168.626763636578
13.873737,100.348485,62.413352665304764
13.873737,100.354545,124.07642006884946
13.873737,100.360606,107.1605199183019
13.873737,100.366667,141.95155954206723
13.873737,100.372727,47.905455835521295
13.873737,100.378788,12.842391646611349
13.873737,100.384848,192.34124639512015
13.873737,100.390909,41.662036108702615
13.873737,100.39697,56.720161804011525
13.873737,100.40303,270.7866642516728
13.873737,100.409091,212.3082537478981
13.873737,100.415152,435.252971922297
13.873737,100.421212,422.6386692971514
13.873737,100.427273,40.7683568839753
13.873737,100.433333,261.47490160928123
13.873737,100.439394,202.66473083534095
13.873737,100.445455,186.5242163856697
13.873737,100.451515,275.3931944631508
13.873737,100.457576,75.22202119236216
13.873737,100.463636,32.79122347940219
13.873737,100.469697,235.41444737664648
13.873737,100.475758,97.27789777337168
13.873737,100.481818,82.26486540303081
13.873737,100.487879,373.3000637533137
13.873737,100.493939,252.42736774153445
13.873737,100.5,71.82323697288909
13.873737,100.506061,175.8581546603796
13.873737,100.512121,529.8881322013336
13.873737,100.518182,421.8984131173818
13.873737,100.524242,570.990465283274
13.873737,100.530303,529.7002858056829
13.873737,100.536364,131.87901443020957
13.873737,100.542424,644.2124960254729
13.873737,100.548485,208.82073105765141
13.873737,100.554545,352.569077434852
13.873737,100.560606,344.56033010270335
13.873737,100.566667,402.9345981197251
13.873737,100.572727,231.96284211793716
13.873737,100.578788,244.6539047590291
13.873737,100.584848,10.818711961494747
13.873737,100.590909,549.505161758549
13.873737,100.59697,847.8729182611941
13.873737,100.60303,176.182713305347
13.873737,100.609091,140.55284580548508
13.873737,100.615152,497.18580870015865
13.873737,100.621212,54.23904415544744
13.873737,100.627273,46.18927719824715
13.873737,100.633333,153.64197706492578
13.873737,100.639394,10.16352209587705
13.873737,100.645455,125.6489038596937
13.873737,100.651515,158.35359173151593
13.873737,100.657576,442.33439811758495
13.873737,100.663636,80.52935888508216
13.873737,100.669697,73.64017329927023
13.873737,100.675758,309.9416590206608
13.873737,100.681818,246.32116263969112
13.873737,100.687879,328.0473578870673
13.873737,100.693939,607.5877747696561
13.873737,100.7,542.9805676199511
13.873737,100.706061,408.20237293846094
13.873737,100.712121,174.82358020788493
13.873737,100.718182,614.6227362460048
13.873737,100.724242,539.0669441401196
13.873737,100.730303,145.00957375305742
13.873737,100.736364,813.5913927095423
13.873737,100.742424,431.2905084226189
13.873737,100.748485,67.34358857286834
13.873737,100.754545,335.8000834179255
13.873737,100.760606,579.4764515038513
13.873737,100.766667,176.71127545067648
13.873737,100.772727,26.81982514634857
13.873737,100.778788,141.74238864491377
13.873737,100.784848,482.79827507106836
13.873737,100.790909,199.92152163223338
13.873737,100.79697,775.1098426246645
13.873737,100.80303,480.5002802243955
13.873737,100.809091,42.24973409565259
13.873737,100.815152,410.1903278877692
13.873737,100.821212,94.17832333651472
13.873737,100.827273,399.28167533383714
13.873737,100.833333,554.4643614006137
13.873737,100.839394,606.6108619569895
13.873737,100.845455,344.3703077744574
13.873737,100.851515,330.25548825135985
13.873737,100.857576,121.54321661109795
13.873737,100.863636,88.51362541321046
13.873737,100.869697,32.48614579650996
13.873737,100.875758,321.1413130644519
13.873737,100.881818,24.114915808812544
13.873737,100.887879,332.16253152507267
13.873737,100.893939,1006.5601321859219
13.873737,100.9,1195.8630684336936
13.878788,100.3,715.353459015918
13.878788,100.306061,727.6286749609097
13.878788,100.312121,762.751927855232
13.878788,100.318182,797.6188981305082
13.878788,100.324242,764.314879908702
13.878788,100.330303,101.11082784205375
13.878788,100.336364,86.30073361358086
13.878788,100.342424,114.8089789752904
13.878788,100.348485,205.89966426176986
13.878788,100.354545,241.88917887153147
13.878788,100.360606,253.68308746681595
13.878788,100.366667,185.66358652006448
13.878788,100.372727,272.35148181861507
13.878788,100.378788,151.60697446785585
13.878788,100.384848,382.0425981884005
13.878788,100.390909,448.8121389684129
13.878788,100.39697,183.18897670416027
13.878788,100.40303,274.26061867313484
13.878788,100.409091,581.7521559364947
13.878788,100.415152,634.8643690165175
13.878788,100.421212,129.85347593293636
13.878788,100.427273,186.99542082574115
13.878788,100.433333,198.3836246735394
13.878788,100.439394,134.61366109407177
13.878788,100.445455,327.8127336607188
13.878788,100.451515,276.54733818312866
13.878788,100.457576,303.707067253641
13.878788,100.463636,521.2679905312161
13.878788,100.469697,779.1590446858165
13.878788,100.475758,255.95267189095514
13.878788,100.481818,306.52702379244033
13.878788,100.487879,365.51981651986836
13.878788,100.493939,43.02526064539365
13.878788,100.5,442.9096276806716
13.878788,100.506061,556.3162310927486
13.878788,100.512121,880.054727046316
13.878788,100.518182,214.15070388626552
13.878788,100.524242,334.0043206018022
13.878788,100.530303,364.73107836875107
13.878788,100.536364,110.86855978685587
13.878788,100.542424,242.68296219477827
13.878788,100.548485,27.425290071609496
13.878788,100.554545,238.0403610941397
13.878788,100.560606,67.41840654328892
13.878788,100.566667,153.6946255031806
13.878788,100.572727,311.19917031089165
13.878788,100.578788,19.811932865278486
13.878788,100.584848,212.63260270936277
13.878788,100.590909,327.89224536581906
13.878788,100.59697,583.7102838644682
13.878788,100.60303,108.79225631265554
13.878788,100.609091,319.1589451858604
13.878788,100.615152,547.5050078615571
13.878788,100.621212,94.00687226309499
13.878788,100.627273,448.92703797859104
13.878788,100.633333,201.3090442913892
13.878788,100.639394,308.3938064753273
13.878788,100.645455,448.5365097420069
13.878788,100.651515,249.23308707635812
13.878788,100.657576,153.59974786234537
13.878788,100.663636,40.331086978898234
13.878788,100.669697,212.86138556787222
13.878788,100.675758,32.94221194764217
13.878788,100.681818,40.13382430722333
13.878788,100.687879,24.180090335408646
13.878788,100.693939,305.9284776637634
13.878788,100.7,109.41405128269989
13.878788,100.706061,491.3449986033949
13.878788,100.712121,183.46186143156172
13.878788,100.718182,858.0534833376479
13.878788,100.724242,534.4725633753212
13.878788,100.730303,164.04630696652043
13.878788,100.736364,366.030229615832
13.878788,100.742424,346.41473353906747
13.878788,100.748485,456.69432242622884
13.878788,100.754545,185.78201436935154
13.878788,100.760606,245.76581123971044
13.878788,100.766667,248.6167310347245
13.878788,100.772727,527.7710349513203
13.878788,100.778788,378.32761446921717
13.878788,100.784848,18.888297883782112
13.878788,100.790909,290.4702613127431
13.878788,100.79697,763.0636762244975
13.878788,100.80303,515.0713491896713
13.878788,100.809091,166.3464776003697
13.878788,100.815152,770.1914615911012
13.878788,100.821212,471.5529916493578
13.878788,100.827273,84.3713080369089
13.878788,100.833333,240.8756971405186
13.878788,100.839394,451.0595744172057
13.878788,100.845455,138.22922523889056
13.878788,100.851515,330.4778798706896
13.878788,100.857576,230.32947915434443
13.878788,100.863636,411.62478502938006
13.878788,100.869697,521.5876352584615
13.878788,100.875758,790.2739207597259
13.878788,100.881818,316.7230708235597
13.878788,100.887879,203.68402403719114
13.878788,100.893939,569.2691099245707
13.878788,100.9,635.6837205048477
13.883838,100.3,153.18748476257332
13.883838,100.306061,171.85198306788294
13.883838,100.312121,201.0178169706758
13.883838,100.318182,253.9924712070576
13.883838,100.324242,390.6069652458413
13.883838,100.330303,100.30357379100121
13.883838,100.336364,551.1608724277754
13.883838,100.342424,513.8946980018734
13.883838,100.348485,30.011578834334948
13.883838,100.354545,40.180225764078045
13.883838,100.360606,42.1974402941289
13.883838,100.366667,447.07026610788574
13.883838,100.372727,205.8867447719175
13.883838,100.378788,235.66175084658985
13.883838,100.384848,405.3540367351189
13.883838,100.390909,46.581337567183745
13.883838,100.39697,329.37952676508564
13.883838,100.40303,97.40573534520921
13.883838,100.409091,34.1350123989747
13.883838,100.415152,187.56820547109513
13.883838,100.421212,173.06425872058273
13.883838,100.427273,79.47520800776067
13.883838,100.433333,575.5693746453946
13.883838,100.439394,116.42536034009933
13.883838,100.445455,163.54350398153142
13.883838,100.451515,154.2026643464875
13.883838,100.457576,695.7378032286514
13.883838,100.463636,895.2181187195703
13.883838,100.469697,867.6254388952676
13.883838,100.475758,574.9151605806379
13.883838,100.481818,148.78087706854447
13.883838,100.487879,21.747050793700023
13.883838,100.493939,439.91036409026054
13.883838,100.5,133.70888023861016
13.883838,100.506061,170.6323628617896
13.883838,100.512121,589.0246194386
13.883838,100.518182,247.50347790118815
13.883838,100.524242,262.27209748720594
13.883838,100.530303,126.23890219879398
13.883838,100.536364,100.85382689246565
13.883838,100.542424,312.3597663003999
13.883838,100.548485,346.5436351208679
13.883838,100.554545,122.33849511008242
13.883838,100.560606,4.7962257846087315
13.883838,100.566667,445.5090090044313
13.883838,100.572727,5.908355535744007
13.883838,100.578788,34.696892199638754
13.883838,100.584848,545.4428993756857
13.883838,100.590909,307.41666120198875
13.883838,100.59697,245.38782202788326
13.883838,100.60303,67.42814498490972
13.883838,100.609091,328.95432288939213
13.883838,100.615152,215.90458784742125
13.883838,100.621212,21.100382256692154
13.883838,100.627273,57.87527228221558
13.883838,100.633333,151.1136013660242
13.883838,100.639394,263.5050763242903
13.883838,100.645455,119.50991376339839
13.883838,100.651515,116.72389047993707
13.883838,100.657576,220.28112452896173
13.883838,100.663636,337.6686023271667
13.883838,100.669697,254.99061354040975
13.883838,100.675758,324.25877877083343
13.883838,100.681818,472.63354570158896
13.883838,100.687879,204.19752854737834
13.883838,100.693939,369.2974209071424
13.883838,100.7,601.0780115309539
13.883838,100.706061,740.9974848205429
13.883838,100.712121,584.2222346485405
13.883838,100.718182,1021.720678622916
13.883838,100.724242,692.9826587465998
13.883838,100.730303,461.3922314927998
13.883838,100.736364,383.35008435913386
13.883838,100.742424,314.78377493637163
13.883838,100.748485,178.51586783572853
13.883838,100.754545,368.63543422312074
13.883838,100.760606,78.19718149036608
13.883838,100.766667,103.46846920143341
13.883838,100.772727,245.2315871883249
13.883838,100.778788,354.6893492268781
13.883838,100.784848,500.64141138011246
13.883838,100.790909,111.16186337355525
13.883838,100.79697,424.15586877488255
13.883838,100.80303,591.0754324929364
13.883838,100.809091,65.46452739621911
13.883838,100.815152,739.7817130451292
13.883838,100.821212,911.9644797732032
13.883838,100.827273,429.92034613315883
13.883838,100.833333,207.62528868100085
13.883838,100.839394,354.6028485701603
13.883838,100.845455,298.4957431829619
13.883838,100.851515,137.5167968744444
13.883838,100.857576,106.36392988503133
13.883838,100.863636,138.92382991629916
13.883838,100.869697,741.4773327744526
13.883838,100.875758,754.0185007056443
13.883838,100.881818,444.31343822107976
13.883838,100.887879,187.72239393364245
13.883838,100.893939,48.775116831127804
13.883838,100.9,84.89980487358424
13.888889,100.3,409.08988026825614
13.888889,100.306061,392.25918183784296
13.888889,100.312121,108.8331120195706
13.888889,100.318182,321.34327607706103
13.888889,100.324242,150.63844652471502
13.888889,100.330303,72.8198884454716
13.888889,100.336364,41.90413955908639
13.888889,100.342424,166.45821457391588
13.888889,100.348485,337.2869956217842
13.888889,100.354545,181.76415537391054
13.888889,100.360606,13.537761546026106
13.888889,100.366667,565.2740946684659
13.888889,100.372727,80.10904013385817
13.888889,100.378788,201.2482951181256
13.888889,100.384848,9.391668011268354
13.888889,100.390909,406.54306147704284
13.888889,100.39697,68.32144542031435
13.888889,100.40303,142.78707092469628
13.888889,100.409091,102.00315502870869
13.888889,100.415152,106.79859384263011
13.888889,100.421212,86.40443702577555
13.888889,100.427273,71.78073810642864
13.888889,100.433333,494.5996868193972
13.888889,100.439394,365.0146794815042
13.888889,100.445455,76.02656265988684
13.888889,100.451515,64.58675213292003
13.888889,100.457576,141.20640068150087
13.888889,100.463636,400.4411423342309
13.888889,100.469697,310.2038607832817
13.888889,100.475758,296.9662683704476
13.888889,100.481818,137.43458323090525
13.888889,100.487879,35.020035285112236
13.888889,100.493939,36.039290816985655
13.888889,100.5,354.6320109572372
13.888889,100.506061,288.6616255382824
13.888889,100.512121,67.94508282043839
13.888889,100.518182,105.73813805417903
13.888889,100.524242,152.38907841112677
13.888889,100.530303,72.1404387961915
13.888889,100.536364,306.7273109212953
13.888889,100.542424,150.64435955491055
13.888889,100.548485,455.9241817354027
13.888889,100.554545,190.1881414939149
13.888889,100.560606,261.3820083401217
13.888889,100.566667,405.7857262788721
13.888889,100.572727,208.72143921421392
13.888889,100.578788,261.22043533606126
13.888889,100.584848,164.83725680160057
13.888889,100.590909,54.80292757997969
13.888889,100.59697,79.77141567203964
13.888889,100.60303,85.13451496501722
13.888889,100.609091,25.18213416577734
13.888889,100.615152,342.59344922190087
13.888889,100.621212,465.2280705331556
13.888889,100.627273,264.5847495666645
13.888889,100.633333,58.55164169832175
13.888889,100.639394,255.54861396016196
13.888889,100.645455,455.37990613451103
13.888889,100.651515,61.17538312492448
13.888889,100.657576,452.01639868381903
13.888889,100.663636,237.16608435803298
13.888889,100.669697,143.55621494771614
13.888889,100.675758,237.1265409726807
13.888889,100.681818,284.3090259131301
13.888889,100.687879,82.49946905127786
13.888889,100.693939,301.35916261637215
13.888889,100.7,318.5558586642457
13.888889,100.706061,631.1417180362818
13.888889,100.712121,538.6483503634905
13.888889,100.718182,804.5163439710586
13.888889,100.724242,1045.5941134015516
13.888889,100.730303,925.1368847056033
13.888889,100.736364,890.0494323101113
13.888889,100.742424,842.8637596438601
13.888889,100.748485,698.1261433367241
13.888889,100.754545,684.0308469150851
13.888889,100.760606,469.67476744202816
13.888889,100.766667,146.25415675771433
13.888889,100.772727,57.24179722210342
13.888889,100.778788,105.63070860912104
13.888889,100.784848,295.1372494583767
13.888889,100.790909,403.0152925881578
13.888889,100.79697,187.64527575017027
13.888889,100.80303,275.72336554199046
13.888889,100.809091,21.505946496522107
13.888889,100.815152,304.3054028515371
13.888889,100.821212,637.9180120804577
13.888889,100.827273,229.14066670853862
13.888889,100.833333,71.49678985465007
13.888889,100.839394,159.97432777959415
13.888889,100.845455,404.8672725105507
13.888889,100.851515,107.38860442588779
13.888889,100.857576,578.8216729835575
13.888889,100.863636,146.6018794115153
13.888889,100.869697,295.6412663699446
13.888889,100.875758,234.27503917536032
13.888889,100.881818,38.32234129237306
13.888889,100.887879,297.5167172422217
13.888889,100.893939,3.7457153692231246
13.888889,100.9,484.25938147437324
13.893939,100.3,907.288592747071
13.893939,100.306061,631.2578898926628
13.893939,100.312121,35.49123576597287
13.893939,100.318182,686.6809232730457
13.893939,100.324242,570.140017691261
13.893939,100.330303,71.66898227416316
13.893939,100.336364,556.6625388452532
13.893939,100.342424,342.52028495497694
13.893939,100.348485,92.52269434612869
13.893939,100.354545,428.22637212912446
13.893939,100.360606,30.09129711460269
13.893939,100.366667,115.54570925884951
13.893939,100.372727,147.84769240052088
13.893939,100.378788,189.6059967741875
13.893939,100.384848,206.4821002764379
13.893939,100.390909,159.55959886116497
13.893939,100.39697,309.0513726635568
13.893939,100.40303,448.88260286678917
13.893939,100.409091,502.3659024374328
13.893939,100.415152,200.06208526778477
13.893939,100.421212,90.68326237285494
13.893939,100.427273,76.6777864962068
13.893939,100.433333,302.21201247718534
13.893939,100.439394,538.4440444759357
13.893939,100.445455,99.81395737546696
13.893939,100.451515,321.9271893133244
13.893939,100.457576,405.7925416822001
13.893939,100.463636,158.79686835668284
13.893939,100.469697,224.9747714602076
13.893939,100.475758,237.07157917286932
13.893939,100.481818,555.5144567547941
13.893939,100.487879,280.93713361203777
13.893939,100.493939,247.11571861311995
13.893939,100.5,40.177547099851054
13.893939,100.506061,263.72379600179335
13.893939,100.512121,99.63005544406177
13.893939,100.518182,381.76071938186277
13.893939,100.524242,340.3617920152174
13.893939,100.530303,488.08471434668843
13.893939,100.536364,18.344066761038352
13.893939,100.542424,411.5756396421749
13.893939,100.548485,239.84065203259078
13.893939,100.554545,95.12433197846755
13.893939,100.560606,307.69879021914284
13.893939,100.566667,673.3648076155707
13.893939,100.572727,526.8697437869039
13.893939,100.578788,105.74033253611302
13.893939,100.584848,379.3460203691699
13.893939,100.590909,247.96735122852485
13.893939,100.59697,129.7391580387909
13.893939,100.60303,104.99070304712811
13.893939,100.609091,85.45190183944142
13.893939,100.615152,355.98728320657045
13.893939,100.621212,332.68522764578984
13.893939,100.627273,521.4723799959851
13.893939,100.633333,218.32309076274677
13.893939,100.639394,157.99539989513565
13.893939,100.645455,157.90614670154523
13.893939,100.651515,180.88432324093955
13.893939,100.657576,612.4775488383021
13.893939,100.663636,62.66838867841905
13.893939,100.669697,181.803093928978
13.893939,100.675758,173.3708877006062
13.893939,100.681818,14.507917535402482
13.893939,100.687879,286.3955324788166
13.893939,100.693939,245.02984528748368
13.893939,100.7,399.7063225891147
13.893939,100.706061,403.65547171333725
13.893939,100.712121,105.3610873942915
13.893939,100.718182,311.9726825294968
13.893939,100.724242,620.5607486413438
13.893939,100.730303,384.32648648917905
13.893939,100.736364,525.7853396185717
13.893939,100.742424,657.8338187537787
13.893939,100.748485,783.6243087212905
13.893939,100.754545,929.1959840690172
13.893939,100.760606,492.3237771286146
13.893939,100.766667,161.91751155210528
13.893939,100.772727,488.63897604427007
13.893939,100.778788,111.95702167151255
13.893939,100.784848,267.94884944093565
13.893939,100.790909,102.3287839386053
13.893939,100.79697,132.03956190543116
13.893939,100.80303,281.97295835295654
13.893939,100.809091,316.29140344773515
13.893939,100.815152,132.3371953990674
13.893939,100.821212,195.17560838262182
13.893939,100.827273,135.0892986468977
13.893939,100.833333,441.3905028723342
13.893939,100.839394,693.9544209276886
13.893939,100.845455,480.13430025855524
13.893939,100.851515,205.28555729144153
13.893939,100.857576,493.5901852406037
13.893939,100.863636,278.2318043597745
13.893939,100.869697,507.18263811833134
13.893939,100.875758,300.31119584016665
13.893939,100.881818,486.5425737135776
13.893939,100.887879,316.6919845798008
13.893939,100.893939,363.27716971167604
13.893939,100.9,189.53984393970453
13.89899,100.3,401.75219893815694
13.89899,100.306061,544.1202847503713
13.89899,100.312121,128.27812771518356
13.89899,100.318182,802.9197311224189
13.89899,100.324242,488.1469222316441
13.89899,100.330303,159.2774577534652
13.89899,100.336364,823.4650008099438
13.89899,100.342424,300.8889045605137
13.89899,100.348485,330.02121876130445
13.89899,100.354545,381.2648485862141
13.89899,100.360606,215.04326020593933
13.89899,100.366667,372.21426382666385
13.89899,100.372727,144.21506859341218
13.89899,100.378788,411.67074533103516
13.89899,100.384848,538.7849098809311
13.89899,100.390909,414.5465006317854
13.89899,100.39697,324.2309784654935
13.89899,100.40303,191.1715093903664
13.89899,100.409091,30.787195830798655
13.89899,100.415152,293.16351529315125
13.89899,100.421212,174.7756346312685
13.89899,100.427273,137.6505956314727
13.89899,100.433333,365.98740885417277
13.89899,100.439394,41.412192086385325
13.89899,100.445455,129.06140364989793
13.89899,100.451515,70.22835427022771
13.89899,100.457576,265.33982375085867
13.89899,100.463636,12.542563266385987
13.89899,100.469697,561.4241613249967
13.89899,100.475758,273.39727543275484
13.89899,100.481818,237.7283263111369
13.89899,100.487879,82.91788696628412
13.89899,100.493939,279.6743849956219
13.89899,100.5,486.8655379552642
13.89899,100.506061,357.84939770455793
13.89899,100.512121,60.8176452082795
13.89899,100.518182,215.9681289204667
13.89899,100.524242,296.71932540722196
13.89899,100.530303,442.406269519023
13.89899,100.536364,413.89806819940816
13.89899,100.542424,471.41990502118693
13.89899,100.548485,203.2614681607033
13.89899,100.554545,258.27657227818645
13.89899,100.560606,543.4839698689638
13.89899,100.566667,387.4175025137723
13.89899,100.572727,392.8100976556727
13.89899,100.578788,524.799860840879
13.89899,100.584848,195.83973902844937
13.89899,100.590909,377.70166996854294
13.89899,100.59697,384.64275354243983
13.89899,100.60303,479.59736090321576
13.89899,100.609091,195.291197706766
13.89899,100.615152,94.81451348784182
13.89899,100.621212,185.2895571165156
13.89899,100.627273,442.34060626871246
13.89899,100.633333,224.84955615615343
13.89899,100.639394,484.05367468461685
13.89899,100.645455,189.14903363529717
13.89899,100.651515,224.16306318224164
13.89899,100.657576,489.5657873610976
13.89899,100.663636,60.70219989491615
13.89899,100.669697,150.4818679025168
13.89899,100.675758,138.4046341209458
13.89899,100.681818,87.84530573050435
13.89899,100.687879,58.51353008108794
13.89899,100.693939,219.78219291467465
13.89899,100.7,868.4393104614746
13.89899,100.706061,748.1563831318701
13.89899,100.712121,469.7941571183383
13.89899,100.718182,258.00837550471994
13.89899,100.724242,518.2543225478902
13.89899,100.730303,207.95719710109645
13.89899,100.736364,36.98345443184867
13.89899,100.742424,104.60459875072895
13.89899,100.748485,248.86229735484847
13.89899,100.754545,392.8484523896158
13.89899,100.760606,453.8391363289728
13.89899,100.766667,84.88334825753908
13.89899,100.772727,226.0113864793565
13.89899,100.778788,523.5905200240439
13.89899,100.784848,313.6603754109707
13.89899,100.790909,228.9569306615094
13.89899,100.79697,517.1886904449726
13.89899,100.80303,841.2724134552145
13.89899,100.809091,260.89674642444913
13.89899,100.815152,351.2396831515486
13.89899,100.821212,453.76709554800203
13.89899,100.827273,362.66658391123644
13.89899,100.833333,171.79741824054125
13.89899,100.839394,609.0664467399017
13.89899,100.845455,437.7316237037469
13.89899,100.851515,187.10631458263504
13.89899,100.857576,456.9647557161135
13.89899,100.863636,221.7925074923988
13.89899,100.869697,894.3903884089045
13.89899,100.875758,859.3221094601804
13.89899,100.881818,1016.2235928379887
13.89899,100.887879,862.7414084290939
13.89899,100.893939,570.6098051577925
13.89899,100.9,54.26987920850515
13.90404,100.3,77.5990073698508
13.90404,100.306061,95.99013609082714
13.90404,100.312121,239.22446420888426
13.90404,100.318182,364.752098270663
13.90404,100.324242,408.0389033108059
13.90404,100.330303,260.99641009354934
13.90404,100.336364,744.7340588892484
13.90404,100.342424,158.41143828504883
13.90404,100.348485,254.08084272594556
13.90404,100.354545,152.45321185949533
13.90404,100.360606,249.71181735212633
13.90404,100.366667,208.40798736469907
13.90404,100.372727,67.43592590509598
13.90404,100.378788,84.89714613564826
13.90404,100.384848,38.902963623758865
13.90404,100.390909,138.32996098115876
13.90404,100.39697,256.23274832914393
13.90404,100.40303,228.2554112281483
13.90404,100.409091,447.0845366414692
13.90404,100.415152,176.76111889272576
13.90404,100.421212,158.2156599746978
13.90404,100.427273,349.07008800129273
13.90404,100.433333,139.82779752885577
13.90404,100.439394,309.17088117399373
13.90404,100.445455,486.00954978505274
13.90404,100.451515,577.9188448458298
13.90404,100.457576,118.14664940760272
13.90404,100.463636,34.76073728310823
13.90404,100.469697,141.2796859387258
13.90404,100.475758,259.66483681060015
13.90404,100.481818,398.46078674411706
13.90404,100.487879,309.3451580616548
13.90404,100.493939,5.130886008780163
13.90404,100.5,86.91883421440866
13.90404,100.506061,427.50544546585354
13.90404,100.512121,467.0510050309364
13.90404,100.518182,343.2713253717304
13.90404,100.524242,212.39315145906133
13.90404,100.530303,108.29661027045508
13.90404,100.536364,389.5657601663596
13.90404,100.542424,342.83970085751537
13.90404,100.548485,198.01611018488776
13.90404,100.554545,218.9370457548873
13.90404,100.560606,178.07701982059518
13.90404,100.566667,162.918683563023
13.90404,100.572727,197.7948047721232
13.90404,100.578788,39.31482153218019
13.90404,100.584848,366.4031719324231
13.90404,100.590909,101.44041398226774
13.90404,100.59697,715.6059557755028
13.90404,100.60303,873.8909410892663
13.90404,100.609091,517.9531078669964
13.90404,100.615152,158.24372619951464
13.90404,100.621212,366.67508364998014
13.90404,100.627273,54.316263233063225
13.90404,100.633333,72.04215517971507
13.90404,100.639394,101.8841417188516
13.90404,100.645455,181.86649541431746
13.90404,100.651515,251.09747935885505
13.90404,100.657576,46.40431048019481
13.90404,100.663636,106.32930244662711
13.90404,100.669697,270.5320773815446
13.90404,100.675758,74.76999787786353
13.90404,100.681818,515.5201350702549
13.90404,100.687879,97.01891049890367
13.90404,100.693939,53.02167042506031
13.90404,100.7,384.75072377701025
13.90404,100.706061,772.0447201398221
13.90404,100.712121,418.5626471002404
13.90404,100.718182,252.37026517842497
13.90404,100.724242,365.8715611415561
13.90404,100.730303,467.4476093406517
13.90404,100.736364,588.0713149821289
13.90404,100.742424,467.0873481629218
13.90404,100.748485,220.80403827200416
13.90404,100.754545,142.44833692011906
13.90404,100.760606,156.71569345779116
13.90404,100.766667,141.48743096980257
13.90404,100.772727,153.14974530236344
13.90404,100.778788,482.7935649658877
13.90404,100.784848,525.7591488171407
13.90404,100.790909,751.3505208544938
13.90404,100.79697,906.6665306804066
13.90404,100.80303,1128.9024613032946
13.90404,100.809091,689.3826067308254
13.90404,100.815152,723.7892243772775
13.90404,100.821212,986.372987373471
13.90404,100.827273,768.988254451068
13.90404,100.833333,269.18921936361613
13.90404,100.839394,297.4825107190757
13.90404,100.845455,393.71957946963147
13.90404,100.851515,106.7448089491166
13.90404,100.857576,636.5805891544541
13.90404,100.863636,429.04078910775183
13.90404,100.869697,767.0943910052112
13.90404,100.875758,647.1305749135159
13.90404,100.881818,567.1966940568109
13.90404,100.887879,433.5583458458081
13.90404,100.893939,470.15329502111683
13.90404,100.9,204.62869470009338
13.909091,100.3,478.3456525108618
13.909091,100.306061,373.26639017014026
13.909091,100.312121,250.61322146055775
13.909091,100.318182,216.13936665890924
13.909091,100.324242,134.66695160309868
13.909091,100.330303,368.3909115264027
13.909091,100.336364,540.2517827836538
13.909091,100.342424,95.94352617641405
13.909091,100.348485,482.9651858883153
13.909091,100.354545,381.82317394908165
13.909091,100.360606,314.9467448661866
13.909091,100.366667,612.4424323721913
13.909091,100.372727,78.43610675747226
13.909091,100.378788,205.4083182724945
13.909091,100.384848,411.95477719330074
13.909091,100.390909,395.9025127682544
13.909091,100.39697,186.8403465756529
13.909091,100.40303,339.4090201208685
13.909091,100.409091,64.28299066376385
13.909091,100.415152,79.81099103449228
13.909091,100.421212,345.47677762675255
13.909091,100.427273,56.911715009886585
13.909091,100.433333,285.9795508092441
13.909091,100.439394,380.5160055254264
13.909091,100.445455,314.437474503841
13.909091,100.451515,207.33454834750643
13.909091,100.457576,127.82926785956111
13.909091,100.463636,44.67076445940161
13.909091,100.469697,232.95183154469848
13.909091,100.475758,521.9531024998751
13.909091,100.481818,705.1459845111453
13.909091,100.487879,377.95292496873105
13.909091,100.493939,275.0599899290154
13.909091,100.5,475.44979952389616
13.909091,100.506061,299.1194552008129
13.909091,100.512121,222.8178019433004
13.909091,100.518182,167.8905864398881
13.909091,100.524242,133.48771988669785
13.909091,100.530303,47.23696403811247
13.909091,100.536364,60.64838751977303
13.909091,100.542424,220.4244309449448
13.909091,100.548485,251.92964273088643
13.909091,100.554545,308.2926542716621
13.909091,100.560606,225.27060060489796
13.909091,100.566667,123.01042946286472
13.909091,100.572727,265.8868365979014
13.909091,100.578788,567.7785574628798
13.909091,100.584848,792.3644356351
13.909091,100.590909,380.1629257379256
13.909091,100.59697,398.96122775008246
13.909091,100.60303,1041.1806344664117
13.909091,100.609091,988.6783548381958
13.909091,100.615152,657.8859093330955
13.909091,100.621212,452.65047688530785
13.909091,100.627273,152.3238550746389
13.909091,100.633333,291.4660897201465
13.909091,100.639394,376.8482655593747
13.909091,100.645455,610.4291324065294
13.909091,100.651515,766.3138193554399
13.909091,100.657576,337.70962578699573
13.909091,100.663636,303.24389607315203
13.909091,100.669697,292.23107734614973
13.909091,100.675758,290.04669189716714
13.909091,100.681818,270.3957440225091
13.909091,100.687879,94.6329329563147
13.909091,100.693939,338.522475820423
13.909091,100.7,98.06716050567205
13.909091,100.706061,387.5286199467044
13.909091,100.712121,541.8795751565824
13.909091,100.718182,19.126227381291965
13.909091,100.724242,341.4475229719166
13.909091,100.730303,219.95517331289145
13.909091,100.736364,487.94095048410725
13.909091,100.742424,362.6048179310037
13.909091,100.748485,43.68605294654192
13.909091,100.754545,199.3151225490894
13.909091,100.760606,177.63627632358862
13.909091,100.766667,441.1298977197385
13.909091,100.772727,363.60089653928765
13.909091,100.778788,262.199322703019
13.909091,100.784848,118.99253075510981
13.909091,100.790909,336.99258832864507
13.909091,100.79697,609.6305950282905
13.909091,100.80303,1234.8702827694794
13.909091,100.809091,1229.5206725618714
13.909091,100.815152,1247.678104049006
13.909091,100.821212,1533.124932835882
13.909091,100.827273,1133.6829731307866
13.909091,100.833333,588.7855500574258
13.909091,100.839394,197.51295066312758
13.909091,100.845455,62.7304912595389
13.909091,100.851515,364.09275087540937
13.909091,100.857576,529.2087891426132
13.909091,100.863636,242.69959772476219
13.909091,100.869697,283.16159168779967
13.909091,100.875758,119.28057682692932
13.909091,100.881818,216.4907802919058
13.909091,100.887879,204.8024508580866
13.909091,100.893939,528.2801593943859
13.909091,100.9,102.98684894412935
13.914141,100.3,102.84296859544324
13.914141,100.306061,498.4705745741732
13.914141,100.312121,41.60772303777091
13.914141,100.318182,147.6987622613026
13.914141,100.324242,174.96119105590122
13.914141,100.330303,385.1656577643084
13.914141,100.336364,402.6264586629192
13.914141,100.342424,193.94117429973545
13.914141,100.348485,348.08540597664546
13.914141,100.354545,175.8780815121181
13.914141,100.360606,351.4900472701896
13.914141,100.366667,588.2518012028785
13.914141,100.372727,87.133599391428
13.914141,100.378788,259.585363650798
13.914141,100.384848,415.11955693385335
13.914141,100.390909,199.70635403611553
13.914141,100.39697,103.84592271880639
13.914141,100.40303,382.3041619415358
13.914141,100.409091,316.90732078257014
13.914141,100.415152,327.0352999535499
13.914141,100.421212,181.59746788870982
13.914141,100.427273,186.61261966486802
13.914141,100.433333,203.505378378174
13.914141,100.439394,290.0858218293656
13.914141,100.445455,141.2026761362081
13.914141,100.451515,397.7882987595506
13.914141,100.457576,42.59828347656558
13.914141,100.463636,83.73814793384862
13.914141,100.469697,259.35905650806757
13.914141,100.475758,194.1230231741537
13.914141,100.481818,164.26269697735466
13.914141,100.487879,77.5238314526824
13.914141,100.493939,153.44168905333282
13.914141,100.5,82.04983685089405
13.914141,100.506061,241.9234518048996
13.914141,100.512121,181.10370222700442
13.914141,100.518182,384.5210104745155
13.914141,100.524242,439.58384638929294
13.914141,100.530303,35.52053919551523
13.914141,100.536364,164.37522093767817
13.914141,100.542424,405.09855651528636
13.914141,100.548485,500.056852934998
13.914141,100.554545,447.2814423050337
13.914141,100.560606,115.90240027476221
13.914141,100.566667,87.52056346239993
13.914141,100.572727,726.6275986847176
13.914141,100.578788,1076.7354486675163
13.914141,100.584848,1066.5051887563836
13.914141,100.590909,491.5393750132536
13.914141,100.59697,295.317583718807
13.914141,100.60303,725.3832587781999
13.914141,100.609091,1361.6762199031004
13.914141,100.615152,1203.4137191958544
13.914141,100.621212,851.115125592996
13.914141,100.627273,234.13257100725704
13.914141,100.633333,74.83846307853106
13.914141,100.639394,45.71049839282534
13.914141,100.645455,255.4107162711181
13.914141,100.651515,413.00918052888886
13.914141,100.657576,156.08977641730908
13.914141,100.663636,255.8374181334627
13.914141,100.669697,239.81842668815895
13.914141,100.675758,188.2681269918804
13.914141,100.681818,196.63890016220233
13.914141,100.687879,238.2424953208673
13.914141,100.693939,795.500167780955
13.914141,100.7,476.9631452745839
13.914141,100.706061,120.90711647157518
13.914141,100.712121,312.50973976028104
13.914141,100.718182,103.83047941164102
13.914141,100.724242,614.3451260406082
13.914141,100.730303,425.4709259099342
13.914141,100.736364,48.70052673423031
13.914141,100.742424,132.80291849516027
13.914141,100.748485,52.872023176394265
13.914141,100.754545,108.75799924216051
13.914141,100.760606,647.4304366501593
13.914141,100.766667,434.23823403638414
13.914141,100.772727,437.065218542466
13.914141,100.778788,701.6107169687373
13.914141,100.784848,453.0171541505012
13.914141,100.790909,173.6759574896795
13.914141,100.79697,570.3639137587687
13.914141,100.80303,1215.9646980857817
13.914141,100.809091,911.7901866653125
13.914141,100.815152,786.191763196326
13.914141,100.821212,1146.7833607316277
13.914141,100.827273,1237.92419091442
13.914141,100.833333,579.5174700305953
13.914141,100.839394,222.30765878883977
13.914141,100.845455,584.9237495462465
13.914141,100.851515,707.2745411916079
13.914141,100.857576,590.845747059637
13.914141,100.863636,275.89204314016087
13.914141,100.869697,359.2786341899116
13.914141,100.875758,464.83805491583803
13.914141,100.881818,587.2292477468909
13.914141,100.887879,726.6828488424932
13.914141,100.893939,744.3037087599939
13.914141,100.9,119.90123411727532
13.919192,100.3,32.82931738919309
13.919192,100.306061,380.14149526339503
13.919192,100.312121,207.73434058617065
13.919192,100.318182,449.68837740597394
13.919192,100.324242,187.61383134941173
13.919192,100.330303,204.65987635637705
13.919192,100.336364,307.2845328361797
13.919192,100.342424,356.14243241112285
13.919192,100.348485,322.68651006330634
13.919192,100.354545,228.00066829837132
13.919192,100.360606,247.51896937922382
13.919192,100.366667,429.82340377831264
13.919192,100.372727,179.57204795026502
13.919192,100.378788,60.634523325475726
13.919192,100.384848,28.69809736826256
13.919192,100.390909,260.83464241452197
13.919192,100.39697,184.00323198194292
13.919192,100.40303,142.95333720728053
13.919192,100.409091,137.02959941571
13.919192,100.415152,235.63937668079967
13.919192,100.421212,149.75780592513323
13.919192,100.427273,270.5891090051648
13.919192,100.433333,275.9362618211964
13.919192,100.439394,199.56071743886218
13.919192,100.445455,79.07612497739416
13.919192,100.451515,101.1714229548209
13.919192,100.457576,29.74227919166277
13.919192,100.463636,9.157658456133417
13.919192,100.469697,16.305872257750178
13.919192,100.475758,136.29940064595942
13.919192,100.481818,24.456608777099216
13.919192,100.487879,259.1725043379859
13.919192,100.493939,313.08587462460787
13.919192,100.5,245.2606880861141
13.919192,100.506061,178.84019731246704
13.919192,100.512121,130.54969930963722
13.919192,100.518182,17.567191897977033
13.919192,100.524242,110.65857142309176
13.919192,100.530303,145.25208325623336
13.919192,100.536364,652.2210053185465
13.919192,100.542424,158.42499845448634
13.919192,100.548485,315.11620621633955
13.919192,100.554545,679.1544666171629
13.919192,100.560606,524.8730960751943
13.919192,100.566667,637.0632943402493
13.919192,100.572727,962.3811402647052
13.919192,100.578788,1071.4830237060312
13.919192,100.584848,884.8114645441618
13.919192,100.590909,700.0074913765592
13.919192,100.59697,267.46824176637966
13.919192,100.60303,516.6773137136089
13.919192,100.609091,867.441812675572
13.919192,100.615152,716.7283475164417
13.919192,100.621212,1088.6810367116284
13.919192,100.627273,506.04024721144236
13.919192,100.633333,286.5827342442543
13.919192,100.639394,443.4106160286298
13.919192,100.645455,313.6618144926338
13.919192,100.651515,471.0122421629087
13.919192,100.657576,256.0058075094451
13.919192,100.663636,257.69522077572725
13.919192,100.669697,30.288570275146043
13.919192,100.675758,421.96252100931343
13.919192,100.681818,355.25262354516366
13.919192,100.687879,73.38165849248769
13.919192,100.693939,737.4512185190787
13.919192,100.7,833.6402794537382
13.919192,100.706061,374.61794522708595
13.919192,100.712121,254.95384034829826
13.919192,100.718182,306.2066435358074
13.919192,100.724242,516.2297269536647
13.919192,100.730303,264.7616020035023
13.919192,100.736364,427.27442123528425
13.919192,100.742424,341.36323813074097
13.919192,100.748485,372.629631680323
13.919192,100.754545,333.40260403173886
13.919192,100.760606,986.1971242139555
13.919192,100.766667,902.6504766491015
13.919192,100.772727,904.0138518603496
13.919192,100.778788,1224.6069772989338
13.919192,100.784848,910.5388761261637
13.919192,100.790909,732.6415945626751
13.919192,100.79697,918.6240774791105
13.919192,100.80303,1187.6182196960774
13.919192,100.809091,535.448044331345
13.919192,100.815152,270.9995427982204
13.919192,100.821212,877.7558545119613
13.919192,100.827273,1124.3703677673645
13.919192,100.833333,607.1871580615506
13.919192,100.839394,204.86116040586768
13.919192,100.845455,791.0300353140315
13.919192,100.851515,1207.407995988927
13.919192,100.857576,586.4204428673315
13.919192,100.863636,214.04759431037564
13.919192,100.869697,811.2262849409634
13.919192,100.875758,888.5849443229372
13.919192,100.881818,663.6521015031748
13.919192,100.887879,481.8254476009794
13.919192,100.893939,364.3393613293582
13.919192,100.9,134.16167523902865
13.924242,100.3,521.1369975108083
13.924242,100.306061,207.00745407508532
13.924242,100.312121,101.56580397212188
13.924242,100.318182,531.0112485275423
13.924242,100.324242,137.8876556632604
13.924242,100.330303,262.30701821585467
13.924242,100.336364,238.83571123697624
13.924242,100.342424,213.53140725009501
13.924242,100.348485,245.270568073759
13.924242,100.354545,286.05211968299125
13.924242,100.360606,394.3253755205477
13.924242,100.366667,561.3742268117071
13.924242,100.372727,26.170006164729873
13.924242,100.378788,83.71050979392699
13.924242,100.384848,471.69318429899533
13.924242,100.390909,331.32082414583243
13.924242,100.39697,38.17545859216079
13.924242,100.40303,364.99471379003415
13.924242,100.409091,652.8262122381329
13.924242,100.415152,471.7539539885087
13.924242,100.421212,176.43171734809306
13.924242,100.427273,43.619848178383634
13.924242,100.433333,506.70814528458095
13.924242,100.439394,158.92530743774165
13.924242,100.445455,79.75313560936421
13.924242,100.451515,264.5046594982594
13.924242,100.457576,72.89314692449013
13.924242,100.463636,67.76088725299623
13.924242,100.469697,67.29754364776215
13.924242,100.475758,389.4347910632681
13.924242,100.481818,39.35350940396145
13.924242,100.487879,154.46008305735168
13.924242,100.493939,506.5681911544289
13.924242,100.5,107.48820440389554
13.924242,100.506061,150.82109504364152
13.924242,100.512121,180.32001408333042
13.924242,100.518182,264.02430894098336
13.924242,100.524242,197.78569127424618
13.924242,100.530303,402.6771823534182
13.924242,100.536364,505.69461021244956
13.924242,100.542424,198.96263959930707
13.924242,100.548485,139.15779440804928
13.924242,100.554545,809.874590819641
13.924242,100.560606,1020.8269294255151
13.924242,100.566667,498.2965361853597
13.924242,100.572727,597.3262860873951
13.924242,100.578788,583.1391820798997
13.924242,100.584848,337.7851665216001
13.924242,100.590909,162.24027867670574
13.924242,100.59697,49.22335897385727
13.924242,100.60303,270.0133659662187
13.924242,100.609091,532.0623919373634
13.924242,100.615152,210.557865371673
13.924242,100.621212,799.6042624860073
13.924242,100.627273,809.0628376084321
13.924242,100.633333,202.31561684089374
13.924242,100.639394,413.5250538686273
13.924242,100.645455,873.870742334232
13.924242,100.651515,743.762937471124
13.924242,100.657576,600.0791393030245
13.924242,100.663636,38.31176576421356
13.924242,100.669697,349.1117483026517
13.924242,100.675758,718.3551920547395
13.924242,100.681818,684.3636980701706
13.924242,100.687879,80.22817571804134
13.924242,100.693939,542.6849230459608
13.924242,100.7,898.759741883579
13.924242,100.706061,811.6137377711855
13.924242,100.712121,815.1508164888689
13.924242,100.718182,842.423889336253
13.924242,100.724242,247.80433350688165
13.924242,100.730303,238.67606259676236
13.924242,100.736364,888.7027848377843
13.924242,100.742424,883.6135047987132
13.924242,100.748485,756.1719421811855
13.924242,100.754545,737.6316561204497
13.924242,100.760606,1194.4847452688111
13.924242,100.766667,1295.4579564245767
13.924242,100.772727,1248.6486586670333
13.924242,100.778788,1533.104510489112
13.924242,100.784848,874.5592890837612
13.924242,100.790909,271.9252652074784
13.924242,100.79697,541.7576221814732
13.924242,100.80303,1178.2834685226912
13.924242,100.809091,518.6010274120413
13.924242,100.815152,188.75679246779006
13.924242,100.821212,463.2852203542642
13.924242,100.827273,617.8921099129257
13.924242,100.833333,613.2431827450524
13.924242,100.839394,117.93095213009262
13.924242,100.845455,749.8111691322298
13.924242,100.851515,1066.0967302560255
13.924242,100.857576,501.777707503474
13.924242,100.863636,379.21778939295905
13.924242,100.869697,554.1391911059275
13.924242,100.875758,444.10475694684897
13.924242,100.881818,135.47535881046232
13.924242,100.887879,115.34533895664256
13.924242,100.893939,70.76592349412343
13.924242,100.9,436.5857064726365
13.929293,100.3,1066.5047005093843
13.929293,100.306061,721.4893856805728
13.929293,100.312121,282.6048558024374
13.929293,100.318182,247.88113704238202
13.929293,100.324242,351.3777723872177
13.929293,100.330303,46.89795469630581
13.929293,100.336364,253.20045273103204
13.929293,100.342424,227.61099707584805
13.929293,100.348485,763.0214775693452
13.929293,100.354545,448.3734225812536
13.929293,100.360606,398.0980960935685
13.929293,100.366667,212.1495896672111
13.929293,100.372727,308.1080833426358
13.929293,100.378788,569.5427650327251
13.929293,100.384848,215.61388723870908
13.929293,100.390909,164.25756728596457
13.929293,100.39697,519.0308227068247
13.929293,100.40303,783.9754611079121
13.929293,100.409091,344.73958705701915
13.929293,100.415152,50.41023538040412
13.929293,100.421212,331.6408897973461
13.929293,100.427273,208.81834306381404
13.929293,100.433333,310.1952571817572
13.929293,100.439394,92.8635323252094
13.929293,100.445455,253.81033847095742
13.929293,100.451515,143.6855882919829
13.929293,100.457576,111.45275065318393
13.929293,100.463636,66.17962296892652
13.929293,100.469697,141.96904782309448
13.929293,100.475758,80.46895310018593
13.929293,100.481818,146.42015067626082
13.929293,100.487879,91.4774807644523
13.929293,100.493939,658.2217056366535
13.929293,100.5,193.51182130931073
13.929293,100.506061,632.4611178332393
13.929293,100.512121,271.07498891084134
13.929293,100.518182,290.1762314420441
13.929293,100.524242,123.57993046846578
13.929293,100.530303,536.7787296758353
13.929293,100.536364,276.8560851347288
13.929293,100.542424,131.42015496382993
13.929293,100.548485,422.5727113504564
13.929293,100.554545,359.67783132874735
13.929293,100.560606,534.4671277985354
13.929293,100.566667,171.39199600295345
13.929293,100.572727,204.4767240947213
13.929293,100.578788,119.26826670297933
13.929293,100.584848,273.7760710843353
13.929293,100.590909,286.05880321068076
13.929293,100.59697,116.99730358262265
13.929293,100.60303,67.69613857941411
13.929293,100.609091,539.6528558666308
13.929293,100.615152,94.36743214674652
13.929293,100.621212,651.1128178012591
13.929293,100.627273,1067.3694162728987
13.929293,100.633333,576.8716041095415
13.929293,100.639394,113.9973616354373
13.929293,100.645455,478.899904056688
13.929293,100.651515,190.342073224706
13.929293,100.657576,343.8594365036968
13.929293,100.663636,145.56748084052077
13.929293,100.669697,238.33626896340766
13.929293,100.675758,168.40976801926203
13.929293,100.681818,504.47386451617854
13.929293,100.687879,208.3236641560237
13.929293,100.693939,305.78399272662716
13.929293,100.7,502.35337115901785
13.929293,100.706061,249.34066130800318
13.929293,100.712121,312.6937515424159
13.929293,100.718182,366.60934542794195
13.929293,100.724242,200.1020991817057
13.929293,100.730303,484.9313621707087
13.929293,100.736364,873.8855286193781
13.929293,100.742424,404.6553262547416
13.929293,100.748485,410.30199444391025
13.929293,100.754545,607.9649571749853
13.929293,100.760606,837.1680582530898
13.929293,100.766667,786.3867040528153
13.929293,100.772727,706.6230991400514
13.929293,100.778788,1136.0467294655487
13.929293,100.784848,882.3537607391778
13.929293,100.790909,299.26634202200904
13.929293,100.79697,316.0287997442259
13.929293,100.80303,872.4092239831956
13.929293,100.809091,587.3323159538114
13.929293,100.815152,183.80641872507258
13.929293,100.821212,97.63974736175155
13.929293,100.827273,181.44340447777844
13.929293,100.833333,197.4340353795619
13.929293,100.839394,127.60464765103313
13.929293,100.845455,738.4063959129744
13.929293,100.851515,1008.2271255047659
13.929293,100.857576,362.960832719533
13.929293,100.863636,49.051995587836736
13.929293,100.869697,49.66493238442202
13.929293,100.875758,100.07902091189109
13.929293,100.881818,132.5122204671767
13.929293,100.887879,496.0638818547635
13.929293,100.893939,178.94461472269992
13.929293,100.9,769.0090460538013
13.934343,100.3,1516.5831374153222
13.934343,100.306061,1016.2404980919931
13.934343,100.312121,634.8167552317844
13.934343,100.318182,202.42987596152759
13.934343,100.324242,431.58850138643265
13.934343,100.330303,587.0488977210298
13.934343,100.336364,671.9447651577441
13.934343,100.342424,276.7067381505721
13.934343,100.348485,418.155428060129
13.934343,100.354545,896.4511246486378
13.934343,100.360606,281.21095691172826
13.934343,100.366667,392.75968417796327
13.934343,100.372727,461.82596081561337
13.934343,100.378788,135.2457828899428
13.934343,100.384848,271.11689701156666
13.934343,100.390909,637.5798431099215
13.934343,100.39697,626.4063252545262
13.934343,100.40303,228.60065604282806
13.934343,100.409091,69.72334273729479
13.934343,100.415152,219.4093297979319
13.934343,100.421212,155.41329822996212
13.934343,100.427273,395.220964222139
13.934343,100.433333,77.74885424491964
13.934343,100.439394,368.23056833868014
13.934343,100.445455,207.4005608731761
13.934343,100.451515,45.070058713165096
13.934343,100.457576,281.7051470925135
13.934343,100.463636,273.08145625307486
13.934343,100.469697,370.363850666432
13.934343,100.475758,103.77362471765585
13.934343,100.481818,164.77371346950653
13.934343,100.487879,281.98479549354755
13.934343,100.493939,606.6040754737915
13.934343,100.5,160.47517645050405
13.934343,100.506061,519.2692629993422
13.934343,100.512121,822.9102986979937
13.934343,100.518182,833.4422671353431
13.934343,100.524242,173.66115593833408
13.934343,100.530303,347.4853701934689
13.934343,100.536364,683.5385963875195
13.934343,100.542424,597.3427077878495
13.934343,100.548485,511.84412868434805
13.934343,100.554545,126.27729427526268
13.934343,100.560606,284.39899591177027
13.934343,100.566667,50.95433908756795
13.934343,100.572727,214.26810357779667
13.934343,100.578788,122.24175512704436
13.934343,100.584848,92.99196872842225
13.934343,100.590909,261.113489765137
13.934343,100.59697,372.71425706485417
13.934343,100.60303,217.84776920930457
13.934343,100.609091,280.3721440497071
13.934343,100.615152,652.4205617527443
13.934343,100.621212,916.8943661365203
13.934343,100.627273,1365.6747623601648
13.934343,100.633333,713.4078200709913
13.934343,100.639394,147.2754230747637
13.934343,100.645455,407.46729908133636
13.934343,100.651515,310.8700812120604
13.934343,100.657576,532.6247832782468
13.934343,100.663636,166.9038995203395
13.934343,100.669697,488.9535914299355
13.934343,100.675758,415.82432717150635
13.934343,100.681818,512.0489708824497
13.934343,100.687879,174.59923146335328
13.934343,100.693939,412.7074629317476
13.934343,100.7,573.7442890927558
13.934343,100.706061,10.06442390119461
13.934343,100.712121,327.5891067902368
13.934343,100.718182,376.16355530980877
13.934343,100.724242,197.03615975002077
13.934343,100.730303,485.16276923346425
13.934343,100.736364,800.6519367258448
13.934343,100.742424,202.76473983118484
13.934343,100.748485,65.92120855760703
13.934343,100.754545,395.32907972041534
13.934343,100.760606,275.3373321080189
13.934343,100.766667,436.95583811883193
13.934343,100.772727,268.03462536279096
13.934343,100.778788,929.0471073548694
13.934343,100.784848,903.3416774695485
13.934343,100.790909,356.44549707393884
13.934343,100.79697,323.83346296119436
13.934343,100.80303,875.2666813929484
13.934343,100.809091,935.9237453430467
13.934343,100.815152,685.2940915554345
13.934343,100.821212,656.0549001678726
13.934343,100.827273,224.22122040607576
13.934343,100.833333,363.383525692813
13.934343,100.839394,151.98816222151638
13.934343,100.845455,705.4452988554061
13.934343,100.851515,1236.3774520859454
13.934343,100.857576,697.5515994882096
13.934343,100.863636,221.74724767809056
13.934343,100.869697,489.4091091957526
13.934343,100.875758,18.360798999376744
13.934343,100.881818,402.6727163491927
13.934343,100.887879,810.5874766433642
13.934343,100.893939,718.8692429572169
13.934343,100.9,972.1314708971736
13.939394,100.3,1338.3298846597486
13.939394,100.306061,682.3982008088192
13.939394,100.312121,225.09925153410535
13.939394,100.318182,439.7532643341046
13.939394,100.324242,241.2728110820762
13.939394,100.330303,592.8914420818501
13.939394,100.336364,935.4914926063136
13.939394,100.342424,548.9873580058568
13.939394,100.348485,72.25942493030735
13.939394,100.354545,560.4187677773224
13.939394,100.360606,639.2874944130938
13.939394,100.366667,178.97769472971166
13.939394,100.372727,81.1505674250319
13.939394,100.378788,382.32799223202824
13.939394,100.384848,746.8094335505655
13.939394,100.390909,671.7634422097074
13.939394,100.39697,212.47192342954693
13.939394,100.40303,264.0299188606239
13.939394,100.409091,256.87615864047
13.939394,100.415152,344.75744979128694
13.939394,100.421212,570.7111258128657
13.939394,100.427273,199.29274625020062
13.939394,100.433333,396.0164859763935
13.939394,100.439394,218.22639276182787
13.939394,100.445455,149.94815611352797
13.939394,100.451515,86.95347216984173
13.939394,100.457576,116.17264317460162
13.939394,100.463636,77.99814201484733
13.939394,100.469697,17.167410060649324
13.939394,100.475758,246.61428524295488
13.939394,100.481818,116.66219687051365
13.939394,100.487879,361.60854142744876
13.939394,100.493939,116.59987545586172
13.939394,100.5,191.59589967699728
13.939394,100.506061,217.25430348021422
13.939394,100.512121,500.4955093415081
13.939394,100.518182,573.0644884652546
13.939394,100.524242,162.74503268650986
13.939394,100.530303,427.8642929693657
13.939394,100.536364,422.5991874598207
13.939394,100.542424,546.6571576991962
13.939394,100.548485,329.32084726719273
13.939394,100.554545,222.68944841910513
13.939394,100.560606,433.51395852052116
13.939394,100.566667,241.1390069655852
13.939394,100.572727,402.863010601785
13.939394,100.578788,324.6755434904514
13.939394,100.584848,310.19726263773236
13.939394,100.590909,578.8963281386929
13.939394,100.59697,179.88108828916364
13.939394,100.60303,88.576056478994
13.939394,100.609091,77.12585898696207
13.939394,100.615152,510.9336951467911
13.939394,100.621212,1066.81900538419
13.939394,100.627273,1396.5146475594445
13.939394,100.633333,722.4194894249055
13.939394,100.639394,60.699554099528605
13.939394,100.645455,374.80562306785265
13.939394,100.651515,151.7160681051736
13.939394,100.657576,586.8867668914118
13.939394,100.663636,187.1067632927439
13.939394,100.669697,797.4485606141104
13.939394,100.675758,974.5437352951342
13.939394,100.681818,521.8937157190908
13.939394,100.687879,162.9633437478681
13.939394,100.693939,831.2790548133328
13.939394,100.7,659.0367495553488
13.939394,100.706061,101.46593830922075
13.939394,100.712121,704.680391916623
13.939394,100.718182,883.6549158251781
13.939394,100.724242,637.3617064251115
13.939394,100.730303,776.3952660973519
13.939394,100.736364,1072.676942632134
13.939394,100.742424,690.1262258229827
13.939394,100.748485,138.64447126988154
13.939394,100.754545,687.3783802149309
13.939394,100.760606,287.9169001070145
13.939394,100.766667,448.23540482952774
13.939394,100.772727,229.77134813747898
13.939394,100.778788,902.7977554628371
13.939394,100.784848,726.8687722046367
13.939394,100.790909,274.8673946635574
13.939394,100.79697,523.3682830017237
13.939394,100.80303,1175.7921434814796
13.939394,100.809091,1027.9134087065506
13.939394,100.815152,731.9540040765835
13.939394,100.821212,961.8921688966966
13.939394,100.827273,771.772825031496
13.939394,100.833333,757.4758203376097
13.939394,100.839394,316.8897222155763
13.939394,100.845455,731.7680703065586
13.939394,100.851515,1315.0653380417846
13.939394,100.857576,689.2110209680295
13.939394,100.863636,152.0257788013172
13.939394,100.869697,407.92999105852954
13.939394,100.875758,321.05320190229025
13.939394,100.881818,163.3467807392823
13.939394,100.887879,722.2111267329702
13.939394,100.893939,212.681994758847
13.939394,100.9,635.3839725921302
13.944444,100.3,1362.4556904505553
13.944444,100.306061,728.5780210346974
13.944444,100.312121,340.33557161856737
13.944444,100.318182,701.5004109079715
13.944444,100.324242,299.06170541837577
13.944444,100.330303,94.82623775049304
13.944444,100.336364,672.9895390242312
13.944444,100.342424,318.99150350700523
13.944444,100.348485,320.9490735316812
13.944444,100.354545,508.8451808444261
13.944444,100.360606,239.78429422932007
13.944444,100.366667,121.95107270218317
13.944444,100.372727,488.5839981736829
13.944444,100.378788,860.3892917536622
13.944444,100.384848,1216.3418247190561
13.944444,100.390909,596.4318964650855
13.944444,100.39697,225.5648704904784
13.944444,100.40303,51.36349916504422
13.944444,100.409091,398.267183231678
13.944444,100.415152,685.6864378687042
13.944444,100.421212,87.44866223060781
13.944444,100.427273,269.08250159554234
13.944444,100.433333,101.19211433545408
13.944444,100.439394,166.36942077890336
13.944444,100.445455,321.06993870179775
13.944444,100.451515,285.5449356887871
13.944444,100.457576,95.94243540744995
13.944444,100.463636,474.92479206311765
13.944444,100.469697,123.81622384641695
13.944444,100.475758,239.92836813421087
13.944444,100.481818,246.37982587201074
13.944444,100.487879,11.013846882125362
13.944444,100.493939,409.4253843402973
13.944444,100.5,71.85364098909271
13.944444,100.506061,250.07475472119967
13.944444,100.512121,65.03601363789815
13.944444,100.518182,266.477119842087
13.944444,100.524242,106.68890970680943
13.944444,100.530303,88.27366460328376
13.944444,100.536364,173.99759849979546
13.944444,100.542424,167.56358719426828
13.944444,100.548485,165.0393622134435
13.944444,100.554545,464.72350071139755
13.944444,100.560606,311.8161618857284
13.944444,100.566667,107.11610575217678
13.944444,100.572727,212.26263522010052
13.944444,100.578788,237.56862334375737
13.944444,100.584848,415.5363517010308
13.944444,100.590909,630.6221666724183
13.944444,100.59697,389.7872408539123
13.944444,100.60303,86.25589811671739
13.944444,100.609091,85.87053214753554
13.944444,100.615152,407.1515029812148
13.944444,100.621212,634.1496048519919
13.944444,100.627273,872.3974995036727
13.944444,100.633333,891.2222033268321
13.944444,100.639394,456.1687206481827
13.944444,100.645455,178.33709465166837
13.944444,100.651515,73.37983718131277
13.944444,100.657576,612.2513401533707
13.944444,100.663636,249.4503183477379
13.944444,100.669697,812.3675851858577
13.944444,100.675758,1341.7643678858162
13.944444,100.681818,802.6910483896722
13.944444,100.687879,631.2661245966852
13.944444,100.693939,1031.001811651745
13.944444,100.7,639.0947771572108
13.944444,100.706061,37.183554583807265
13.944444,100.712121,710.3756171149442
13.944444,100.718182,1385.0490697363675
13.944444,100.724242,1185.6170146464071
13.944444,100.730303,1265.7991032625623
13.944444,100.736364,1415.5032770772386
13.944444,100.742424,796.6044676735991
13.944444,100.748485,229.8503238279568
13.944444,100.754545,617.5944499210746
13.944444,100.760606,849.7670486214587
13.944444,100.766667,538.639290756322
13.944444,100.772727,325.5240636493372
13.944444,100.778788,908.2972914262199
13.944444,100.784848,258.98107235181817
13.944444,100.790909,198.15624469192892
13.944444,100.79697,478.7180007469411
13.944444,100.80303,1152.947473452576
13.944444,100.809091,742.6272201135454
13.944444,100.815152,175.05963652023001
13.944444,100.821212,648.1710860873408
13.944444,100.827273,1311.5118645178463
13.944444,100.833333,805.4821356610408
13.944444,100.839394,148.48833719442842
13.944444,100.845455,552.9599201520522
13.944444,100.851515,950.7818879929475
13.944444,100.857576,721.3105375457567
13.944444,100.863636,115.96716693657613
13.944444,100.869697,645.6916460788182
13.944444,100.875758,756.9532737626785
13.944444,100.881818,723.442912446821
13.944444,100.887879,774.7839266895585
13.944444,100.893939,152.72400890904225
13.944444,100.9,597.207976111668
13.949495,100.3,986.4722937807094
13.949495,100.306061,942.5579875219761
13.949495,100.312121,618.560670428879
13.949495,100.318182,429.9312461835772
13.949495,100.324242,224.29664838500784
13.949495,100.330303,467.8973914652551
13.949495,100.336364,148.459634968575
13.949495,100.342424,250.54508323935363
13.949495,100.348485,515.8737392755753
13.949495,100.354545,143.01881049238085
13.949495,100.360606,238.58993951020477
13.949495,100.366667,534.256263998398
13.949495,100.372727,272.5872055219037
13.949495,100.378788,848.230032062861
13.949495,100.384848,1156.4800431466826
13.949495,100.390909,655.978719157954
13.949495,100.39697,469.3654704451309
13.949495,100.40303,394.55952269267317
13.949495,100.409091,830.4534680684416
13.949495,100.415152,829.5639242421717
13.949495,100.421212,471.8465530281375
13.949495,100.427273,378.91908496273174
13.949495,100.433333,493.01084452111166
13.949495,100.439394,534.234819210696
13.949495,100.445455,69.7764646821586
13.949495,100.451515,81.5496593568944
13.949495,100.457576,112.34823514534226
13.949495,100.463636,500.1659605232659
13.949495,100.469697,165.43489134358512
13.949495,100.475758,65.43806042455877
13.949495,100.481818,362.0196068459891
13.949495,100.487879,134.48149198071124
13.949495,100.493939,165.71640723331532
13.949495,100.5,336.87202791222654
13.949495,100.506061,104.81470904095691
13.949495,100.512121,396.4855266708405
13.949495,100.518182,542.518849961003
13.949495,100.524242,116.65312671542465
13.949495,100.530303,487.05175550386315
13.949495,100.536364,34.202098540325046
13.949495,100.542424,226.15280731275143
13.949495,100.548485,301.3573872184679
13.949495,100.554545,105.42937071855557
13.949495,100.560606,49.089047875579595
13.949495,100.566667,26.23213697495757
13.949495,100.572727,230.5240218074194
13.949495,100.578788,466.1680646021031
13.949495,100.584848,289.6877727044022
13.949495,100.590909,108.98305662234114
13.949495,100.59697,174.2958630061514
13.949495,100.60303,222.28417850891444
13.949495,100.609091,108.08386769938902
13.949495,100.615152,20.63088487454099
13.949495,100.621212,542.0727011368615
13.949495,100.627273,367.9002326615747
13.949495,100.633333,481.0127384453616
13.949495,100.639394,557.408640533485
13.949495,100.645455,386.1634160842194
13.949495,100.651515,504.8431727323476
13.949495,100.657576,620.412067235562
13.949495,100.663636,237.44362924505384
13.949495,100.669697,798.8661155935678
13.949495,100.675758,1438.0204199731068
13.949495,100.681818,929.0325172650587
13.949495,100.687879,753.9859141509373
13.949495,100.693939,1088.2003326332986
13.949495,100.7,668.1228789243021
13.949495,100.706061,274.00810357450126
13.949495,100.712121,783.630793017432
13.949495,100.718182,1436.5084075256239
13.949495,100.724242,1728.1129286376236
13.949495,100.730303,1710.3013181660692
13.949495,100.736364,1475.680726147636
13.949495,100.742424,813.1958196630854
13.949495,100.748485,234.70091051361044
13.949495,100.754545,599.3537088557559
13.949495,100.760606,1224.20052305534
13.949495,100.766667,549.8493894431832
13.949495,100.772727,128.22800475059609
13.949495,100.778788,791.1595357010424
13.949495,100.784848,487.81330047992157
13.949495,100.790909,245.5488952091599
13.949495,100.79697,466.71983545328294
13.949495,100.80303,1133.8332399690842
13.949495,100.809091,756.3548270572464
13.949495,100.815152,110.98183276140536
13.949495,100.821212,602.4092639884748
13.949495,100.827273,1274.334410496645
13.949495,100.833333,947.6336453275065
13.949495,100.839394,346.45754921870935
13.949495,100.845455,502.5183704728348
13.949495,100.851515,390.63826675975986
13.949495,100.857576,513.6375882418695
13.949495,100.863636,184.37672973923674
13.949495,100.869697,651.7328376983227
13.949495,100.875758,768.8167821873665
13.949495,100.881818,835.700537259841
13.949495,100.887879,843.0016779233523
13.949495,100.893939,386.8291490572721
13.949495,100.9,706.3445605535486
13.954545,100.3,811.9034163616326
13.954545,100.306061,455.36167118229395
13.954545,100.312121,194.5414898624174
13.954545,100.318182,260.1740168662421
13.954545,100.324242,431.7922916449719
13.954545,100.330303,136.54622328921266
13.954545,100.336364,343.60412717558233
13.954545,100.342424,185.2505878010654
13.954545,100.348485,38.37402559811764
13.954545,100.354545,339.46197766395164
13.954545,100.360606,701.8413954543003
13.954545,100.366667,610.0131258149356
13.954545,100.372727,30.41812023464275
13.954545,100.378788,648.6318121637562
13.954545,100.384848,803.4172383844714
13.954545,100.390909,278.63778323624405
13.954545,100.39697,223.09768094766233
13.954545,100.40303,866.0521613609149
13.954545,100.409091,905.2551907092741
13.954545,100.415152,514.4642460834759
13.954545,100.421212,88.06626233185327
13.954545,100.427273,413.5848559156681
13.954545,100.433333,753.3908484232554
13.954545,100.439394,279.4998627082332
13.954545,100.445455,219.38531450369868
13.954545,100.451515,310.52204765246813
13.954545,100.457576,88.92508607810053
13.954545,100.463636,299.7142156203736
13.954545,100.469697,276.71847588989675
13.954545,100.475758,27.524664086167625
13.954545,100.481818,30.672819570778366
13.954545,100.487879,263.73910577862154
13.954545,100.493939,100.29000748277106
13.954545,100.5,40.449952144286655
13.954545,100.506061,149.92471015746895
13.954545,100.512121,488.3079345042341
13.954545,100.518182,621.4053630423942
13.954545,100.524242,7.16307654614299
13.954545,100.530303,613.8368591341934
13.954545,100.536364,314.07420476220585
13.954545,100.542424,74.51556998854456
13.954545,100.548485,210.5346303530291
13.954545,100.554545,332.87266432736766
13.954545,100.560606,434.30731535864106
13.954545,100.566667,372.4350046031311
13.954545,100.572727,53.623944016139845
13.954545,100.578788,141.41046025523747
13.954545,100.584848,352.5738839088552
13.954545,100.590909,422.6805702917661
13.954545,100.59697,425.2509128352826
13.954545,100.60303,198.36673889085
13.954545,100.609091,528.6796388749748
13.954545,100.615152,90.68153847896572
13.954545,100.621212,699.5730357312963
13.954545,100.627273,376.6582674584468
13.954545,100.633333,228.51327525979156
13.954545,100.639394,304.53477567389143
13.954545,100.645455,616.9062144931614
13.954545,100.651515,1066.0314575254556
13.954545,100.657576,627.8099236988442
13.954545,100.663636,212.11359559219258
13.954545,100.669697,778.5723481924714
13.954545,100.675758,1243.7177972269274
13.954545,100.681818,584.8355743413887
13.954545,100.687879,217.7750895244792
13.954545,100.693939,814.3163972453162
13.954545,100.7,624.1417036641925
13.954545,100.706061,138.64176792426474
13.954545,100.712121,747.7931343184925
13.954545,100.718182,1417.6213073097051
13.954545,100.724242,1186.4592769296291
13.954545,100.730303,1160.362840067049
13.954545,100.736364,1481.7782550029551
13.954545,100.742424,811.2996475425922
13.954545,100.748485,137.84556071125317
13.954545,100.754545,538.6505350086749
13.954545,100.760606,1213.1469840932198
13.954545,100.766667,747.9975816632688
13.954545,100.772727,507.5854226547992
13.954545,100.778788,892.3301224299453
13.954545,100.784848,1020.265851049334
13.954545,100.790909,705.3672445115491
13.954545,100.79697,809.3677127838222
13.954545,100.80303,868.5516148207329
13.954545,100.809091,924.771994032794
13.954545,100.815152,646.3066412023959
13.954545,100.821212,876.5228055209847
13.954545,100.827273,1424.5432590957262
13.954545,100.833333,965.5132977788469
13.954545,100.839394,392.733033805052
13.954545,100.845455,535.472795848453
13.954545,100.851515,166.96556414047075
13.954545,100.857576,143.52318197147085
13.954545,100.863636,87.18724036153883
13.954545,100.869697,594.7797386438565
13.954545,100.875758,217.29869587462417
13.954545,100.881818,305.337822783668
13.954545,100.887879,772.0506949648682
13.954545,100.893939,97.54212922616226
13.954545,100.9,577.2896423011866
13.959596,100.3,462.3783103214478
13.959596,100.306061,24.80280048384021
13.959596,100.312121,397.45983788623687
13.959596,100.318182,334.9493428545943
13.959596,100.324242,51.15287727613334
13.959596,100.330303,447.640276889154
13.959596,100.336364,296.4514689717389
13.959596,100.342424,70.30342485292826
13.959596,100.348485,445.23394258567356
13.959596,100.354545,285.84835112242945
13.959596,100.360606,676.5159010795123
13.959596,100.366667,908.2173035702584
13.959596,100.372727,503.4966860326248
13.959596,100.378788,259.2761633412149
13.959596,100.384848,575.153619952547
13.959596,100.390909,33.830843971383224
13.959596,100.39697,600.3702447051218
13.959596,100.40303,866.3825504724862
13.959596,100.409091,407.45816850584475
13.959596,100.415152,90.93227195531325
13.959596,100.421212,462.521195859626
13.959596,100.427273,850.1621451650935
13.959596,100.433333,409.0869273946252
13.959596,100.439394,117.92092237666934
13.959596,100.445455,590.1525096538974
13.959596,100.451515,62.28677108104113
13.959596,100.457576,28.71360597267863
13.959596,100.463636,67.3990458677402
13.959596,100.469697,26.78011244568477
13.959596,100.475758,104.7109844480876
13.959596,100.481818,391.6049998532005
13.959596,100.487879,379.7286726415689
13.959596,100.493939,359.9793085935159
13.959596,100.5,109.57684892521596
13.959596,100.506061,41.55654474523022
13.959596,100.512121,629.7408747624374
13.959596,100.518182,431.74356736313524
13.959596,100.524242,171.6543231867432
13.959596,100.530303,653.0783117046172
13.959596,100.536364,209.42170557394948
13.959596,100.542424,428.84042274221474
13.959596,100.548485,748.307080645221
13.959596,100.554545,894.7070903455217
13.959596,100.560606,994.5456392287047
13.959596,100.566667,867.7895119037897
13.959596,100.572727,580.1340961766315
13.959596,100.578788,674.4561335778002
13.959596,100.584848,892.7231686950007
13.959596,100.590909,294.19557310631257
13.959596,100.59697,327.74546306008455
13.959596,100.60303,49.86572534870635
13.959596,100.609091,274.31070827037485
13.959596,100.615152,646.1651483235776
13.959596,100.621212,784.10901370521
13.959596,100.627273,480.9720829460976
13.959596,100.633333,461.6282812535975
13.959596,100.639394,132.66403780240867
13.959596,100.645455,619.6497417337122
13.959596,100.651515,1257.7731984796628
13.959596,100.657576,699.078227718465
13.959596,100.663636,373.5736147137398
13.959596,100.669697,837.102126114359
13.959596,100.675758,1229.2906605803876
13.959596,100.681818,554.9155270025337
13.959596,100.687879,122.0732033976795
13.959596,100.693939,795.0874770961245
13.959596,100.7,632.7370143253418
13.959596,100.706061,61.618330034600845
13.959596,100.712121,719.4068345461553
13.959596,100.718182,1196.833384669085
13.959596,100.724242,678.9206892869596
13.959596,100.730303,632.2100973078255
13.959596,100.736364,1117.5484255857123
13.959596,100.742424,799.8358287416269
13.959596,100.748485,125.13409105756615
13.959596,100.754545,549.0792069919411
13.959596,100.760606,1216.2024928607937
13.959596,100.766667,667.3121868436006
13.959596,100.772727,14.977058330707214
13.959596,100.778788,682.2485521540588
13.959596,100.784848,1356.7860405419049
13.959596,100.790909,1251.8495115954022
13.959596,100.79697,810.7403795863016
13.959596,100.80303,312.56477195822674
13.959596,100.809091,384.4710312707061
13.959596,100.815152,428.2679302836232
13.959596,100.821212,814.5025970563258
13.959596,100.827273,1433.139285635691
13.959596,100.833333,1264.3884215799076
13.959596,100.839394,905.925707924919
13.959596,100.845455,842.2473828512268
13.959596,100.851515,168.85434054037333
13.959596,100.857576,507.8622164943051
13.959596,100.863636,535.7265715034492
13.959596,100.869697,795.716206969692
13.959596,100.875758,368.10254439932004
13.959596,100.881818,346.693129487753
13.959596,100.887879,808.9798696571382
13.959596,100.893939,158.22643743307947
13.959596,100.9,553.0934648106095
13.964646,100.3,174.31485197645577
13.964646,100.306061,574.9793053941858
13.964646,100.312121,256.24854290273464
13.964646,100.318182,269.3547252979685
13.964646,100.324242,516.6356460320819
13.964646,100.330303,200.0155066640754
13.964646,100.336364,184.572925801315
13.964646,100.342424,550.9194662410312
13.964646,100.348485,756.1955909995219
13.964646,100.354545,135.65201105517022
13.964646,100.360606,384.0870875581194
13.964646,100.366667,975.4534326694716
13.964646,100.372727,600.2497651777945
13.964646,100.378788,178.46318147716755
13.964646,100.384848,225.36090759734944
13.964646,100.390909,303.58301790249897
13.964646,100.39697,886.8118965498718
13.964646,100.40303,543.7352610205279
13.964646,100.409091,42.17077980719414
13.964646,100.415152,485.0454044240008
13.964646,100.421212,859.9766034050333
13.964646,100.427273,583.551215336782
13.964646,100.433333,64.99477663480467
13.964646,100.439394,418.64286156665366
13.964646,100.445455,692.4140733713538
13.964646,100.451515,88.59419736897972
13.964646,100.457576,85.91769981595877
13.964646,100.463636,421.2352808271672
13.964646,100.469697,145.53218171166452
13.964646,100.475758,337.29088129032266
13.964646,100.481818,70.56425880031699
13.964646,100.487879,320.5263025034145
13.964646,100.493939,148.7024251972493
13.964646,100.5,244.54637765450605
13.964646,100.506061,275.1302599367916
13.964646,100.512121,815.8350634828507
13.964646,100.518182,700.2536097196519
13.964646,100.524242,602.5875925245989
13.964646,100.530303,434.5731016410515
13.964646,100.536364,139.69359801754598
13.964646,100.542424,210.9297637459064
13.964646,100.548485,514.6460058498557
13.964646,100.554545,456.31927812671506
13.964646,100.560606,694.5317218501419
13.964646,100.566667,630.6744800637836
13.964646,100.572727,345.06176649788205
13.964646,100.578788,866.4481641601129
13.964646,100.584848,1171.3144399922935
13.964646,100.590909,766.767263229813
13.964646,100.59697,638.9501495532352
13.964646,100.60303,52.458030770050264
13.964646,100.609091,655.0289863147756
13.964646,100.615152,979.2231539105173
13.964646,100.621212,357.77703466460093
13.964646,100.627273,301.98024588383555
13.964646,100.633333,398.25340987301576
13.964646,100.639394,176.8597676269297
13.964646,100.645455,498.20532073502693
13.964646,100.651515,1172.75111276532
13.964646,100.657576,647.0022886141224
13.964646,100.663636,184.06024115725862
13.964646,100.669697,747.9801860178367
13.964646,100.675758,1342.8534639769123
13.964646,100.681818,774.6167695274395
13.964646,100.687879,554.0773993878452
13.964646,100.693939,961.3864955155689
13.964646,100.7,643.7927522045193
13.964646,100.706061,41.609697622278645
13.964646,100.712121,706.615157667475
13.964646,100.718182,1057.3405691678274
13.964646,100.724242,382.7430350660446
13.964646,100.730303,291.9735188123357
13.964646,100.736364,966.6816498096939
13.964646,100.742424,754.447913896596
13.964646,100.748485,168.5481360348196
13.964646,100.754545,630.8389450781985
13.964646,100.760606,1282.6848465108274
13.964646,100.766667,864.1208756046824
13.964646,100.772727,549.2027359928717
13.964646,100.778788,870.2400155041112
13.964646,100.784848,1404.6433673745912
13.964646,100.790909,1306.644633596385
13.964646,100.79697,795.5303932014499
13.964646,100.80303,270.6757840753611
13.964646,100.809091,247.6926209708338
13.964646,100.815152,135.56032799535637
13.964646,100.821212,705.9586836552759
13.964646,100.827273,1374.3549011988023
13.964646,100.833333,1413.318284049956
13.964646,100.839394,1023.551671407334
13.964646,100.845455,846.5390234566781
13.964646,100.851515,175.76895714432118
13.964646,100.857576,496.9690632577918
13.964646,100.863636,1094.7478208856394
13.964646,100.869697,1190.3819578721614
13.964646,100.875758,924.5966819829048
13.964646,100.881818,812.9270933531552
13.964646,100.887879,1029.756815494248
13.964646,100.893939,666.1441320547616
13.964646,100.9,781.3059331880401
13.969697,100.3,322.61838932405914
13.969697,100.306061,184.4404424778557
13.969697,100.312121,232.05613511069478
13.969697,100.318182,456.18129805772935
13.969697,100.324242,93.30581361405251
13.969697,100.330303,282.33088591760577
13.969697,100.336364,655.7984254596349
13.969697,100.342424,1024.6345442950735
13.969697,100.348485,808.702536898607
13.969697,100.354545,136.36083682247713
13.969697,100.360606,166.5852754930275
13.969697,100.366667,817.831500253711
13.969697,100.372727,920.3712816486692
13.969697,100.378788,542.9343092389745
13.969697,100.384848,185.481765154775
13.969697,100.390909,650.3104456835006
13.969697,100.39697,876.8202515473179
13.969697,100.40303,251.55633399528784
13.969697,100.409091,374.1995465929446
13.969697,100.415152,889.4455241388938
13.969697,100.421212,702.6496957822947
13.969697,100.427273,127.22383367455278
13.969697,100.433333,272.41106850936376
13.969697,100.439394,784.6913245209846
13.969697,100.445455,382.7627451428006
13.969697,100.451515,198.65820748907402
13.969697,100.457576,182.89326810837326
13.969697,100.463636,187.25940068520526
13.969697,100.469697,284.7000244554845
13.969697,100.475758,104.52443728367034
13.969697,100.481818,420.1914667411571
13.969697,100.487879,92.22068080346978
13.969697,100.493939,525.1965926073215
13.969697,100.5,32.58001700218407
13.969697,100.506061,602.8293800301508
13.969697,100.512121,1141.5998704489607
13.969697,100.518182,1194.4106885776264
13.969697,100.524242,657.5396102179639
13.969697,100.530303,106.29474941416535
13.969697,100.536364,444.1432006491939
13.969697,100.542424,476.0763316420703
13.969697,100.548485,668.5939123661508
13.969697,100.554545,184.17139101020044
13.969697,100.560606,555.0370531168787
13.969697,100.566667,595.6502172714653
13.969697,100.572727,66.24612794660364
13.969697,100.578788,715.1683739105056
13.969697,100.584848,689.5503000760848
13.969697,100.590909,1161.8437735494697
13.969697,100.59697,826.0225303254703
13.969697,100.60303,411.6360194703238
13.969697,100.609091,626.5359670792155
13.969697,100.615152,598.988846178333
13.969697,100.621212,212.9613121893129
13.969697,100.627273,466.9181648398649
13.969697,100.633333,830.4847581604655
13.969697,100.639394,580.1888843171613
13.969697,100.645455,744.00826990621
13.969697,100.651515,1264.1679836384126
13.969697,100.657576,732.2985877091057
13.969697,100.663636,389.26524692516136
13.969697,100.669697,822.8752145763756
13.969697,100.675758,1357.198843642764
13.969697,100.681818,764.3686678317911
13.969697,100.687879,486.53482535659555
13.969697,100.693939,894.132770225675
13.969697,100.7,736.3509391434063
13.969697,100.706061,126.58326424870219
13.969697,100.712121,629.1031012949447
13.969697,100.718182,1104.1802422848261
13.969697,100.724242,433.6306431679635
13.969697,100.730303,258.9987708384548
13.969697,100.736364,925.5235078011706
13.969697,100.742424,716.180739544922
13.969697,100.748485,78.93703162352793
13.969697,100.754545,640.2141151864093
13.969697,100.760606,1313.0031386842215
13.969697,100.766667,791.9756809838814
13.969697,100.772727,149.81411438021095
13.969697,100.778788,572.6750583088326
13.969697,100.784848,1242.4419613542761
13.969697,100.790909,818.7011907702044
13.969697,100.79697,662.0579434967352
13.969697,100.80303,583.4839185790142
13.969697,100.809091,605.2693523461874
13.969697,100.815152,696.8185422666467
13.969697,100.821212,982.6276717804642
13.969697,100.827273,1534.9367650719605
13.969697,100.833333,1113.0622193933661
13.969697,100.839394,537.6773718985398
13.969697,100.845455,499.7549197963523
13.969697,100.851515,249.79444647591438
13.969697,100.857576,523.142666782295
13.969697,100.863636,1181.172143548295
13.969697,100.869697,1412.7996123958328
13.969697,100.875758,758.1322174204073
13.969697,100.881818,252.9899605442768
13.969697,100.887879,680.8469432151694
13.969697,100.893939,520.922036463779
13.969697,100.9,689.5145466077646
13.974747,100.3,621.045902012034
13.974747,100.306061,80.51463088410732
13.974747,100.312121,344.29517581360193
13.974747,100.318182,23.740779796365864
13.974747,100.324242,398.81645977422386
13.974747,100.330303,751.5631561760096
13.974747,100.336364,1124.5713228895006
13.974747,100.342424,1485.828940383377
13.974747,100.348485,845.0809854483483
13.974747,100.354545,170.50686098565532
13.974747,100.360606,64.19544984023646
13.974747,100.366667,615.0715188176587
13.974747,100.372727,788.0246356408642
13.974747,100.378788,278.51541901124824
13.974747,100.384848,468.4319125713026
13.974747,100.390909,932.4187763853381
13.974747,100.39697,647.5112901666295
13.974747,100.40303,37.662400590974
13.974747,100.409091,590.8977335240081
13.974747,100.415152,697.041893168321
13.974747,100.421212,311.2236779396643
13.974747,100.427273,166.94993681160855
13.974747,100.433333,692.1091366357919
13.974747,100.439394,522.5877419967692
13.974747,100.445455,181.62219078511984
13.974747,100.451515,578.2664058948668
13.974747,100.457576,102.87412227412429
13.974747,100.463636,212.0287516366336
13.974747,100.469697,212.93642302481342
13.974747,100.475758,288.4224825990046
13.974747,100.481818,79.8336911837612
13.974747,100.487879,451.71245684917835
13.974747,100.493939,144.51355442157313
13.974747,100.5,351.406234937079
13.974747,100.506061,867.0742930797594
13.974747,100.512121,1201.2690983835025
13.974747,100.518182,1039.97045312112
13.974747,100.524242,410.7957972155407
13.974747,100.530303,217.44952033911588
13.974747,100.536364,803.5556692013157
13.974747,100.542424,1020.2419917274976
13.974747,100.548485,1062.0313987503907
13.974747,100.554545,701.2625984697511
13.974747,100.560606,587.5390367799382
13.974747,100.566667,614.5057421509479
13.974747,100.572727,232.30780426850706
13.974747,100.578788,367.87640995698337
13.974747,100.584848,315.19337920721046
13.974747,100.590909,869.8318801370676
13.974747,100.59697,487.14005045215225
13.974747,100.60303,184.13744078548834
13.974747,100.609091,507.4647202394433
13.974747,100.615152,391.8459959904274
13.974747,100.621212,213.15793266882096
13.974747,100.627273,556.041247809231
13.974747,100.633333,930.1949414444643
13.974747,100.639394,261.8565064883422
13.974747,100.645455,427.0170985918372
13.974747,100.651515,1098.3364061332018
13.974747,100.657576,829.5544149412607
13.974747,100.663636,500.0632445302542
13.974747,100.669697,849.8747785719216
13.974747,100.675758,1272.1641942112867
13.974747,100.681818,600.5601520338691
13.974747,100.687879,114.582599607314
13.974747,100.693939,758.8718249081574
13.974747,100.7,693.1510994507395
13.974747,100.706061,226.99615394766963
13.974747,100.712121,730.0069094565455
13.974747,100.718182,1175.5673859713245
13.974747,100.724242,521.5977162512626
13.974747,100.730303,269.035291650493
13.974747,100.736364,884.9657452714019
13.974747,100.742424,761.9639296558429
13.974747,100.748485,108.937488089056
13.974747,100.754545,497.7354252909306
13.974747,100.760606,1100.4454223723737
13.974747,100.766667,911.083599712724
13.974747,100.772727,457.5233155463129
13.974747,100.778788,621.178918856271
13.974747,100.784848,1186.5798290781765
13.974747,100.790909,515.3175719453661
13.974747,100.79697,183.30652125400013
13.974747,100.80303,534.0326042036342
13.974747,100.809091,403.5512972258185
13.974747,100.815152,963.6357648258966
13.974747,100.821212,938.070620440273
13.974747,100.827273,1319.7516928441664
13.974747,100.833333,1054.8082386181538
13.974747,100.839394,403.49705360456744
13.974747,100.845455,351.37998787139963
13.974747,100.851515,756.4648870641512
13.974747,100.857576,885.1667129297521
13.974747,100.863636,1380.2208129735056
13.974747,100.869697,1425.2712630514209
13.974747,100.875758,781.1273184220106
13.974747,100.881818,315.2766223978113
13.974747,100.887879,706.3625050778231
13.974747,100.893939,200.9061824282153
13.974747,100.9,494.4025040875297
13.979798,100.3,609.3862209800278
13.979798,100.306061,243.5998917645293
13.979798,100.312121,126.80395869822206
13.979798,100.318182,498.19449215961805
13.979798,100.324242,857.3253658484574
13.979798,100.330303,1230.2861790312738
13.979798,100.336364,1590.1280576356132
13.979798,100.342424,1540.089491276747
13.979798,100.348485,923.3175248379091
13.979798,100.354545,493.60793960352794
13.979798,100.360606,180.56099779167053
13.979798,100.366667,512.3721852505902
13.979798,100.372727,532.7268307034981
13.979798,100.378788,130.18267651238153
13.979798,100.384848,675.4140094464306
13.979798,100.390909,765.3717931258502
13.979798,100.39697,257.14720731606945
13.979798,100.40303,275.76533655536787
13.979798,100.409091,592.0964030119121
13.979798,100.415152,404.25372315047105
13.979798,100.421212,132.9222504717619
13.979798,100.427273,359.18340024291
13.979798,100.433333,223.17458392684378
13.979798,100.439394,195.38419632926139
13.979798,100.445455,742.7600005500781
13.979798,100.451515,748.541567412275
13.979798,100.457576,122.02394545167759
13.979798,100.463636,97.91131725978748
13.979798,100.469697,176.1726875537736
13.979798,100.475758,31.871481732316127
13.979798,100.481818,460.8292091645196
13.979798,100.487879,251.97461016190482
13.979798,100.493939,223.83439514618874
13.979798,100.5,730.4747788991973
13.979798,100.506061,774.29558606469
13.979798,100.512121,644.3966974745962
13.979798,100.518182,562.1337336884195
13.979798,100.524242,270.44731785434806
13.979798,100.530303,407.3371343865793
13.979798,100.536364,1053.3239887347574
13.979798,100.542424,1577.196558112848
13.979798,100.548485,1479.7405422858767
13.979798,100.554545,894.6474565445241
13.979798,100.560606,220.45475307289388
13.979798,100.566667,300.5706529455212
13.979798,100.572727,779.2858804596224
13.979798,100.578788,625.599550585503
13.979798,100.584848,596.1447902867267
13.979798,100.590909,726.330318869637
13.979798,100.59697,90.8496624154881
13.979798,100.60303,137.3796471266264
13.979798,100.609091,228.37746422901478
13.979798,100.615152,302.62260490896693
13.979798,100.621212,398.73168212665223
13.979798,100.627273,832.0587321792456
13.979798,100.633333,996.3641214712687
13.979798,100.639394,476.4361942049426
13.979798,100.645455,529.8200100877485
13.979798,100.651515,1115.6439547793045
13.979798,100.657576,663.8517335324651
13.979798,100.663636,42.49498366564651
13.979798,100.669697,687.9197346665363
13.979798,100.675758,1286.5881074864537
13.979798,100.681818,620.8172866995794
13.979798,100.687879,160.32204409119768
13.979798,100.693939,759.1408421959712
13.979798,100.7,666.7504265818109
13.979798,100.706061,188.96831755937743
13.979798,100.712121,732.9206176568498
13.979798,100.718182,1209.5059550768694
13.979798,100.724242,564.4594138448019
13.979798,100.730303,242.1733625930827
13.979798,100.736364,842.1104540479084
13.979798,100.742424,969.3574808964627
13.979798,100.748485,389.5256913228207
13.979798,100.754545,252.73442959182776
13.979798,100.760606,854.8864011950677
13.979798,100.766667,894.4915144826772
13.979798,100.772727,257.63996252035537
13.979798,100.778788,492.86307961790453
13.979798,100.784848,1153.110494004766
13.979798,100.790909,702.1407224631283
13.979798,100.79697,510.93118413306826
13.979798,100.80303,478.19189699890075
13.979798,100.809091,260.03702585437475
13.979798,100.815152,495.7014483750908
13.979798,100.821212,443.9623042587858
13.979798,100.827273,1029.0143679437208
13.979798,100.833333,1272.2253359333645
13.979798,100.839394,817.7693791048902
13.979798,100.845455,793.3503519949652
13.979798,100.851515,1224.872464091344
13.979798,100.857576,1387.7002215158786
13.979798,100.863636,1745.6234667538133
13.979798,100.869697,1375.0257935738452
13.979798,100.875758,700.3163849706161
13.979798,100.881818,25.77653000419165
13.979798,100.887879,648.886271878594
13.979798,100.893939,160.29609047668535
13.979798,100.9,529.8010268396653
13.984848,100.3,153.93479375710314
13.984848,100.306061,238.43404172588046
13.984848,100.312121,295.4786639248431
13.984848,100.318182,39.11378178941277
13.984848,100.324242,660.1039115989014
13.984848,100.330303,1334.319892110154
13.984848,100.336364,1919.7167969182492
13.984848,100.342424,1309.6451273590912
13.984848,100.348485,700.4383196161223
13.984848,100.354545,93.03356530511546
13.984848,100.360606,170.68403593898884
13.984848,100.366667,75.36161746729135
13.984848,100.372727,348.00911777477944
13.984848,100.378788,174.58325005042155
13.984848,100.384848,333.81540891766497
13.984848,100.390909,366.8649354430755
13.984848,100.39697,24.73441723164017
13.984848,100.40303,192.43606475700574
13.984848,100.409091,45.71797609135562
13.984848,100.415152,84.88245479180341
13.984848,100.421212,266.43136359090795
13.984848,100.427273,341.71918967218147
13.984848,100.433333,441.24012707086104
13.984848,100.439394,204.38172316798267
13.984848,100.445455,878.0934183467338
13.984848,100.451515,973.0714614516205
13.984848,100.457576,356.89108405682697
13.984848,100.463636,48.47489060447765
13.984848,100.469697,356.25809168405743
13.984848,100.475758,456.77293158065925
13.984848,100.481818,222.22396383599474
13.984848,100.487879,178.53022281786886
13.984848,100.493939,510.296368260375
13.984848,100.5,414.216054488715
13.984848,100.506061,229.02058367237407
13.984848,100.512121,128.5412714852142
13.984848,100.518182,194.84058101965874
13.984848,100.524242,95.53302680470954
13.984848,100.530303,352.47905528174573
13.984848,100.536364,979.3848173740968
13.984848,100.542424,1361.0441045648133
13.984848,100.548485,1000.4053595494227
13.984848,100.554545,752.4613358133181
13.984848,100.560606,366.13073081421726
13.984848,100.566667,296.53041915175066
13.984848,100.572727,655.6784472793908
13.984848,100.578788,981.4183748692859
13.984848,100.584848,1115.1248664652326
13.984848,100.590909,964.7140072335442
13.984848,100.59697,641.3821363308633
13.984848,100.60303,405.31094332715674
13.984848,100.609091,304.31597285976
13.984848,100.615152,213.93292413395906
13.984848,100.621212,51.616638839868685
13.984848,100.627273,725.5403446706321
13.984848,100.633333,496.2821094456369
13.984848,100.639394,341.4298262459043
13.984848,100.645455,370.2621282329059
13.984848,100.651515,825.8502704078969
13.984848,100.657576,895.8591191663027
13.984848,100.663636,603.0507946401432
13.984848,100.669697,913.8369650123824
13.984848,100.675758,1287.612015400235
13.984848,100.681818,613.4858190345232
13.984848,100.687879,70.47679837817495
13.984848,100.693939,737.47789281579
13.984848,100.7,742.743970391341
13.984848,100.706061,377.9173180034069
13.984848,100.712121,802.6737232475999
13.984848,100.718182,1232.9247194523866
13.984848,100.724242,566.6500523919642
13.984848,100.730303,109.7711979784738
13.984848,100.736364,773.6488718650444
13.984848,100.742424,1219.3667773070365
13.984848,100.748485,598.7347036162421
13.984848,100.754545,251.49418563638073
13.984848,100.760606,823.6262197479639
13.984848,100.766667,1046.7337957125392
13.984848,100.772727,468.4304034703964
13.984848,100.778788,503.4394879329042
13.984848,100.784848,1094.4008576141705
13.984848,100.790909,1162.9831302259834
13.984848,100.79697,1058.573966224752
13.984848,100.80303,490.6798111355173
13.984848,100.809091,204.64271457363856
13.984848,100.815152,441.70687544675536
13.984848,100.821212,382.7369403370197
13.984848,100.827273,1004.1193192695715
13.984848,100.833333,1660.2764312814227
13.984848,100.839394,1344.1381180070043
13.984848,100.845455,1329.4229213791784
13.984848,100.851515,1624.2761699190858
13.984848,100.857576,1923.4867744613512
13.984848,100.863636,2124.95775013781
13.984848,100.869697,1484.8312949077983
13.984848,100.875758,896.9231184457776
13.984848,100.881818,560.9745723678062
13.984848,100.887879,857.4534987697289
13.984848,100.893939,640.2249071721806
13.984848,100.9,815.4031047168518
13.989899,100.3,335.6460538034069
13.989899,100.306061,716.144048432526
13.989899,100.312121,358.29443803651304
13.989899,100.318182,302.5147677752696
13.989899,100.324242,639.4146996777014
13.989899,100.330303,1127.4680330615954
13.989899,100.336364,1628.7967365133966
13.989899,100.342424,1057.4406642641973
13.989899,100.348485,524.1780344856359
13.989899,100.354545,154.9702848523998
13.989899,100.360606,72.68738175655716
13.989899,100.366667,203.89639713071477
13.989899,100.372727,445.05818445816243
13.989899,100.378788,225.50126911007348
13.989899,100.384848,84.84312132621129
13.989899,100.390909,408.42990286157783
13.989899,100.39697,486.6947234517369
13.989899,100.40303,191.3628466453906
13.989899,100.409091,516.7519342675855
13.989899,100.415152,435.41102701932664
13.989899,100.421212,700.8038651374085
13.989899,100.427273,794.78899445624
13.989899,100.433333,556.6226416931682
13.989899,100.439394,211.730925907777
13.989899,100.445455,791.04443873968
13.989899,100.451515,622.5464776819246
13.989899,100.457576,317.9764920818817
13.989899,100.463636,197.1712743060915
13.989899,100.469697,266.2758060292262
13.989899,100.475758,233.44197810454548
13.989899,100.481818,207.52759277058558
13.989899,100.487879,142.11875098298273
13.989899,100.493939,142.59838247267479
13.989899,100.5,277.62853706439415
13.989899,100.506061,333.4665598474539
13.989899,100.512121,474.66954646691835
13.989899,100.518182,229.74830270420884
13.989899,100.524242,73.57991041765847
13.989899,100.530303,107.79294942941645
13.989899,100.536364,510.80212630659196
13.989899,100.542424,914.6946028249863
13.989899,100.548485,606.9786976250316
13.989899,100.554545,197.36493550856946
13.989899,100.560606,18.904863077590733
13.989899,100.566667,65.1810464688571
13.989899,100.572727,200.07494390727595
13.989899,100.578788,557.6923010010161
13.989899,100.584848,1034.719721025893
13.989899,100.590909,753.8989846903656
13.989899,100.59697,247.40173595335588
13.989899,100.60303,431.872022170176
13.989899,100.609091,840.7246686123167
13.989899,100.615152,701.0102063819645
13.989899,100.621212,502.22239183692307
13.989899,100.627273,883.8826151170839
13.989899,100.633333,363.2513829589027
13.989899,100.639394,330.5563113256861
13.989899,100.645455,53.95956109162968
13.989899,100.651515,500.1889998702263
13.989899,100.657576,385.5356437093159
13.989899,100.663636,536.4567141161741
13.989899,100.669697,641.7372881521145
13.989899,100.675758,860.63332230515
13.989899,100.681818,628.0032843795672
13.989899,100.687879,114.87414798061937
13.989899,100.693939,736.417113341051
13.989899,100.7,642.180305563114
13.989899,100.706061,120.94190120496718
13.989899,100.712121,712.3900083546145
13.989899,100.718182,1292.9639906420389
13.989899,100.724242,624.1476097130577
13.989899,100.730303,132.46311074583613
13.989899,100.736364,745.6549364834761
13.989899,100.742424,1278.739536626181
13.989899,100.748485,629.8223294080021
13.989899,100.754545,261.96398105185267
13.989899,100.760606,806.7920531975973
13.989899,100.766667,1009.4679994726334
13.989899,100.772727,377.8902562490061
13.989899,100.778788,420.5060295437463
13.989899,100.784848,1058.8140724504624
13.989899,100.790909,1597.202326196067
13.989899,100.79697,1217.332326751609
13.989899,100.80303,574.5430451341239
13.989899,100.809091,216.34415397018952
13.989899,100.815152,567.3635511551727
13.989899,100.821212,385.28401712998516
13.989899,100.827273,940.9309156282369
13.989899,100.833333,1591.3453044476496
13.989899,100.839394,1891.333423364658
13.989899,100.845455,1880.9040756894578
13.989899,100.851515,2099.6923379923733
13.989899,100.857576,2105.4382453080702
13.989899,100.863636,1875.1329553869648
13.989899,100.869697,1775.1234255436436
13.989899,100.875758,1323.1818778908396
13.989899,100.881818,1122.9566654236812
13.989899,100.887879,1296.7519825042411
13.989899,100.893939,1194.3224360311006
13.989899,100.9,1296.6882326239859
13.994949,100.3,814.3021488780178
13.994949,100.306061,1182.3877454753554
13.994949,100.312121,735.2165861866583
13.994949,100.318182,263.37795316829215
13.994949,100.324242,250.31344009786923
13.994949,100.330303,750.8867765261781
13.994949,100.336364,1236.5180602383432
13.994949,100.342424,824.5826319976197
13.994949,100.348485,229.54928136820317
13.994949,100.354545,407.68667321491745
13.994949,100.360606,88.36313883842449
13.994949,100.366667,358.27381612174577
13.994949,100.372727,564.8845976546475
13.994949,100.378788,196.25415850410724
13.994949,100.384848,349.5006708885432
13.994949,100.390909,798.4765365274794
13.994949,100.39697,766.4670466978641
13.994949,100.40303,622.269811990113
13.994949,100.409091,1026.24857252866
13.994949,100.415152,957.4986260126049
13.994949,100.421212,1156.9360943750721
13.994949,100.427273,1303.479753820378
13.994949,100.433333,636.8483779021551
13.994949,100.439394,31.709595302755798
13.994949,100.445455,330.3144824831331
13.994949,100.451515,150.05172926611795
13.994949,100.457576,208.14295319319885
13.994949,100.463636,436.5689679797735
13.994949,100.469697,83.9006699126318
13.994949,100.475758,66.15099559604535
13.994949,100.481818,334.74650885483635
13.994949,100.487879,420.3239383053956
13.994949,100.493939,496.5223229630811
13.994949,100.5,293.0317727798122
13.994949,100.506061,458.92873671364845
13.994949,100.512121,156.19231805044652
13.994949,100.518182,200.8028860575528
13.994949,100.524242,50.254761475187905
13.994949,100.530303,332.4753651248293
13.994949,100.536364,113.0654640397365
13.994949,100.542424,525.1923813106231
13.994949,100.548485,288.276449730089
13.994949,100.554545,179.0284860593978
13.994949,100.560606,559.0227106045885
13.994949,100.566667,558.6615868374182
13.994949,100.572727,320.5930904777419
13.994949,100.578788,181.99474748511102
13.994949,100.584848,696.931782282081
13.994949,100.590909,204.6349294731449
13.994949,100.59697,173.10696003885835
13.994949,100.60303,141.44174814424866
13.994949,100.609091,794.4972989359178
13.994949,100.615152,1229.1766556401324
13.994949,100.621212,1062.8103578406456
13.994949,100.627273,1237.3154894467693
13.994949,100.633333,806.0729766492973
13.994949,100.639394,641.2819558032165
13.994949,100.645455,495.19203530324114
13.994949,100.651515,479.12319395442796
13.994949,100.657576,183.6511655346111
13.994949,100.663636,53.806703655827086
13.994949,100.669697,104.19662903151475
13.994949,100.675758,316.294913912198
13.994949,100.681818,772.6241661501114
13.994949,100.687879,464.49547554513873
13.994949,100.693939,816.4022727729691
13.994949,100.7,702.7669947370314
13.994949,100.706061,34.71634094003431
13.994949,100.712121,640.4882385105666
13.994949,100.718182,1315.1829153688832
13.994949,100.724242,658.1383412839108
13.994949,100.730303,50.4724548548814
13.994949,100.736364,694.5627637054329
13.994949,100.742424,1343.555615642405
13.994949,100.748485,705.3246743985947
13.994949,100.754545,316.67508214132135
13.994949,100.760606,783.2057439043283
13.994949,100.766667,1104.057817694425
13.994949,100.772727,459.82123913253
13.994949,100.778788,337.8678535542169
13.994949,100.784848,962.8775150239356
13.994949,100.790909,1143.031261368858
13.994949,100.79697,833.8736953715627
13.994949,100.80303,672.0076879331423
13.994949,100.809091,404.06282536171824
13.994949,100.815152,482.7172549944772
13.994949,100.821212,192.43026805013494
13.994949,100.827273,866.8356185946345
13.994949,100.833333,1541.396757743774
13.994949,100.839394,1631.4684697631847
13.994949,100.845455,1542.871371954781
13.994949,100.851515,1734.7923310204217
13.994949,100.857576,1635.8569234570211
13.994949,100.863636,1326.3790067678988
13.994949,100.869697,1323.9247900364096
13.994949,100.875758,1254.5721416813856
13.994949,100.881818,1072.4515519023382
13.994949,100.887879,1279.3267497701083
13.994949,100.893939,1324.5220598187182
13.994949,100.9,1463.1296147308956
14.0,100.3,1280.0475353659328
14.0,100.306061,1591.2674307395364
14.0,100.312121,1128.0353993083215
14.0,100.318182,629.80117540471
14.0,100.324242,131.24834445530226
14.0,100.330303,365.82108852418554
14.0,100.336364,1014.6970024852973
14.0,100.342424,550.7728441383024
14.0,100.348485,64.38328834225182
14.0,100.354545,144.8925883546701
14.0,100.360606,446.16339316262787
14.0,100.366667,863.6885431659783
14.0,100.372727,514.392524977256
14.0,100.378788,170.77583240503415
14.0,100.384848,687.0290691272069
14.0,100.390909,1183.3272038455102
14.0,100.39697,1253.1520720614028
14.0,100.40303,1170.5289833883874
14.0,100.409091,1442.30596758423
14.0,100.415152,1508.780121745187
14.0,100.421212,1678.7772243656825
14.0,100.427273,1382.5238312237643
14.0,100.433333,713.915747305916
14.0,100.439394,67.3731273339419
14.0,100.445455,153.4434674061626
14.0,100.451515,43.49156291719863
14.0,100.457576,130.01408031307383
14.0,100.463636,154.8246311879272
14.0,100.469697,54.39815793203318
14.0,100.475758,481.5447009217885
14.0,100.481818,35.86538469754236
14.0,100.487879,99.98645403016894
14.0,100.493939,55.18578829714585
14.0,100.5,268.9397613084728
14.0,100.506061,50.56803357390904
14.0,100.512121,336.7867626602576
14.0,100.518182,244.35835044764914
14.0,100.524242,385.81443258558966
14.0,100.530303,114.37925830254532
14.0,100.536364,353.0127958497764
14.0,100.542424,249.57972525127488
14.0,100.548485,156.29130175807285
14.0,100.554545,435.1031010161925
14.0,100.560606,802.0442286082101
14.0,100.566667,642.7960197794869
14.0,100.572727,218.8812712765469
14.0,100.578788,147.0714913620818
14.0,100.584848,482.5050249391555
14.0,100.590909,38.388472401983336
14.0,100.59697,30.44456283258525
14.0,100.60303,211.22166251374452
14.0,100.609091,866.2977763000981
14.0,100.615152,1538.4400070601275
14.0,100.621212,1624.6005938281824
14.0,100.627273,1637.4074656033847
14.0,100.633333,999.6103068013366
14.0,100.639394,327.2059186994475
14.0,100.645455,354.0836519786527
14.0,100.651515,888.017195368139
14.0,100.657576,742.3233733648403
14.0,100.663636,591.7745170829834
14.0,100.669697,384.75063810326964
14.0,100.675758,302.5183387712144
14.0,100.681818,630.1986167529221
14.0,100.687879,46.73056216622298
14.0,100.693939,543.4960601254853
14.0,100.7,782.0167663720462
14.0,100.706061,168.22764585841514
14.0,100.712121,596.1462457998103
14.0,100.718182,1262.1123523559852
14.0,100.724242,703.2454416916445
14.0,100.730303,162.1141021236164
14.0,100.736364,684.4533472418813
14.0,100.742424,1329.8354648318202
14.0,100.748485,678.8251376574865
14.0,100.754545,252.19789620342686
14.0,100.760606,759.4286724143052
14.0,100.766667,1140.0771430638008
14.0,100.772727,540.6179790588889
14.0,100.778788,441.57322585237836
14.0,100.784848,1003.9747687382443
14.0,100.790909,833.059536919566
14.0,100.79697,287.7725967127254
14.0,100.80303,618.0469543581343
14.0,100.809091,954.9873187430446
14.0,100.815152,750.3197218254214
14.0,100.821212,605.7995912450102
14.0,100.827273,1039.8883239824925
14.0,100.833333,1562.2348080019558
14.0,100.839394,1117.5292955001248
14.0,100.845455,983.6841103053389
14.0,100.851515,1263.6007242150692
14.0,100.857576,1245.4262845026003
14.0,100.863636,796.4546601673442
14.0,100.869697,792.3607800621087
14.0,100.875758,827.2596987266489
14.0,100.881818,510.4504693229506
14.0,100.887879,864.3403745814703
14.0,100.893939,762.969455760935
14.0,100.9,984.1300589760972
