lat,lon,elevation_m
13.5,100.3,5.0
13.5,100.306061,1.0
13.5,100.312121,1.0
13.5,100.318182,1.0
13.5,100.324242,1.0
13.5,100.330303,2.0
13.5,100.336364,4.0
13.5,100.342424,4.0
13.5,100.348485,5.0
13.5,100.354545,2.0
13.5,100.360606,4.0
13.5,100.366667,4.0
13.5,100.372727,4.0
13.5,100.378788,4.0
13.5,100.384848,2.0
13.5,100.390909,3.0
13.5,100.39697,5.0
13.5,100.40303,5.0
13.5,100.409091,3.0
13.5,100.415152,5.0
13.5,100.421212,5.0
13.5,100.427273,5.0
13.5,100.433333,5.0
13.5,100.439394,3.0
13.5,100.445455,6.0
13.5,100.451515,5.0
13.5,100.457576,5.0
13.5,100.463636,5.0
13.5,100.469697,5.0
13.5,100.475758,5.0
13.5,100.481818,5.0
13.5,100.487879,5.0
13.5,100.493939,5.0
13.5,100.5,5.0
13.5,100.506061,5.0
13.5,100.512121,5.0
13.5,100.518182,5.0
13.5,100.524242,5.0
13.5,100.530303,5.0
13.5,100.536364,5.0
13.5,100.542424,5.0
13.5,100.548485,5.0
13.5,100.554545,5.0
13.5,100.560606,5.0
13.5,100.566667,5.0
13.5,100.572727,5.0
13.5,100.578788,5.0
13.5,100.584848,5.0
13.5,100.590909,5.0
13.5,100.59697,5.0
13.5,100.60303,5.0
13.5,100.609091,5.0
13.5,100.615152,5.0
13.5,100.621212,5.0
13.5,100.627273,5.0
13.5,100.633333,5.0
13.5,100.639394,5.0
13.5,100.645455,5.0
13.5,100.651515,5.0
13.5,100.657576,5.0
13.5,100.663636,5.0
13.5,100.669697,5.0
13.5,100.675758,5.0
13.5,100.681818,5.0
13.5,100.687879,5.0
13.5,100.693939,5.0
13.5,100.7,5.0
13.5,100.706061,5.0
13.5,100.712121,5.0
13.5,100.718182,5.0
13.5,100.724242,5.0
13.5,100.730303,5.0
13.5,100.736364,3.0
13.5,100.742424,6.0
13.5,100.748485,3.0
13.5,100.754545,6.0
13.5,100.760606,2.0
13.5,100.766667,5.0
13.5,100.772727,5.0
13.5,100.778788,5.0
13.5,100.784848,5.0
13.5,100.790909,3.0
13.5,100.79697,3.0
13.5,100.80303,-1.0
13.5,100.809091,6.0
13.5,100.815152,5.0
13.5,100.821212,4.0
13.5,100.827273,5.0
13.5,100.833333,4.0
13.5,100.839394,5.0
13.5,100.845455,5.0
13.5,100.851515,2.0
13.5,100.857576,1.0
13.5,100.863636,1.0
13.5,100.869697,3.0
13.5,100.875758,1.0
13.5,100.881818,4.0
13.5,100.887879,5.0
13.5,100.893939,4.0
13.5,100.9,2.0
13.505051,100.3,1.0
13.505051,100.306061,1.0
13.505051,100.312121,1.0
13.505051,100.318182,1.0
13.505051,100.324242,1.0
13.505051,100.330303,5.0
13.505051,100.336364,2.0
13.505051,100.342424,1.0
13.505051,100.348485,1.0
13.505051,100.354545,1.0
13.505051,100.360606,3.0
13.505051,100.366667,1.0
13.505051,100.372727,2.0
13.505051,100.378788,1.0
13.505051,100.384848,1.0
13.505051,100.390909,1.0
13.505051,100.39697,1.0
13.505051,100.40303,5.0
13.505051,100.409091,5.0
13.505051,100.415152,5.0
13.505051,100.421212,5.0
13.505051,100.427273,5.0
13.505051,100.433333,5.0
13.505051,100.439394,5.0
13.505051,100.445455,5.0
13.505051,100.451515,5.0
13.505051,100.457576,3.0
13.505051,100.463636,1.0
13.505051,100.469697,10.0
13.505051,100.475758,1.0
13.505051,100.481818,10.0
13.505051,100.487879,2.0
13.505051,100.493939,5.0
13.505051,100.5,2.0
13.505051,100.506061,5.0
13.505051,100.512121,5.0
13.505051,100.518182,5.0
13.505051,100.524242,5.0
13.505051,100.530303,5.0
13.505051,100.536364,5.0
13.505051,100.542424,5.0
13.505051,100.548485,5.0
13.505051,100.554545,5.0
13.505051,100.560606,5.0
13.505051,100.566667,5.0
13.505051,100.572727,5.0
13.505051,100.578788,5.0
13.505051,100.584848,5.0
13.505051,100.590909,5.0
13.505051,100.59697,5.0
13.505051,100.60303,5.0
13.505051,100.609091,5.0
13.505051,100.615152,5.0
13.505051,100.621212,5.0
13.505051,100.627273,5.0
13.505051,100.633333,5.0
13.505051,100.639394,5.0
13.505051,100.645455,5.0
13.505051,100.651515,5.0
13.505051,100.657576,5.0
13.505051,100.663636,5.0
13.505051,100.669697,5.0
13.505051,100.675758,5.0
13.505051,100.681818,5.0
13.505051,100.687879,5.0
13.505051,100.693939,5.0
13.505051,100.7,5.0
13.505051,100.706061,4.0
13.505051,100.712121,2.0
13.505051,100.718182,5.0
13.505051,100.724242,4.0
13.505051,100.730303,6.0
13.505051,100.736364,4.0
13.505051,100.742424,4.0
13.505051,100.748485,1.0
13.505051,100.754545,3.0
13.505051,100.760606,5.0
13.505051,100.766667,5.0
13.505051,100.772727,2.0
13.505051,100.778788,1.0
13.505051,100.784848,5.0
13.505051,100.790909,5.0
13.505051,100.79697,2.0
13.505051,100.80303,1.0
13.505051,100.809091,-1.0
13.505051,100.815152,4.0
13.505051,100.821212,6.0
13.505051,100.827273,5.0
13.505051,100.833333,3.0
13.505051,100.839394,3.0
13.505051,100.845455,2.0
13.505051,100.851515,1.0
13.505051,100.857576,1.0
13.505051,100.863636,5.0
13.505051,100.869697,5.0
13.505051,100.875758,3.0
13.505051,100.881818,2.0
13.505051,100.887879,3.0
13.505051,100.893939,3.0
13.505051,100.9,1.0
13.510101,100.3,2.0
13.510101,100.306061,2.0
13.510101,100.312121,2.0
13.510101,100.318182,2.0
13.510101,100.324242,3.0
13.510101,100.330303,5.0
13.510101,100.336364,3.0
13.510101,100.342424,1.0
13.510101,100.348485,1.0
13.510101,100.354545,1.0
13.510101,100.360606,1.0
13.510101,100.366667,1.0
13.510101,100.372727,1.0
13.510101,100.378788,1.0
13.510101,100.384848,1.0
13.510101,100.390909,1.0
13.510101,100.39697,1.0
13.510101,100.40303,1.0
13.510101,100.409091,3.0
13.510101,100.415152,5.0
13.510101,100.421212,6.0
13.510101,100.427273,4.0
13.510101,100.433333,2.0
13.510101,100.439394,5.0
13.510101,100.445455,5.0
13.510101,100.451515,2.0
13.510101,100.457576,1.0
13.510101,100.463636,1.0
13.510101,100.469697,1.0
13.510101,100.475758,1.0
13.510101,100.481818,1.0
13.510101,100.487879,5.0
13.510101,100.493939,4.0
13.510101,100.5,3.0
13.510101,100.506061,5.0
13.510101,100.512121,5.0
13.510101,100.518182,3.0
13.510101,100.524242,5.0
13.510101,100.530303,5.0
13.510101,100.536364,4.0
13.510101,100.542424,5.0
13.510101,100.548485,5.0
13.510101,100.554545,5.0
13.510101,100.560606,5.0
13.510101,100.566667,5.0
13.510101,100.572727,5.0
13.510101,100.578788,5.0
13.510101,100.584848,5.0
13.510101,100.590909,5.0
13.510101,100.59697,5.0
13.510101,100.60303,5.0
13.510101,100.609091,5.0
13.510101,100.615152,5.0
13.510101,100.621212,5.0
13.510101,100.627273,5.0
13.510101,100.633333,5.0
13.510101,100.639394,5.0
13.510101,100.645455,5.0
13.510101,100.651515,5.0
13.510101,100.657576,5.0
13.510101,100.663636,5.0
13.510101,100.669697,5.0
13.510101,100.675758,2.0
13.510101,100.681818,1.0
13.510101,100.687879,3.0
13.510101,100.693939,3.0
13.510101,100.7,4.0
13.510101,100.706061,3.0
13.510101,100.712121,2.0
13.510101,100.718182,4.0
13.510101,100.724242,2.0
13.510101,100.730303,2.0
13.510101,100.736364,5.0
13.510101,100.742424,3.0
13.510101,100.748485,3.0
13.510101,100.754545,2.0
13.510101,100.760606,4.0
13.510101,100.766667,2.0
13.510101,100.772727,5.0
13.510101,100.778788,2.0
13.510101,100.784848,1.0
13.510101,100.790909,3.0
13.510101,100.79697,2.0
13.510101,100.80303,5.0
13.510101,100.809091,3.0
13.510101,100.815152,6.0
13.510101,100.821212,5.0
13.510101,100.827273,5.0
13.510101,100.833333,1.0
13.510101,100.839394,3.0
13.510101,100.845455,5.0
13.510101,100.851515,3.0
13.510101,100.857576,3.0
13.510101,100.863636,4.0
13.510101,100.869697,2.0
13.510101,100.875758,1.0
13.510101,100.881818,3.0
13.510101,100.887879,1.0
13.510101,100.893939,1.0
13.510101,100.9,2.0
13.515152,100.3,5.0
13.515152,100.306061,4.0
13.515152,100.312121,3.0
13.515152,100.318182,1.0
13.515152,100.324242,3.0
13.515152,100.330303,2.0
13.515152,100.336364,-5.0
13.515152,100.342424,2.0
13.515152,100.348485,4.0
13.515152,100.354545,1.0
13.515152,100.360606,1.0
13.515152,100.366667,5.0
13.515152,100.372727,2.0
13.515152,100.378788,5.0
13.515152,100.384848,3.0
13.515152,100.390909,1.0
13.515152,100.39697,6.0
13.515152,100.40303,1.0
13.515152,100.409091,1.0
13.515152,100.415152,1.0
13.515152,100.421212,1.0
13.515152,100.427273,2.0
13.515152,100.433333,5.0
13.515152,100.439394,5.0
13.515152,100.445455,2.0
13.515152,100.451515,1.0
13.515152,100.457576,4.0
13.515152,100.463636,-1.0
13.515152,100.469697,-1.0
13.515152,100.475758,5.0
13.515152,100.481818,3.0
13.515152,100.487879,2.0
13.515152,100.493939,5.0
13.515152,100.5,3.0
13.515152,100.506061,4.0
13.515152,100.512121,5.0
13.515152,100.518182,2.0
13.515152,100.524242,5.0
13.515152,100.530303,5.0
13.515152,100.536364,5.0
13.515152,100.542424,2.0
13.515152,100.548485,2.0
13.515152,100.554545,1.0
13.515152,100.560606,5.0
13.515152,100.566667,2.0
13.515152,100.572727,4.0
13.515152,100.578788,5.0
13.515152,100.584848,5.0
13.515152,100.590909,5.0
13.515152,100.59697,5.0
13.515152,100.60303,5.0
13.515152,100.609091,5.0
13.515152,100.615152,5.0
13.515152,100.621212,5.0
13.515152,100.627273,5.0
13.515152,100.633333,5.0
13.515152,100.639394,5.0
13.515152,100.645455,5.0
13.515152,100.651515,5.0
13.515152,100.657576,3.0
13.515152,100.663636,6.0
13.515152,100.669697,6.0
13.515152,100.675758,5.0
13.515152,100.681818,4.0
13.515152,100.687879,3.0
13.515152,100.693939,5.0
13.515152,100.7,2.0
13.515152,100.706061,5.0
13.515152,100.712121,1.0
13.515152,100.718182,5.0
13.515152,100.724242,2.0
13.515152,100.730303,4.0
13.515152,100.736364,3.0
13.515152,100.742424,1.0
13.515152,100.748485,2.0
13.515152,100.754545,1.0
13.515152,100.760606,4.0
13.515152,100.766667,5.0
13.515152,100.772727,3.0
13.515152,100.778788,1.0
13.515152,100.784848,4.0
13.515152,100.790909,5.0
13.515152,100.79697,2.0
13.515152,100.80303,1.0
13.515152,100.809091,2.0
13.515152,100.815152,7.0
13.515152,100.821212,4.0
13.515152,100.827273,5.0
13.515152,100.833333,1.0
13.515152,100.839394,5.0
13.515152,100.845455,1.0
13.515152,100.851515,4.0
13.515152,100.857576,3.0
13.515152,100.863636,4.0
13.515152,100.869697,2.0
13.515152,100.875758,3.0
13.515152,100.881818,2.0
13.515152,100.887879,2.0
13.515152,100.893939,4.0
13.515152,100.9,4.0
13.520202,100.3,4.0
13.520202,100.306061,5.0
13.520202,100.312121,1.0
13.520202,100.318182,1.0
13.520202,100.324242,2.0
13.520202,100.330303,5.0
13.520202,100.336364,1.0
13.520202,100.342424,1.0
13.520202,100.348485,1.0
13.520202,100.354545,5.0
13.520202,100.360606,5.0
13.520202,100.366667,5.0
13.520202,100.372727,5.0
13.520202,100.378788,5.0
13.520202,100.384848,1.0
13.520202,100.390909,1.0
13.520202,100.39697,1.0
13.520202,100.40303,1.0
13.520202,100.409091,2.0
13.520202,100.415152,1.0
13.520202,100.421212,5.0
13.520202,100.427273,5.0
13.520202,100.433333,5.0
13.520202,100.439394,5.0
13.520202,100.445455,5.0
13.520202,100.451515,5.0
13.520202,100.457576,2.0
13.520202,100.463636,-1.0
13.520202,100.469697,2.0
13.520202,100.475758,5.0
13.520202,100.481818,2.0
13.520202,100.487879,1.0
13.520202,100.493939,5.0
13.520202,100.5,2.0
13.520202,100.506061,2.0
13.520202,100.512121,5.0
13.520202,100.518182,5.0
13.520202,100.524242,5.0
13.520202,100.530303,3.0
13.520202,100.536364,1.0
13.520202,100.542424,3.0
13.520202,100.548485,1.0
13.520202,100.554545,1.0
13.520202,100.560606,1.0
13.520202,100.566667,2.0
13.520202,100.572727,5.0
13.520202,100.578788,4.0
13.520202,100.584848,5.0
13.520202,100.590909,5.0
13.520202,100.59697,5.0
13.520202,100.60303,5.0
13.520202,100.609091,5.0
13.520202,100.615152,5.0
13.520202,100.621212,5.0
13.520202,100.627273,5.0
13.520202,100.633333,2.0
13.520202,100.639394,6.0
13.520202,100.645455,3.0
13.520202,100.651515,7.0
13.520202,100.657576,2.0
13.520202,100.663636,5.0
13.520202,100.669697,1.0
13.520202,100.675758,3.0
13.520202,100.681818,4.0
13.520202,100.687879,4.0
13.520202,100.693939,2.0
13.520202,100.7,1.0
13.520202,100.706061,5.0
13.520202,100.712121,2.0
13.520202,100.718182,2.0
13.520202,100.724242,-1.0
13.520202,100.730303,2.0
13.520202,100.736364,1.0
13.520202,100.742424,4.0
13.520202,100.748485,2.0
13.520202,100.754545,5.0
13.520202,100.760606,2.0
13.520202,100.766667,2.0
13.520202,100.772727,2.0
13.520202,100.778788,-3.0
13.520202,100.784848,1.0
13.520202,100.790909,2.0
13.520202,100.79697,-1.0
13.520202,100.80303,4.0
13.520202,100.809091,2.0
13.520202,100.815152,2.0
13.520202,100.821212,4.0
13.520202,100.827273,1.0
13.520202,100.833333,1.0
13.520202,100.839394,4.0
13.520202,100.845455,3.0
13.520202,100.851515,4.0
13.520202,100.857576,1.0
13.520202,100.863636,5.0
13.520202,100.869697,4.0
13.520202,100.875758,3.0
13.520202,100.881818,-1.0
13.520202,100.887879,2.0
13.520202,100.893939,1.0
13.520202,100.9,4.0
13.525253,100.3,3.0
13.525253,100.306061,3.0
13.525253,100.312121,3.0
13.525253,100.318182,3.0
13.525253,100.324242,5.0
13.525253,100.330303,5.0
13.525253,100.336364,5.0
13.525253,100.342424,5.0
13.525253,100.348485,5.0
13.525253,100.354545,5.0
13.525253,100.360606,5.0
13.525253,100.366667,5.0
13.525253,100.372727,5.0
13.525253,100.378788,1.0
13.525253,100.384848,1.0
13.525253,100.390909,1.0
13.525253,100.39697,1.0
13.525253,100.40303,1.0
13.525253,100.409091,1.0
13.525253,100.415152,1.0
13.525253,100.421212,5.0
13.525253,100.427273,5.0
13.525253,100.433333,5.0
13.525253,100.439394,2.0
13.525253,100.445455,5.0
13.525253,100.451515,7.0
13.525253,100.457576,5.0
13.525253,100.463636,5.0
13.525253,100.469697,4.0
13.525253,100.475758,5.0
13.525253,100.481818,3.0
13.525253,100.487879,2.0
13.525253,100.493939,5.0
13.525253,100.5,3.0
13.525253,100.506061,4.0
13.525253,100.512121,3.0
13.525253,100.518182,1.0
13.525253,100.524242,6.0
13.525253,100.530303,4.0
13.525253,100.536364,5.0
13.525253,100.542424,5.0
13.525253,100.548485,2.0
13.525253,100.554545,1.0
13.525253,100.560606,1.0
13.525253,100.566667,1.0
13.525253,100.572727,5.0
13.525253,100.578788,5.0
13.525253,100.584848,5.0
13.525253,100.590909,5.0
13.525253,100.59697,5.0
13.525253,100.60303,5.0
13.525253,100.609091,5.0
13.525253,100.615152,5.0
13.525253,100.621212,5.0
13.525253,100.627273,3.0
13.525253,100.633333,12.0
13.525253,100.639394,7.0
13.525253,100.645455,2.0
13.525253,100.651515,4.0
13.525253,100.657576,2.0
13.525253,100.663636,4.0
13.525253,100.669697,7.0
13.525253,100.675758,1.0
13.525253,100.681818,4.0
13.525253,100.687879,4.0
13.525253,100.693939,1.0
13.525253,100.7,-1.0
13.525253,100.706061,2.0
13.525253,100.712121,2.0
13.525253,100.718182,5.0
13.525253,100.724242,1.0
13.525253,100.730303,4.0
13.525253,100.736364,1.0
13.525253,100.742424,2.0
13.525253,100.748485,3.0
13.525253,100.754545,2.0
13.525253,100.760606,3.0
13.525253,100.766667,5.0
13.525253,100.772727,3.0
13.525253,100.778788,2.0
13.525253,100.784848,3.0
13.525253,100.790909,3.0
13.525253,100.79697,2.0
13.525253,100.80303,2.0
13.525253,100.809091,2.0
13.525253,100.815152,4.0
13.525253,100.821212,2.0
13.525253,100.827273,1.0
13.525253,100.833333,5.0
13.525253,100.839394,2.0
13.525253,100.845455,3.0
13.525253,100.851515,3.0
13.525253,100.857576,4.0
13.525253,100.863636,5.0
13.525253,100.869697,4.0
13.525253,100.875758,5.0
13.525253,100.881818,5.0
13.525253,100.887879,3.0
13.525253,100.893939,3.0
13.525253,100.9,-1.0
13.530303,100.3,6.0
13.530303,100.306061,4.0
13.530303,100.312121,4.0
13.530303,100.318182,4.0
13.530303,100.324242,5.0
13.530303,100.330303,5.0
13.530303,100.336364,5.0
13.530303,100.342424,5.0
13.530303,100.348485,5.0
13.530303,100.354545,5.0
13.530303,100.360606,5.0
13.530303,100.366667,5.0
13.530303,100.372727,5.0
13.530303,100.378788,1.0
13.530303,100.384848,1.0
13.530303,100.390909,5.0
13.530303,100.39697,5.0
13.530303,100.40303,-1.0
13.530303,100.409091,-1.0
13.530303,100.415152,1.0
13.530303,100.421212,5.0
13.530303,100.427273,6.0
13.530303,100.433333,5.0
13.530303,100.439394,5.0
13.530303,100.445455,1.0
13.530303,100.451515,5.0
13.530303,100.457576,1.0
13.530303,100.463636,5.0
13.530303,100.469697,5.0
13.530303,100.475758,5.0
13.530303,100.481818,5.0
13.530303,100.487879,2.0
13.530303,100.493939,3.0
13.530303,100.5,1.0
13.530303,100.506061,1.0
13.530303,100.512121,4.0
13.530303,100.518182,1.0
13.530303,100.524242,1.0
13.530303,100.530303,3.0
13.530303,100.536364,2.0
13.530303,100.542424,5.0
13.530303,100.548485,1.0
13.530303,100.554545,5.0
13.530303,100.560606,1.0
13.530303,100.566667,1.0
13.530303,100.572727,4.0
13.530303,100.578788,1.0
13.530303,100.584848,5.0
13.530303,100.590909,5.0
13.530303,100.59697,5.0
13.530303,100.60303,5.0
13.530303,100.609091,5.0
13.530303,100.615152,5.0
13.530303,100.621212,4.0
13.530303,100.627273,2.0
13.530303,100.633333,4.0
13.530303,100.639394,5.0
13.530303,100.645455,4.0
13.530303,100.651515,2.0
13.530303,100.657576,6.0
13.530303,100.663636,4.0
13.530303,100.669697,3.0
13.530303,100.675758,1.0
13.530303,100.681818,2.0
13.530303,100.687879,6.0
13.530303,100.693939,3.0
13.530303,100.7,4.0
13.530303,100.706061,3.0
13.530303,100.712121,2.0
13.530303,100.718182,4.0
13.530303,100.724242,5.0
13.530303,100.730303,4.0
13.530303,100.736364,1.0
13.530303,100.742424,2.0
13.530303,100.748485,5.0
13.530303,100.754545,2.0
13.530303,100.760606,4.0
13.530303,100.766667,3.0
13.530303,100.772727,6.0
13.530303,100.778788,1.0
13.530303,100.784848,3.0
13.530303,100.790909,2.0
13.530303,100.79697,4.0
13.530303,100.80303,3.0
13.530303,100.809091,6.0
13.530303,100.815152,2.0
13.530303,100.821212,1.0
13.530303,100.827273,3.0
13.530303,100.833333,4.0
13.530303,100.839394,1.0
13.530303,100.845455,2.0
13.530303,100.851515,4.0
13.530303,100.857576,4.0
13.530303,100.863636,2.0
13.530303,100.869697,3.0
13.530303,100.875758,2.0
13.530303,100.881818,-4.0
13.530303,100.887879,3.0
13.530303,100.893939,1.0
13.530303,100.9,5.0
13.535354,100.3,2.0
13.535354,100.306061,-1.0
13.535354,100.312121,2.0
13.535354,100.318182,4.0
13.535354,100.324242,5.0
13.535354,100.330303,3.0
13.535354,100.336364,5.0
13.535354,100.342424,5.0
13.535354,100.348485,3.0
13.535354,100.354545,6.0
13.535354,100.360606,5.0
13.535354,100.366667,5.0
13.535354,100.372727,1.0
13.535354,100.378788,6.0
13.535354,100.384848,5.0
13.535354,100.390909,5.0
13.535354,100.39697,5.0
13.535354,100.40303,1.0
13.535354,100.409091,5.0
13.535354,100.415152,5.0
13.535354,100.421212,5.0
13.535354,100.427273,5.0
13.535354,100.433333,5.0
13.535354,100.439394,5.0
13.535354,100.445455,4.0
13.535354,100.451515,1.0
13.535354,100.457576,4.0
13.535354,100.463636,5.0
13.535354,100.469697,5.0
13.535354,100.475758,5.0
13.535354,100.481818,4.0
13.535354,100.487879,5.0
13.535354,100.493939,2.0
13.535354,100.5,1.0
13.535354,100.506061,3.0
13.535354,100.512121,3.0
13.535354,100.518182,1.0
13.535354,100.524242,1.0
13.535354,100.530303,8.0
13.535354,100.536364,2.0
13.535354,100.542424,1.0
13.535354,100.548485,1.0
13.535354,100.554545,4.0
13.535354,100.560606,5.0
13.535354,100.566667,1.0
13.535354,100.572727,3.0
13.535354,100.578788,4.0
13.535354,100.584848,4.0
13.535354,100.590909,5.0
13.535354,100.59697,5.0
13.535354,100.60303,5.0
13.535354,100.609091,5.0
13.535354,100.615152,4.0
13.535354,100.621212,3.0
13.535354,100.627273,4.0
13.535354,100.633333,4.0
13.535354,100.639394,7.0
13.535354,100.645455,5.0
13.535354,100.651515,4.0
13.535354,100.657576,4.0
13.535354,100.663636,1.0
13.535354,100.669697,3.0
13.535354,100.675758,2.0
13.535354,100.681818,1.0
13.535354,100.687879,4.0
13.535354,100.693939,2.0
13.535354,100.7,2.0
13.535354,100.706061,1.0
13.535354,100.712121,2.0
13.535354,100.718182,2.0
13.535354,100.724242,3.0
13.535354,100.730303,6.0
13.535354,100.736364,1.0
13.535354,100.742424,4.0
13.535354,100.748485,1.0
13.535354,100.754545,3.0
13.535354,100.760606,2.0
13.535354,100.766667,2.0
13.535354,100.772727,2.0
13.535354,100.778788,4.0
13.535354,100.784848,3.0
13.535354,100.790909,2.0
13.535354,100.79697,5.0
13.535354,100.80303,3.0
13.535354,100.809091,3.0
13.535354,100.815152,2.0
13.535354,100.821212,3.0
13.535354,100.827273,3.0
13.535354,100.833333,5.0
13.535354,100.839394,-1.0
13.535354,100.845455,4.0
13.535354,100.851515,1.0
13.535354,100.857576,2.0
13.535354,100.863636,4.0
13.535354,100.869697,3.0
13.535354,100.875758,4.0
13.535354,100.881818,5.0
13.535354,100.887879,2.0
13.535354,100.893939,1.0
13.535354,100.9,4.0
13.540404,100.3,5.0
13.540404,100.306061,1.0
13.540404,100.312121,2.0
13.540404,100.318182,1.0
13.540404,100.324242,2.0
13.540404,100.330303,5.0
13.540404,100.336364,3.0
13.540404,100.342424,6.0
13.540404,100.348485,6.0
13.540404,100.354545,-3.0
13.540404,100.360606,-2.0
13.540404,100.366667,-2.0
13.540404,100.372727,-2.0
13.540404,100.378788,-1.0
13.540404,100.384848,5.0
13.540404,100.390909,7.0
13.540404,100.39697,5.0
13.540404,100.40303,5.0
13.540404,100.409091,5.0
13.540404,100.415152,5.0
13.540404,100.421212,5.0
13.540404,100.427273,2.0
13.540404,100.433333,5.0
13.540404,100.439394,5.0
13.540404,100.445455,4.0
13.540404,100.451515,5.0
13.540404,100.457576,2.0
13.540404,100.463636,-5.0
13.540404,100.469697,-1.0
13.540404,100.475758,1.0
13.540404,100.481818,4.0
13.540404,100.487879,5.0
13.540404,100.493939,5.0
13.540404,100.5,4.0
13.540404,100.506061,2.0
13.540404,100.512121,8.0
13.540404,100.518182,3.0
13.540404,100.524242,1.0
13.540404,100.530303,5.0
13.540404,100.536364,5.0
13.540404,100.542424,4.0
13.540404,100.548485,1.0
13.540404,100.554545,1.0
13.540404,100.560606,4.0
13.540404,100.566667,4.0
13.540404,100.572727,8.0
13.540404,100.578788,4.0
13.540404,100.584848,5.0
13.540404,100.590909,5.0
13.540404,100.59697,5.0
13.540404,100.60303,5.0
13.540404,100.609091,5.0
13.540404,100.615152,6.0
13.540404,100.621212,5.0
13.540404,100.627273,2.0
13.540404,100.633333,2.0
13.540404,100.639394,11.0
13.540404,100.645455,5.0
13.540404,100.651515,6.0
13.540404,100.657576,7.0
13.540404,100.663636,4.0
13.540404,100.669697,3.0
13.540404,100.675758,4.0
13.540404,100.681818,2.0
13.540404,100.687879,5.0
13.540404,100.693939,2.0
13.540404,100.7,3.0
13.540404,100.706061,1.0
13.540404,100.712121,2.0
13.540404,100.718182,2.0
13.540404,100.724242,1.0
13.540404,100.730303,2.0
13.540404,100.736364,3.0
13.540404,100.742424,4.0
13.540404,100.748485,3.0
13.540404,100.754545,3.0
13.540404,100.760606,3.0
13.540404,100.766667,2.0
13.540404,100.772727,1.0
13.540404,100.778788,1.0
13.540404,100.784848,1.0
13.540404,100.790909,5.0
13.540404,100.79697,3.0
13.540404,100.80303,-1.0
13.540404,100.809091,3.0
13.540404,100.815152,5.0
13.540404,100.821212,1.0
13.540404,100.827273,5.0
13.540404,100.833333,1.0
13.540404,100.839394,1.0
13.540404,100.845455,3.0
13.540404,100.851515,1.0
13.540404,100.857576,5.0
13.540404,100.863636,5.0
13.540404,100.869697,4.0
13.540404,100.875758,1.0
13.540404,100.881818,2.0
13.540404,100.887879,4.0
13.540404,100.893939,2.0
13.540404,100.9,2.0
13.545455,100.3,10.0
13.545455,100.306061,5.0
13.545455,100.312121,4.0
13.545455,100.318182,4.0
13.545455,100.324242,1.0
13.545455,100.330303,5.0
13.545455,100.336364,5.0
13.545455,100.342424,2.0
13.545455,100.348485,6.0
13.545455,100.354545,-1.0
13.545455,100.360606,-2.0
13.545455,100.366667,-1.0
13.545455,100.372727,-1.0
13.545455,100.378788,-1.0
13.545455,100.384848,-1.0
13.545455,100.390909,5.0
13.545455,100.39697,5.0
13.545455,100.40303,5.0
13.545455,100.409091,1.0
13.545455,100.415152,5.0
13.545455,100.421212,5.0
13.545455,100.427273,5.0
13.545455,100.433333,5.0
13.545455,100.439394,5.0
13.545455,100.445455,2.0
13.545455,100.451515,-1.0
13.545455,100.457576,1.0
13.545455,100.463636,4.0
13.545455,100.469697,5.0
13.545455,100.475758,3.0
13.545455,100.481818,2.0
13.545455,100.487879,7.0
13.545455,100.493939,6.0
13.545455,100.5,6.0
13.545455,100.506061,1.0
13.545455,100.512121,6.0
13.545455,100.518182,1.0
13.545455,100.524242,1.0
13.545455,100.530303,4.0
13.545455,100.536364,1.0
13.545455,100.542424,1.0
13.545455,100.548485,1.0
13.545455,100.554545,3.0
13.545455,100.560606,7.0
13.545455,100.566667,5.0
13.545455,100.572727,1.0
13.545455,100.578788,9.0
13.545455,100.584848,5.0
13.545455,100.590909,5.0
13.545455,100.59697,5.0
13.545455,100.60303,7.0
13.545455,100.609091,8.0
13.545455,100.615152,4.0
13.545455,100.621212,3.0
13.545455,100.627273,6.0
13.545455,100.633333,6.0
13.545455,100.639394,2.0
13.545455,100.645455,-4.0
13.545455,100.651515,5.0
13.545455,100.657576,6.0
13.545455,100.663636,2.0
13.545455,100.669697,7.0
13.545455,100.675758,2.0
13.545455,100.681818,3.0
13.545455,100.687879,2.0
13.545455,100.693939,2.0
13.545455,100.7,-1.0
13.545455,100.706061,2.0
13.545455,100.712121,3.0
13.545455,100.718182,3.0
13.545455,100.724242,4.0
13.545455,100.730303,1.0
13.545455,100.736364,1.0
13.545455,100.742424,1.0
13.545455,100.748485,4.0
13.545455,100.754545,5.0
13.545455,100.760606,4.0
13.545455,100.766667,1.0
13.545455,100.772727,2.0
13.545455,100.778788,2.0
13.545455,100.784848,1.0
13.545455,100.790909,2.0
13.545455,100.79697,1.0
13.545455,100.80303,4.0
13.545455,100.809091,-3.0
13.545455,100.815152,3.0
13.545455,100.821212,4.0
13.545455,100.827273,2.0
13.545455,100.833333,1.0
13.545455,100.839394,5.0
13.545455,100.845455,4.0
13.545455,100.851515,5.0
13.545455,100.857576,1.0
13.545455,100.863636,3.0
13.545455,100.869697,2.0
13.545455,100.875758,-1.0
13.545455,100.881818,4.0
13.545455,100.887879,2.0
13.545455,100.893939,1.0
13.545455,100.9,1.0
13.550505,100.3,5.0
13.550505,100.306061,10.0
13.550505,100.312121,7.0
13.550505,100.318182,3.0
13.550505,100.324242,3.0
13.550505,100.330303,1.0
13.550505,100.336364,-3.0
13.550505,100.342424,4.0
13.550505,100.348485,5.0
13.550505,100.354545,-1.0
13.550505,100.360606,-2.0
13.550505,100.366667,3.0
13.550505,100.372727,-1.0
13.550505,100.378788,-1.0
13.550505,100.384848,-1.0
13.550505,100.390909,5.0
13.550505,100.39697,5.0
13.550505,100.40303,5.0
13.550505,100.409091,5.0
13.550505,100.415152,5.0
13.550505,100.421212,5.0
13.550505,100.427273,5.0
13.550505,100.433333,5.0
13.550505,100.439394,1.0
13.550505,100.445455,3.0
13.550505,100.451515,5.0
13.550505,100.457576,2.0
13.550505,100.463636,2.0
13.550505,100.469697,5.0
13.550505,100.475758,1.0
13.550505,100.481818,2.0
13.550505,100.487879,1.0
13.550505,100.493939,1.0
13.550505,100.5,3.0
13.550505,100.506061,4.0
13.550505,100.512121,3.0
13.550505,100.518182,6.0
13.550505,100.524242,1.0
13.550505,100.530303,5.0
13.550505,100.536364,1.0
13.550505,100.542424,5.0
13.550505,100.548485,1.0
13.550505,100.554545,1.0
13.550505,100.560606,6.0
13.550505,100.566667,1.0
13.550505,100.572727,5.0
13.550505,100.578788,9.0
13.550505,100.584848,5.0
13.550505,100.590909,5.0
13.550505,100.59697,3.0
13.550505,100.60303,5.0
13.550505,100.609091,5.0
13.550505,100.615152,6.0
13.550505,100.621212,4.0
13.550505,100.627273,1.0
13.550505,100.633333,3.0
13.550505,100.639394,3.0
13.550505,100.645455,2.0
13.550505,100.651515,6.0
13.550505,100.657576,7.0
13.550505,100.663636,4.0
13.550505,100.669697,5.0
13.550505,100.675758,5.0
13.550505,100.681818,2.0
13.550505,100.687879,1.0
13.550505,100.693939,3.0
13.550505,100.7,4.0
13.550505,100.706061,5.0
13.550505,100.712121,2.0
13.550505,100.718182,2.0
13.550505,100.724242,1.0
13.550505,100.730303,3.0
13.550505,100.736364,2.0
13.550505,100.742424,2.0
13.550505,100.748485,3.0
13.550505,100.754545,3.0
13.550505,100.760606,6.0
13.550505,100.766667,3.0
13.550505,100.772727,5.0
13.550505,100.778788,2.0
13.550505,100.784848,1.0
13.550505,100.790909,3.0
13.550505,100.79697,4.0
13.550505,100.80303,-1.0
13.550505,100.809091,2.0
13.550505,100.815152,5.0
13.550505,100.821212,2.0
13.550505,100.827273,2.0
13.550505,100.833333,3.0
13.550505,100.839394,1.0
13.550505,100.845455,3.0
13.550505,100.851515,2.0
13.550505,100.857576,4.0
13.550505,100.863636,5.0
13.550505,100.869697,2.0
13.550505,100.875758,3.0
13.550505,100.881818,1.0
13.550505,100.887879,2.0
13.550505,100.893939,3.0
13.550505,100.9,3.0
13.555556,100.3,8.0
13.555556,100.306061,4.0
13.555556,100.312121,3.0
13.555556,100.318182,2.0
13.555556,100.324242,6.0
13.555556,100.330303,5.0
13.555556,100.336364,5.0
13.555556,100.342424,4.0
13.555556,100.348485,4.0
13.555556,100.354545,-1.0
13.555556,100.360606,3.0
13.555556,100.366667,5.0
13.555556,100.372727,-1.0
13.555556,100.378788,-1.0
13.555556,100.384848,-1.0
13.555556,100.390909,2.0
13.555556,100.39697,5.0
13.555556,100.40303,1.0
13.555556,100.409091,5.0
13.555556,100.415152,1.0
13.555556,100.421212,5.0
13.555556,100.427273,5.0
13.555556,100.433333,5.0
13.555556,100.439394,1.0
13.555556,100.445455,3.0
13.555556,100.451515,1.0
13.555556,100.457576,5.0
13.555556,100.463636,3.0
13.555556,100.469697,2.0
13.555556,100.475758,1.0
13.555556,100.481818,3.0
13.555556,100.487879,5.0
13.555556,100.493939,7.0
13.555556,100.5,6.0
13.555556,100.506061,5.0
13.555556,100.512121,8.0
13.555556,100.518182,2.0
13.555556,100.524242,1.0
13.555556,100.530303,5.0
13.555556,100.536364,3.0
13.555556,100.542424,1.0
13.555556,100.548485,1.0
13.555556,100.554545,2.0
13.555556,100.560606,1.0
13.555556,100.566667,6.0
13.555556,100.572727,4.0
13.555556,100.578788,5.0
13.555556,100.584848,1.0
13.555556,100.590909,7.0
13.555556,100.59697,4.0
13.555556,100.60303,5.0
13.555556,100.609091,2.0
13.555556,100.615152,6.0
13.555556,100.621212,1.0
13.555556,100.627273,2.0
13.555556,100.633333,1.0
13.555556,100.639394,2.0
13.555556,100.645455,6.0
13.555556,100.651515,2.0
13.555556,100.657576,5.0
13.555556,100.663636,5.0
13.555556,100.669697,5.0
13.555556,100.675758,1.0
13.555556,100.681818,3.0
13.555556,100.687879,5.0
13.555556,100.693939,2.0
13.555556,100.7,1.0
13.555556,100.706061,6.0
13.555556,100.712121,1.0
13.555556,100.718182,4.0
13.555556,100.724242,1.0
13.555556,100.730303,5.0
13.555556,100.736364,2.0
13.555556,100.742424,-1.0
13.555556,100.748485,1.0
13.555556,100.754545,4.0
13.555556,100.760606,2.0
13.555556,100.766667,-1.0
13.555556,100.772727,-1.0
13.555556,100.778788,-1.0
13.555556,100.784848,4.0
13.555556,100.790909,4.0
13.555556,100.79697,1.0
13.555556,100.80303,3.0
13.555556,100.809091,5.0
13.555556,100.815152,4.0
13.555556,100.821212,5.0
13.555556,100.827273,2.0
13.555556,100.833333,4.0
13.555556,100.839394,2.0
13.555556,100.845455,2.0
13.555556,100.851515,4.0
13.555556,100.857576,2.0
13.555556,100.863636,6.0
13.555556,100.869697,2.0
13.555556,100.875758,1.0
13.555556,100.881818,1.0
13.555556,100.887879,2.0
13.555556,100.893939,3.0
13.555556,100.9,5.0
13.560606,100.3,3.0
13.560606,100.306061,5.0
13.560606,100.312121,6.0
13.560606,100.318182,5.0
13.560606,100.324242,2.0
13.560606,100.330303,3.0
13.560606,100.336364,3.0
13.560606,100.342424,2.0
13.560606,100.348485,2.0
13.560606,100.354545,5.0
13.560606,100.360606,3.0
13.560606,100.366667,-1.0
13.560606,100.372727,1.0
13.560606,100.378788,5.0
13.560606,100.384848,5.0
13.560606,100.390909,-3.0
13.560606,100.39697,-1.0
13.560606,100.40303,5.0
13.560606,100.409091,2.0
13.560606,100.415152,5.0
13.560606,100.421212,1.0
13.560606,100.427273,1.0
13.560606,100.433333,5.0
13.560606,100.439394,5.0
13.560606,100.445455,5.0
13.560606,100.451515,1.0
13.560606,100.457576,5.0
13.560606,100.463636,1.0
13.560606,100.469697,1.0
13.560606,100.475758,5.0
13.560606,100.481818,3.0
13.560606,100.487879,4.0
13.560606,100.493939,8.0
13.560606,100.5,1.0
13.560606,100.506061,6.0
13.560606,100.512121,1.0
13.560606,100.518182,5.0
13.560606,100.524242,6.0
13.560606,100.530303,3.0
13.560606,100.536364,3.0
13.560606,100.542424,5.0
13.560606,100.548485,5.0
13.560606,100.554545,1.0
13.560606,100.560606,2.0
13.560606,100.566667,4.0
13.560606,100.572727,2.0
13.560606,100.578788,5.0
13.560606,100.584848,3.0
13.560606,100.590909,8.0
13.560606,100.59697,1.0
13.560606,100.60303,7.0
13.560606,100.609091,6.0
13.560606,100.615152,6.0
13.560606,100.621212,5.0
13.560606,100.627273,3.0
13.560606,100.633333,3.0
13.560606,100.639394,2.0
13.560606,100.645455,7.0
13.560606,100.651515,-1.0
13.560606,100.657576,4.0
13.560606,100.663636,4.0
13.560606,100.669697,5.0
13.560606,100.675758,5.0
13.560606,100.681818,4.0
13.560606,100.687879,3.0
13.560606,100.693939,4.0
13.560606,100.7,3.0
13.560606,100.706061,3.0
13.560606,100.712121,1.0
13.560606,100.718182,1.0
13.560606,100.724242,2.0
13.560606,100.730303,1.0
13.560606,100.736364,2.0
13.560606,100.742424,2.0
13.560606,100.748485,1.0
13.560606,100.754545,5.0
13.560606,100.760606,5.0
13.560606,100.766667,3.0
13.560606,100.772727,1.0
13.560606,100.778788,11.0
13.560606,100.784848,-2.0
13.560606,100.790909,5.0
13.560606,100.79697,3.0
13.560606,100.80303,5.0
13.560606,100.809091,5.0
13.560606,100.815152,3.0
13.560606,100.821212,7.0
13.560606,100.827273,1.0
13.560606,100.833333,5.0
13.560606,100.839394,1.0
13.560606,100.845455,1.0
13.560606,100.851515,5.0
13.560606,100.857576,4.0
13.560606,100.863636,1.0
13.560606,100.869697,2.0
13.560606,100.875758,1.0
13.560606,100.881818,4.0
13.560606,100.887879,5.0
13.560606,100.893939,7.0
13.560606,100.9,2.0
13.565657,100.3,6.0
13.565657,100.306061,7.0
13.565657,100.312121,7.0
13.565657,100.318182,4.0
13.565657,100.324242,7.0
13.565657,100.330303,2.0
13.565657,100.336364,3.0
13.565657,100.342424,1.0
13.565657,100.348485,3.0
13.565657,100.354545,3.0
13.565657,100.360606,1.0
13.565657,100.366667,4.0
13.565657,100.372727,2.0
13.565657,100.378788,1.0
13.565657,100.384848,1.0
13.565657,100.390909,4.0
13.565657,100.39697,5.0
13.565657,100.40303,1.0
13.565657,100.409091,4.0
13.565657,100.415152,5.0
13.565657,100.421212,4.0
13.565657,100.427273,3.0
13.565657,100.433333,5.0
13.565657,100.439394,5.0
13.565657,100.445455,5.0
13.565657,100.451515,5.0
13.565657,100.457576,2.0
13.565657,100.463636,5.0
13.565657,100.469697,6.0
13.565657,100.475758,3.0
13.565657,100.481818,2.0
13.565657,100.487879,4.0
13.565657,100.493939,1.0
13.565657,100.5,1.0
13.565657,100.506061,3.0
13.565657,100.512121,5.0
13.565657,100.518182,5.0
13.565657,100.524242,5.0
13.565657,100.530303,1.0
13.565657,100.536364,7.0
13.565657,100.542424,4.0
13.565657,100.548485,3.0
13.565657,100.554545,4.0
13.565657,100.560606,2.0
13.565657,100.566667,3.0
13.565657,100.572727,4.0
13.565657,100.578788,5.0
13.565657,100.584848,4.0
13.565657,100.590909,2.0
13.565657,100.59697,2.0
13.565657,100.60303,7.0
13.565657,100.609091,4.0
13.565657,100.615152,4.0
13.565657,100.621212,4.0
13.565657,100.627273,-19.0
13.565657,100.633333,5.0
13.565657,100.639394,2.0
13.565657,100.645455,1.0
13.565657,100.651515,1.0
13.565657,100.657576,3.0
13.565657,100.663636,2.0
13.565657,100.669697,1.0
13.565657,100.675758,4.0
13.565657,100.681818,3.0
13.565657,100.687879,3.0
13.565657,100.693939,3.0
13.565657,100.7,5.0
13.565657,100.706061,4.0
13.565657,100.712121,1.0
13.565657,100.718182,1.0
13.565657,100.724242,6.0
13.565657,100.730303,3.0
13.565657,100.736364,2.0
13.565657,100.742424,3.0
13.565657,100.748485,5.0
13.565657,100.754545,1.0
13.565657,100.760606,3.0
13.565657,100.766667,4.0
13.565657,100.772727,5.0
13.565657,100.778788,3.0
13.565657,100.784848,-2.0
13.565657,100.790909,5.0
13.565657,100.79697,3.0
13.565657,100.80303,4.0
13.565657,100.809091,3.0
13.565657,100.815152,3.0
13.565657,100.821212,3.0
13.565657,100.827273,5.0
13.565657,100.833333,4.0
13.565657,100.839394,3.0
13.565657,100.845455,1.0
13.565657,100.851515,2.0
13.565657,100.857576,3.0
13.565657,100.863636,1.0
13.565657,100.869697,1.0
13.565657,100.875758,3.0
13.565657,100.881818,3.0
13.565657,100.887879,4.0
13.565657,100.893939,6.0
13.565657,100.9,3.0
13.570707,100.3,5.0
13.570707,100.306061,7.0
13.570707,100.312121,4.0
13.570707,100.318182,5.0
13.570707,100.324242,5.0
13.570707,100.330303,7.0
13.570707,100.336364,3.0
13.570707,100.342424,5.0
13.570707,100.348485,5.0
13.570707,100.354545,4.0
13.570707,100.360606,5.0
13.570707,100.366667,5.0
13.570707,100.372727,7.0
13.570707,100.378788,3.0
13.570707,100.384848,1.0
13.570707,100.390909,6.0
13.570707,100.39697,4.0
13.570707,100.40303,4.0
13.570707,100.409091,2.0
13.570707,100.415152,-1.0
13.570707,100.421212,-3.0
13.570707,100.427273,2.0
13.570707,100.433333,5.0
13.570707,100.439394,3.0
13.570707,100.445455,2.0
13.570707,100.451515,5.0
13.570707,100.457576,1.0
13.570707,100.463636,3.0
13.570707,100.469697,2.0
13.570707,100.475758,6.0
13.570707,100.481818,2.0
13.570707,100.487879,3.0
13.570707,100.493939,1.0
13.570707,100.5,1.0
13.570707,100.506061,5.0
13.570707,100.512121,8.0
13.570707,100.518182,4.0
13.570707,100.524242,2.0
13.570707,100.530303,5.0
13.570707,100.536364,1.0
13.570707,100.542424,3.0
13.570707,100.548485,5.0
13.570707,100.554545,3.0
13.570707,100.560606,1.0
13.570707,100.566667,4.0
13.570707,100.572727,5.0
13.570707,100.578788,5.0
13.570707,100.584848,7.0
13.570707,100.590909,3.0
13.570707,100.59697,7.0
13.570707,100.60303,2.0
13.570707,100.609091,5.0
13.570707,100.615152,4.0
13.570707,100.621212,3.0
13.570707,100.627273,2.0
13.570707,100.633333,2.0
13.570707,100.639394,5.0
13.570707,100.645455,3.0
13.570707,100.651515,7.0
13.570707,100.657576,5.0
13.570707,100.663636,2.0
13.570707,100.669697,5.0
13.570707,100.675758,2.0
13.570707,100.681818,3.0
13.570707,100.687879,2.0
13.570707,100.693939,1.0
13.570707,100.7,2.0
13.570707,100.706061,5.0
13.570707,100.712121,2.0
13.570707,100.718182,5.0
13.570707,100.724242,1.0
13.570707,100.730303,6.0
13.570707,100.736364,5.0
13.570707,100.742424,1.0
13.570707,100.748485,3.0
13.570707,100.754545,2.0
13.570707,100.760606,5.0
13.570707,100.766667,2.0
13.570707,100.772727,2.0
13.570707,100.778788,7.0
13.570707,100.784848,4.0
13.570707,100.790909,5.0
13.570707,100.79697,2.0
13.570707,100.80303,4.0
13.570707,100.809091,5.0
13.570707,100.815152,3.0
13.570707,100.821212,7.0
13.570707,100.827273,3.0
13.570707,100.833333,4.0
13.570707,100.839394,5.0
13.570707,100.845455,1.0
13.570707,100.851515,2.0
13.570707,100.857576,6.0
13.570707,100.863636,4.0
13.570707,100.869697,1.0
13.570707,100.875758,7.0
13.570707,100.881818,3.0
13.570707,100.887879,5.0
13.570707,100.893939,1.0
13.570707,100.9,4.0
13.575758,100.3,2.0
13.575758,100.306061,9.0
13.575758,100.312121,3.0
13.575758,100.318182,10.0
13.575758,100.324242,3.0
13.575758,100.330303,8.0
13.575758,100.336364,5.0
13.575758,100.342424,3.0
13.575758,100.348485,4.0
13.575758,100.354545,4.0
13.575758,100.360606,6.0
13.575758,100.366667,-1.0
13.575758,100.372727,3.0
13.575758,100.378788,3.0
13.575758,100.384848,3.0
13.575758,100.390909,1.0
13.575758,100.39697,3.0
13.575758,100.40303,5.0
13.575758,100.409091,5.0
13.575758,100.415152,2.0
13.575758,100.421212,2.0
13.575758,100.427273,2.0
13.575758,100.433333,5.0
13.575758,100.439394,5.0
13.575758,100.445455,2.0
13.575758,100.451515,3.0
13.575758,100.457576,-1.0
13.575758,100.463636,3.0
13.575758,100.469697,5.0
13.575758,100.475758,5.0
13.575758,100.481818,4.0
13.575758,100.487879,1.0
13.575758,100.493939,1.0
13.575758,100.5,7.0
13.575758,100.506061,2.0
13.575758,100.512121,2.0
13.575758,100.518182,4.0
13.575758,100.524242,-1.0
13.575758,100.530303,4.0
13.575758,100.536364,3.0
13.575758,100.542424,4.0
13.575758,100.548485,2.0
13.575758,100.554545,2.0
13.575758,100.560606,7.0
13.575758,100.566667,5.0
13.575758,100.572727,-11.0
13.575758,100.578788,5.0
13.575758,100.584848,3.0
13.575758,100.590909,5.0
13.575758,100.59697,6.0
13.575758,100.60303,6.0
13.575758,100.609091,4.0
13.575758,100.615152,2.0
13.575758,100.621212,1.0
13.575758,100.627273,1.0
13.575758,100.633333,3.0
13.575758,100.639394,5.0
13.575758,100.645455,8.0
13.575758,100.651515,6.0
13.575758,100.657576,2.0
13.575758,100.663636,2.0
13.575758,100.669697,1.0
13.575758,100.675758,3.0
13.575758,100.681818,2.0
13.575758,100.687879,3.0
13.575758,100.693939,4.0
13.575758,100.7,3.0
13.575758,100.706061,3.0
13.575758,100.712121,3.0
13.575758,100.718182,4.0
13.575758,100.724242,6.0
13.575758,100.730303,8.0
13.575758,100.736364,5.0
13.575758,100.742424,3.0
13.575758,100.748485,3.0
13.575758,100.754545,3.0
13.575758,100.760606,1.0
13.575758,100.766667,1.0
13.575758,100.772727,7.0
13.575758,100.778788,2.0
13.575758,100.784848,4.0
13.575758,100.790909,5.0
13.575758,100.79697,7.0
13.575758,100.80303,7.0
13.575758,100.809091,5.0
13.575758,100.815152,5.0
13.575758,100.821212,5.0
13.575758,100.827273,4.0
13.575758,100.833333,1.0
13.575758,100.839394,6.0
13.575758,100.845455,4.0
13.575758,100.851515,5.0
13.575758,100.857576,5.0
13.575758,100.863636,3.0
13.575758,100.869697,2.0
13.575758,100.875758,3.0
13.575758,100.881818,3.0
13.575758,100.887879,1.0
13.575758,100.893939,12.0
13.575758,100.9,5.0
13.580808,100.3,7.0
13.580808,100.306061,4.0
13.580808,100.312121,4.0
13.580808,100.318182,6.0
13.580808,100.324242,4.0
13.580808,100.330303,2.0
13.580808,100.336364,4.0
13.580808,100.342424,5.0
13.580808,100.348485,-2.0
13.580808,100.354545,1.0
13.580808,100.360606,4.0
13.580808,100.366667,3.0
13.580808,100.372727,4.0
13.580808,100.378788,1.0
13.580808,100.384848,3.0
13.580808,100.390909,2.0
13.580808,100.39697,1.0
13.580808,100.40303,3.0
13.580808,100.409091,5.0
13.580808,100.415152,3.0
13.580808,100.421212,3.0
13.580808,100.427273,3.0
13.580808,100.433333,5.0
13.580808,100.439394,5.0
13.580808,100.445455,4.0
13.580808,100.451515,2.0
13.580808,100.457576,5.0
13.580808,100.463636,5.0
13.580808,100.469697,2.0
13.580808,100.475758,3.0
13.580808,100.481818,1.0
13.580808,100.487879,1.0
13.580808,100.493939,4.0
13.580808,100.5,4.0
13.580808,100.506061,5.0
13.580808,100.512121,5.0
13.580808,100.518182,1.0
13.580808,100.524242,2.0
13.580808,100.530303,3.0
13.580808,100.536364,2.0
13.580808,100.542424,5.0
13.580808,100.548485,6.0
13.580808,100.554545,3.0
13.580808,100.560606,5.0
13.580808,100.566667,4.0
13.580808,100.572727,7.0
13.580808,100.578788,3.0
13.580808,100.584848,5.0
13.580808,100.590909,3.0
13.580808,100.59697,9.0
13.580808,100.60303,4.0
13.580808,100.609091,3.0
13.580808,100.615152,2.0
13.580808,100.621212,6.0
13.580808,100.627273,5.0
13.580808,100.633333,-2.0
13.580808,100.639394,4.0
13.580808,100.645455,4.0
13.580808,100.651515,4.0
13.580808,100.657576,6.0
13.580808,100.663636,5.0
13.580808,100.669697,5.0
13.580808,100.675758,5.0
13.580808,100.681818,5.0
13.580808,100.687879,1.0
13.580808,100.693939,2.0
13.580808,100.7,5.0
13.580808,100.706061,3.0
13.580808,100.712121,4.0
13.580808,100.718182,2.0
13.580808,100.724242,1.0
13.580808,100.730303,7.0
13.580808,100.736364,3.0
13.580808,100.742424,6.0
13.580808,100.748485,5.0
13.580808,100.754545,4.0
13.580808,100.760606,5.0
13.580808,100.766667,3.0
13.580808,100.772727,4.0
13.580808,100.778788,2.0
13.580808,100.784848,7.0
13.580808,100.790909,2.0
13.580808,100.79697,6.0
13.580808,100.80303,1.0
13.580808,100.809091,4.0
13.580808,100.815152,2.0
13.580808,100.821212,5.0
13.580808,100.827273,1.0
13.580808,100.833333,2.0
13.580808,100.839394,-2.0
13.580808,100.845455,7.0
13.580808,100.851515,3.0
13.580808,100.857576,2.0
13.580808,100.863636,4.0
13.580808,100.869697,2.0
13.580808,100.875758,1.0
13.580808,100.881818,2.0
13.580808,100.887879,5.0
13.580808,100.893939,2.0
13.580808,100.9,2.0
13.585859,100.3,6.0
13.585859,100.306061,3.0
13.585859,100.312121,5.0
13.585859,100.318182,5.0
13.585859,100.324242,4.0
13.585859,100.330303,7.0
13.585859,100.336364,3.0
13.585859,100.342424,2.0
13.585859,100.348485,3.0
13.585859,100.354545,4.0
13.585859,100.360606,5.0
13.585859,100.366667,4.0
13.585859,100.372727,3.0
13.585859,100.378788,4.0
13.585859,100.384848,2.0
13.585859,100.390909,2.0
13.585859,100.39697,-1.0
13.585859,100.40303,1.0
13.585859,100.409091,4.0
13.585859,100.415152,3.0
13.585859,100.421212,2.0
13.585859,100.427273,4.0
13.585859,100.433333,5.0
13.585859,100.439394,5.0
13.585859,100.445455,5.0
13.585859,100.451515,5.0
13.585859,100.457576,3.0
13.585859,100.463636,5.0
13.585859,100.469697,4.0
13.585859,100.475758,4.0
13.585859,100.481818,4.0
13.585859,100.487879,2.0
13.585859,100.493939,5.0
13.585859,100.5,1.0
13.585859,100.506061,5.0
13.585859,100.512121,5.0
13.585859,100.518182,2.0
13.585859,100.524242,1.0
13.585859,100.530303,1.0
13.585859,100.536364,2.0
13.585859,100.542424,2.0
13.585859,100.548485,6.0
13.585859,100.554545,5.0
13.585859,100.560606,5.0
13.585859,100.566667,2.0
13.585859,100.572727,3.0
13.585859,100.578788,2.0
13.585859,100.584848,5.0
13.585859,100.590909,5.0
13.585859,100.59697,2.0
13.585859,100.60303,2.0
13.585859,100.609091,5.0
13.585859,100.615152,5.0
13.585859,100.621212,5.0
13.585859,100.627273,2.0
13.585859,100.633333,1.0
13.585859,100.639394,3.0
13.585859,100.645455,3.0
13.585859,100.651515,3.0
13.585859,100.657576,4.0
13.585859,100.663636,4.0
13.585859,100.669697,1.0
13.585859,100.675758,2.0
13.585859,100.681818,-1.0
13.585859,100.687879,3.0
13.585859,100.693939,5.0
13.585859,100.7,6.0
13.585859,100.706061,3.0
13.585859,100.712121,4.0
13.585859,100.718182,3.0
13.585859,100.724242,6.0
13.585859,100.730303,6.0
13.585859,100.736364,7.0
13.585859,100.742424,5.0
13.585859,100.748485,4.0
13.585859,100.754545,3.0
13.585859,100.760606,1.0
13.585859,100.766667,5.0
13.585859,100.772727,6.0
13.585859,100.778788,4.0
13.585859,100.784848,4.0
13.585859,100.790909,5.0
13.585859,100.79697,6.0
13.585859,100.80303,5.0
13.585859,100.809091,5.0
13.585859,100.815152,8.0
13.585859,100.821212,2.0
13.585859,100.827273,5.0
13.585859,100.833333,3.0
13.585859,100.839394,9.0
13.585859,100.845455,4.0
13.585859,100.851515,6.0
13.585859,100.857576,3.0
13.585859,100.863636,3.0
13.585859,100.869697,2.0
13.585859,100.875758,2.0
13.585859,100.881818,2.0
13.585859,100.887879,2.0
13.585859,100.893939,1.0
13.585859,100.9,1.0
13.590909,100.3,7.0
13.590909,100.306061,2.0
13.590909,100.312121,7.0
13.590909,100.318182,3.0
13.590909,100.324242,4.0
13.590909,100.330303,3.0
13.590909,100.336364,5.0
13.590909,100.342424,4.0
13.590909,100.348485,1.0
13.590909,100.354545,3.0
13.590909,100.360606,5.0
13.590909,100.366667,2.0
13.590909,100.372727,1.0
13.590909,100.378788,3.0
13.590909,100.384848,5.0
13.590909,100.390909,3.0
13.590909,100.39697,4.0
13.590909,100.40303,4.0
13.590909,100.409091,3.0
13.590909,100.415152,4.0
13.590909,100.421212,1.0
13.590909,100.427273,2.0
13.590909,100.433333,5.0
13.590909,100.439394,5.0
13.590909,100.445455,5.0
13.590909,100.451515,4.0
13.590909,100.457576,-1.0
13.590909,100.463636,2.0
13.590909,100.469697,3.0
13.590909,100.475758,4.0
13.590909,100.481818,6.0
13.590909,100.487879,3.0
13.590909,100.493939,3.0
13.590909,100.5,1.0
13.590909,100.506061,1.0
13.590909,100.512121,5.0
13.590909,100.518182,5.0
13.590909,100.524242,-1.0
13.590909,100.530303,2.0
13.590909,100.536364,-1.0
13.590909,100.542424,6.0
13.590909,100.548485,8.0
13.590909,100.554545,7.0
13.590909,100.560606,8.0
13.590909,100.566667,4.0
13.590909,100.572727,3.0
13.590909,100.578788,8.0
13.590909,100.584848,6.0
13.590909,100.590909,5.0
13.590909,100.59697,4.0
13.590909,100.60303,5.0
13.590909,100.609091,8.0
13.590909,100.615152,5.0
13.590909,100.621212,2.0
13.590909,100.627273,4.0
13.590909,100.633333,3.0
13.590909,100.639394,2.0
13.590909,100.645455,1.0
13.590909,100.651515,4.0
13.590909,100.657576,5.0
13.590909,100.663636,2.0
13.590909,100.669697,3.0
13.590909,100.675758,5.0
13.590909,100.681818,2.0
13.590909,100.687879,5.0
13.590909,100.693939,4.0
13.590909,100.7,3.0
13.590909,100.706061,3.0
13.590909,100.712121,1.0
13.590909,100.718182,1.0
13.590909,100.724242,7.0
13.590909,100.730303,3.0
13.590909,100.736364,2.0
13.590909,100.742424,2.0
13.590909,100.748485,3.0
13.590909,100.754545,3.0
13.590909,100.760606,10.0
13.590909,100.766667,5.0
13.590909,100.772727,7.0
13.590909,100.778788,5.0
13.590909,100.784848,3.0
13.590909,100.790909,2.0
13.590909,100.79697,2.0
13.590909,100.80303,1.0
13.590909,100.809091,1.0
13.590909,100.815152,4.0
13.590909,100.821212,8.0
13.590909,100.827273,8.0
13.590909,100.833333,1.0
13.590909,100.839394,5.0
13.590909,100.845455,3.0
13.590909,100.851515,4.0
13.590909,100.857576,3.0
13.590909,100.863636,-2.0
13.590909,100.869697,1.0
13.590909,100.875758,2.0
13.590909,100.881818,4.0
13.590909,100.887879,3.0
13.590909,100.893939,5.0
13.590909,100.9,-1.0
13.59596,100.3,3.0
13.59596,100.306061,2.0
13.59596,100.312121,2.0
13.59596,100.318182,3.0
13.59596,100.324242,4.0
13.59596,100.330303,6.0
13.59596,100.336364,5.0
13.59596,100.342424,3.0
13.59596,100.348485,4.0
13.59596,100.354545,4.0
13.59596,100.360606,5.0
13.59596,100.366667,4.0
13.59596,100.372727,4.0
13.59596,100.378788,1.0
13.59596,100.384848,5.0
13.59596,100.390909,5.0
13.59596,100.39697,6.0
13.59596,100.40303,6.0
13.59596,100.409091,3.0
13.59596,100.415152,5.0
13.59596,100.421212,2.0
13.59596,100.427273,-1.0
13.59596,100.433333,3.0
13.59596,100.439394,5.0
13.59596,100.445455,5.0
13.59596,100.451515,6.0
13.59596,100.457576,4.0
13.59596,100.463636,4.0
13.59596,100.469697,5.0
13.59596,100.475758,2.0
13.59596,100.481818,4.0
13.59596,100.487879,2.0
13.59596,100.493939,4.0
13.59596,100.5,3.0
13.59596,100.506061,3.0
13.59596,100.512121,5.0
13.59596,100.518182,4.0
13.59596,100.524242,-1.0
13.59596,100.530303,-1.0
13.59596,100.536364,3.0
13.59596,100.542424,5.0
13.59596,100.548485,10.0
13.59596,100.554545,5.0
13.59596,100.560606,8.0
13.59596,100.566667,4.0
13.59596,100.572727,5.0
13.59596,100.578788,4.0
13.59596,100.584848,10.0
13.59596,100.590909,5.0
13.59596,100.59697,7.0
13.59596,100.60303,9.0
13.59596,100.609091,4.0
13.59596,100.615152,6.0
13.59596,100.621212,6.0
13.59596,100.627273,2.0
13.59596,100.633333,5.0
13.59596,100.639394,1.0
13.59596,100.645455,3.0
13.59596,100.651515,4.0
13.59596,100.657576,4.0
13.59596,100.663636,2.0
13.59596,100.669697,1.0
13.59596,100.675758,3.0
13.59596,100.681818,3.0
13.59596,100.687879,5.0
13.59596,100.693939,4.0
13.59596,100.7,2.0
13.59596,100.706061,4.0
13.59596,100.712121,5.0
13.59596,100.718182,3.0
13.59596,100.724242,5.0
13.59596,100.730303,5.0
13.59596,100.736364,6.0
13.59596,100.742424,2.0
13.59596,100.748485,3.0
13.59596,100.754545,6.0
13.59596,100.760606,3.0
13.59596,100.766667,6.0
13.59596,100.772727,4.0
13.59596,100.778788,4.0
13.59596,100.784848,3.0
13.59596,100.790909,4.0
13.59596,100.79697,8.0
13.59596,100.80303,12.0
13.59596,100.809091,4.0
13.59596,100.815152,2.0
13.59596,100.821212,4.0
13.59596,100.827273,5.0
13.59596,100.833333,4.0
13.59596,100.839394,5.0
13.59596,100.845455,6.0
13.59596,100.851515,1.0
13.59596,100.857576,4.0
13.59596,100.863636,4.0
13.59596,100.869697,4.0
13.59596,100.875758,3.0
13.59596,100.881818,4.0
13.59596,100.887879,3.0
13.59596,100.893939,5.0
13.59596,100.9,2.0
13.60101,100.3,4.0
13.60101,100.306061,2.0
13.60101,100.312121,4.0
13.60101,100.318182,5.0
13.60101,100.324242,4.0
13.60101,100.330303,6.0
13.60101,100.336364,3.0
13.60101,100.342424,8.0
13.60101,100.348485,5.0
13.60101,100.354545,3.0
13.60101,100.360606,3.0
13.60101,100.366667,1.0
13.60101,100.372727,5.0
13.60101,100.378788,5.0
13.60101,100.384848,5.0
13.60101,100.390909,7.0
13.60101,100.39697,7.0
13.60101,100.40303,4.0
13.60101,100.409091,6.0
13.60101,100.415152,1.0
13.60101,100.421212,4.0
13.60101,100.427273,3.0
13.60101,100.433333,7.0
13.60101,100.439394,5.0
13.60101,100.445455,5.0
13.60101,100.451515,2.0
13.60101,100.457576,-1.0
13.60101,100.463636,5.0
13.60101,100.469697,5.0
13.60101,100.475758,8.0
13.60101,100.481818,5.0
13.60101,100.487879,5.0
13.60101,100.493939,7.0
13.60101,100.5,4.0
13.60101,100.506061,4.0
13.60101,100.512121,6.0
13.60101,100.518182,2.0
13.60101,100.524242,5.0
13.60101,100.530303,1.0
13.60101,100.536364,-2.0
13.60101,100.542424,4.0
13.60101,100.548485,8.0
13.60101,100.554545,6.0
13.60101,100.560606,3.0
13.60101,100.566667,2.0
13.60101,100.572727,5.0
13.60101,100.578788,2.0
13.60101,100.584848,5.0
13.60101,100.590909,5.0
13.60101,100.59697,5.0
13.60101,100.60303,4.0
13.60101,100.609091,5.0
13.60101,100.615152,5.0
13.60101,100.621212,6.0
13.60101,100.627273,2.0
13.60101,100.633333,2.0
13.60101,100.639394,1.0
13.60101,100.645455,1.0
13.60101,100.651515,3.0
13.60101,100.657576,1.0
13.60101,100.663636,3.0
13.60101,100.669697,5.0
13.60101,100.675758,4.0
13.60101,100.681818,2.0
13.60101,100.687879,3.0
13.60101,100.693939,1.0
13.60101,100.7,-2.0
13.60101,100.706061,2.0
13.60101,100.712121,3.0
13.60101,100.718182,9.0
13.60101,100.724242,2.0
13.60101,100.730303,4.0
13.60101,100.736364,3.0
13.60101,100.742424,7.0
13.60101,100.748485,4.0
13.60101,100.754545,1.0
13.60101,100.760606,4.0
13.60101,100.766667,-2.0
13.60101,100.772727,1.0
13.60101,100.778788,6.0
13.60101,100.784848,2.0
13.60101,100.790909,7.0
13.60101,100.79697,1.0
13.60101,100.80303,-5.0
13.60101,100.809091,6.0
13.60101,100.815152,1.0
13.60101,100.821212,1.0
13.60101,100.827273,6.0
13.60101,100.833333,3.0
13.60101,100.839394,6.0
13.60101,100.845455,2.0
13.60101,100.851515,2.0
13.60101,100.857576,5.0
13.60101,100.863636,1.0
13.60101,100.869697,5.0
13.60101,100.875758,4.0
13.60101,100.881818,2.0
13.60101,100.887879,3.0
13.60101,100.893939,5.0
13.60101,100.9,2.0
13.606061,100.3,3.0
13.606061,100.306061,5.0
13.606061,100.312121,4.0
13.606061,100.318182,2.0
13.606061,100.324242,4.0
13.606061,100.330303,4.0
13.606061,100.336364,4.0
13.606061,100.342424,7.0
13.606061,100.348485,1.0
13.606061,100.354545,2.0
13.606061,100.360606,2.0
13.606061,100.366667,5.0
13.606061,100.372727,5.0
13.606061,100.378788,1.0
13.606061,100.384848,5.0
13.606061,100.390909,6.0
13.606061,100.39697,9.0
13.606061,100.40303,3.0
13.606061,100.409091,6.0
13.606061,100.415152,4.0
13.606061,100.421212,6.0
13.606061,100.427273,4.0
13.606061,100.433333,9.0
13.606061,100.439394,6.0
13.606061,100.445455,4.0
13.606061,100.451515,-1.0
13.606061,100.457576,2.0
13.606061,100.463636,5.0
13.606061,100.469697,3.0
13.606061,100.475758,4.0
13.606061,100.481818,2.0
13.606061,100.487879,6.0
13.606061,100.493939,3.0
13.606061,100.5,2.0
13.606061,100.506061,8.0
13.606061,100.512121,1.0
13.606061,100.518182,5.0
13.606061,100.524242,5.0
13.606061,100.530303,8.0
13.606061,100.536364,4.0
13.606061,100.542424,6.0
13.606061,100.548485,8.0
13.606061,100.554545,3.0
13.606061,100.560606,7.0
13.606061,100.566667,7.0
13.606061,100.572727,7.0
13.606061,100.578788,7.0
13.606061,100.584848,7.0
13.606061,100.590909,5.0
13.606061,100.59697,5.0
13.606061,100.60303,4.0
13.606061,100.609091,5.0
13.606061,100.615152,4.0
13.606061,100.621212,4.0
13.606061,100.627273,3.0
13.606061,100.633333,5.0
13.606061,100.639394,2.0
13.606061,100.645455,4.0
13.606061,100.651515,3.0
13.606061,100.657576,5.0
13.606061,100.663636,4.0
13.606061,100.669697,3.0
13.606061,100.675758,2.0
13.606061,100.681818,5.0
13.606061,100.687879,5.0
13.606061,100.693939,3.0
13.606061,100.7,5.0
13.606061,100.706061,5.0
13.606061,100.712121,2.0
13.606061,100.718182,5.0
13.606061,100.724242,4.0
13.606061,100.730303,2.0
13.606061,100.736364,1.0
13.606061,100.742424,5.0
13.606061,100.748485,3.0
13.606061,100.754545,4.0
13.606061,100.760606,6.0
13.606061,100.766667,5.0
13.606061,100.772727,8.0
13.606061,100.778788,-1.0
13.606061,100.784848,4.0
13.606061,100.790909,6.0
13.606061,100.79697,11.0
13.606061,100.80303,5.0
13.606061,100.809091,5.0
13.606061,100.815152,4.0
13.606061,100.821212,4.0
13.606061,100.827273,2.0
13.606061,100.833333,-1.0
13.606061,100.839394,4.0
13.606061,100.845455,5.0
13.606061,100.851515,2.0
13.606061,100.857576,5.0
13.606061,100.863636,1.0
13.606061,100.869697,4.0
13.606061,100.875758,-1.0
13.606061,100.881818,1.0
13.606061,100.887879,5.0
13.606061,100.893939,5.0
13.606061,100.9,5.0
13.611111,100.3,4.0
13.611111,100.306061,5.0
13.611111,100.312121,1.0
13.611111,100.318182,3.0
13.611111,100.324242,2.0
13.611111,100.330303,6.0
13.611111,100.336364,3.0
13.611111,100.342424,4.0
13.611111,100.348485,4.0
13.611111,100.354545,8.0
13.611111,100.360606,2.0
13.611111,100.366667,5.0
13.611111,100.372727,7.0
13.611111,100.378788,5.0
13.611111,100.384848,5.0
13.611111,100.390909,7.0
13.611111,100.39697,-1.0
13.611111,100.40303,3.0
13.611111,100.409091,5.0
13.611111,100.415152,6.0
13.611111,100.421212,5.0
13.611111,100.427273,5.0
13.611111,100.433333,3.0
13.611111,100.439394,3.0
13.611111,100.445455,1.0
13.611111,100.451515,5.0
13.611111,100.457576,3.0
13.611111,100.463636,3.0
13.611111,100.469697,4.0
13.611111,100.475758,4.0
13.611111,100.481818,4.0
13.611111,100.487879,5.0
13.611111,100.493939,2.0
13.611111,100.5,3.0
13.611111,100.506061,2.0
13.611111,100.512121,3.0
13.611111,100.518182,2.0
13.611111,100.524242,5.0
13.611111,100.530303,7.0
13.611111,100.536364,5.0
13.611111,100.542424,6.0
13.611111,100.548485,7.0
13.611111,100.554545,8.0
13.611111,100.560606,5.0
13.611111,100.566667,5.0
13.611111,100.572727,5.0
13.611111,100.578788,5.0
13.611111,100.584848,5.0
13.611111,100.590909,5.0
13.611111,100.59697,5.0
13.611111,100.60303,5.0
13.611111,100.609091,4.0
13.611111,100.615152,3.0
13.611111,100.621212,5.0
13.611111,100.627273,6.0
13.611111,100.633333,4.0
13.611111,100.639394,3.0
13.611111,100.645455,5.0
13.611111,100.651515,5.0
13.611111,100.657576,5.0
13.611111,100.663636,2.0
13.611111,100.669697,4.0
13.611111,100.675758,3.0
13.611111,100.681818,3.0
13.611111,100.687879,3.0
13.611111,100.693939,3.0
13.611111,100.7,3.0
13.611111,100.706061,5.0
13.611111,100.712121,6.0
13.611111,100.718182,5.0
13.611111,100.724242,6.0
13.611111,100.730303,5.0
13.611111,100.736364,3.0
13.611111,100.742424,4.0
13.611111,100.748485,1.0
13.611111,100.754545,8.0
13.611111,100.760606,8.0
13.611111,100.766667,7.0
13.611111,100.772727,5.0
13.611111,100.778788,2.0
13.611111,100.784848,-4.0
13.611111,100.790909,2.0
13.611111,100.79697,3.0
13.611111,100.80303,7.0
13.611111,100.809091,3.0
13.611111,100.815152,3.0
13.611111,100.821212,6.0
13.611111,100.827273,2.0
13.611111,100.833333,4.0
13.611111,100.839394,5.0
13.611111,100.845455,2.0
13.611111,100.851515,3.0
13.611111,100.857576,2.0
13.611111,100.863636,1.0
13.611111,100.869697,2.0
13.611111,100.875758,3.0
13.611111,100.881818,2.0
13.611111,100.887879,4.0
13.611111,100.893939,-1.0
13.611111,100.9,3.0
13.616162,100.3,5.0
13.616162,100.306061,4.0
13.616162,100.312121,4.0
13.616162,100.318182,5.0
13.616162,100.324242,4.0
13.616162,100.330303,2.0
13.616162,100.336364,1.0
13.616162,100.342424,1.0
13.616162,100.348485,4.0
13.616162,100.354545,4.0
13.616162,100.360606,3.0
13.616162,100.366667,5.0
13.616162,100.372727,3.0
13.616162,100.378788,3.0
13.616162,100.384848,1.0
13.616162,100.390909,3.0
13.616162,100.39697,5.0
13.616162,100.40303,6.0
13.616162,100.409091,3.0
13.616162,100.415152,-3.0
13.616162,100.421212,5.0
13.616162,100.427273,5.0
13.616162,100.433333,7.0
13.616162,100.439394,2.0
13.616162,100.445455,5.0
13.616162,100.451515,3.0
13.616162,100.457576,2.0
13.616162,100.463636,6.0
13.616162,100.469697,1.0
13.616162,100.475758,4.0
13.616162,100.481818,3.0
13.616162,100.487879,2.0
13.616162,100.493939,3.0
13.616162,100.5,4.0
13.616162,100.506061,8.0
13.616162,100.512121,5.0
13.616162,100.518182,3.0
13.616162,100.524242,6.0
13.616162,100.530303,11.0
13.616162,100.536364,2.0
13.616162,100.542424,7.0
13.616162,100.548485,7.0
13.616162,100.554545,5.0
13.616162,100.560606,4.0
13.616162,100.566667,4.0
13.616162,100.572727,8.0
13.616162,100.578788,9.0
13.616162,100.584848,9.0
13.616162,100.590909,4.0
13.616162,100.59697,6.0
13.616162,100.60303,5.0
13.616162,100.609091,5.0
13.616162,100.615152,1.0
13.616162,100.621212,8.0
13.616162,100.627273,6.0
13.616162,100.633333,2.0
13.616162,100.639394,8.0
13.616162,100.645455,4.0
13.616162,100.651515,6.0
13.616162,100.657576,8.0
13.616162,100.663636,3.0
13.616162,100.669697,3.0
13.616162,100.675758,4.0
13.616162,100.681818,5.0
13.616162,100.687879,2.0
13.616162,100.693939,2.0
13.616162,100.7,2.0
13.616162,100.706061,-1.0
13.616162,100.712121,1.0
13.616162,100.718182,6.0
13.616162,100.724242,5.0
13.616162,100.730303,4.0
13.616162,100.736364,2.0
13.616162,100.742424,8.0
13.616162,100.748485,10.0
13.616162,100.754545,7.0
13.616162,100.760606,4.0
13.616162,100.766667,3.0
13.616162,100.772727,5.0
13.616162,100.778788,3.0
13.616162,100.784848,1.0
13.616162,100.790909,3.0
13.616162,100.79697,-1.0
13.616162,100.80303,2.0
13.616162,100.809091,-3.0
13.616162,100.815152,5.0
13.616162,100.821212,1.0
13.616162,100.827273,5.0
13.616162,100.833333,5.0
13.616162,100.839394,5.0
13.616162,100.845455,4.0
13.616162,100.851515,4.0
13.616162,100.857576,4.0
13.616162,100.863636,5.0
13.616162,100.869697,-1.0
13.616162,100.875758,3.0
13.616162,100.881818,7.0
13.616162,100.887879,1.0
13.616162,100.893939,2.0
13.616162,100.9,4.0
13.621212,100.3,5.0
13.621212,100.306061,1.0
13.621212,100.312121,2.0
13.621212,100.318182,-16.0
13.621212,100.324242,4.0
13.621212,100.330303,-2.0
13.621212,100.336364,-14.0
13.621212,100.342424,3.0
13.621212,100.348485,6.0
13.621212,100.354545,6.0
13.621212,100.360606,6.0
13.621212,100.366667,2.0
13.621212,100.372727,5.0
13.621212,100.378788,4.0
13.621212,100.384848,3.0
13.621212,100.390909,4.0
13.621212,100.39697,6.0
13.621212,100.40303,7.0
13.621212,100.409091,7.0
13.621212,100.415152,2.0
13.621212,100.421212,7.0
13.621212,100.427273,7.0
13.621212,100.433333,5.0
13.621212,100.439394,4.0
13.621212,100.445455,7.0
13.621212,100.451515,2.0
13.621212,100.457576,3.0
13.621212,100.463636,5.0
13.621212,100.469697,2.0
13.621212,100.475758,2.0
13.621212,100.481818,4.0
13.621212,100.487879,3.0
13.621212,100.493939,3.0
13.621212,100.5,3.0
13.621212,100.506061,4.0
13.621212,100.512121,5.0
13.621212,100.518182,6.0
13.621212,100.524242,8.0
13.621212,100.530303,5.0
13.621212,100.536364,6.0
13.621212,100.542424,6.0
13.621212,100.548485,5.0
13.621212,100.554545,7.0
13.621212,100.560606,10.0
13.621212,100.566667,4.0
13.621212,100.572727,5.0
13.621212,100.578788,7.0
13.621212,100.584848,10.0
13.621212,100.590909,5.0
13.621212,100.59697,4.0
13.621212,100.60303,4.0
13.621212,100.609091,3.0
13.621212,100.615152,4.0
13.621212,100.621212,8.0
13.621212,100.627273,6.0
13.621212,100.633333,6.0
13.621212,100.639394,4.0
13.621212,100.645455,5.0
13.621212,100.651515,4.0
13.621212,100.657576,6.0
13.621212,100.663636,1.0
13.621212,100.669697,2.0
13.621212,100.675758,5.0
13.621212,100.681818,4.0
13.621212,100.687879,1.0
13.621212,100.693939,5.0
13.621212,100.7,3.0
13.621212,100.706061,5.0
13.621212,100.712121,7.0
13.621212,100.718182,5.0
13.621212,100.724242,4.0
13.621212,100.730303,4.0
13.621212,100.736364,4.0
13.621212,100.742424,4.0
13.621212,100.748485,4.0
13.621212,100.754545,5.0
13.621212,100.760606,4.0
13.621212,100.766667,5.0
13.621212,100.772727,4.0
13.621212,100.778788,5.0
13.621212,100.784848,8.0
13.621212,100.790909,2.0
13.621212,100.79697,3.0
13.621212,100.80303,3.0
13.621212,100.809091,5.0
13.621212,100.815152,3.0
13.621212,100.821212,2.0
13.621212,100.827273,3.0
13.621212,100.833333,3.0
13.621212,100.839394,4.0
13.621212,100.845455,4.0
13.621212,100.851515,2.0
13.621212,100.857576,3.0
13.621212,100.863636,4.0
13.621212,100.869697,5.0
13.621212,100.875758,4.0
13.621212,100.881818,3.0
13.621212,100.887879,-1.0
13.621212,100.893939,2.0
13.621212,100.9,1.0
13.626263,100.3,2.0
13.626263,100.306061,8.0
13.626263,100.312121,2.0
13.626263,100.318182,3.0
13.626263,100.324242,5.0
13.626263,100.330303,4.0
13.626263,100.336364,4.0
13.626263,100.342424,2.0
13.626263,100.348485,1.0
13.626263,100.354545,3.0
13.626263,100.360606,5.0
13.626263,100.366667,3.0
13.626263,100.372727,5.0
13.626263,100.378788,7.0
13.626263,100.384848,3.0
13.626263,100.390909,6.0
13.626263,100.39697,4.0
13.626263,100.40303,6.0
13.626263,100.409091,5.0
13.626263,100.415152,3.0
13.626263,100.421212,5.0
13.626263,100.427273,4.0
13.626263,100.433333,6.0
13.626263,100.439394,2.0
13.626263,100.445455,3.0
13.626263,100.451515,4.0
13.626263,100.457576,3.0
13.626263,100.463636,3.0
13.626263,100.469697,3.0
13.626263,100.475758,8.0
13.626263,100.481818,3.0
13.626263,100.487879,4.0
13.626263,100.493939,1.0
13.626263,100.5,2.0
13.626263,100.506061,7.0
13.626263,100.512121,5.0
13.626263,100.518182,7.0
13.626263,100.524242,5.0
13.626263,100.530303,6.0
13.626263,100.536364,4.0
13.626263,100.542424,5.0
13.626263,100.548485,3.0
13.626263,100.554545,4.0
13.626263,100.560606,7.0
13.626263,100.566667,6.0
13.626263,100.572727,9.0
13.626263,100.578788,6.0
13.626263,100.584848,3.0
13.626263,100.590909,5.0
13.626263,100.59697,3.0
13.626263,100.60303,6.0
13.626263,100.609091,6.0
13.626263,100.615152,4.0
13.626263,100.621212,2.0
13.626263,100.627273,6.0
13.626263,100.633333,3.0
13.626263,100.639394,3.0
13.626263,100.645455,7.0
13.626263,100.651515,3.0
13.626263,100.657576,3.0
13.626263,100.663636,2.0
13.626263,100.669697,4.0
13.626263,100.675758,6.0
13.626263,100.681818,3.0
13.626263,100.687879,3.0
13.626263,100.693939,4.0
13.626263,100.7,3.0
13.626263,100.706061,3.0
13.626263,100.712121,-1.0
13.626263,100.718182,4.0
13.626263,100.724242,9.0
13.626263,100.730303,6.0
13.626263,100.736364,3.0
13.626263,100.742424,2.0
13.626263,100.748485,4.0
13.626263,100.754545,4.0
13.626263,100.760606,6.0
13.626263,100.766667,5.0
13.626263,100.772727,3.0
13.626263,100.778788,6.0
13.626263,100.784848,10.0
13.626263,100.790909,3.0
13.626263,100.79697,1.0
13.626263,100.80303,3.0
13.626263,100.809091,1.0
13.626263,100.815152,3.0
13.626263,100.821212,5.0
13.626263,100.827273,3.0
13.626263,100.833333,5.0
13.626263,100.839394,2.0
13.626263,100.845455,2.0
13.626263,100.851515,1.0
13.626263,100.857576,2.0
13.626263,100.863636,4.0
13.626263,100.869697,2.0
13.626263,100.875758,3.0
13.626263,100.881818,-3.0
13.626263,100.887879,3.0
13.626263,100.893939,4.0
13.626263,100.9,4.0
13.631313,100.3,3.0
13.631313,100.306061,6.0
13.631313,100.312121,4.0
13.631313,100.318182,3.0
13.631313,100.324242,4.0
13.631313,100.330303,1.0
13.631313,100.336364,7.0
13.631313,100.342424,8.0
13.631313,100.348485,5.0
13.631313,100.354545,7.0
13.631313,100.360606,3.0
13.631313,100.366667,4.0
13.631313,100.372727,3.0
13.631313,100.378788,4.0
13.631313,100.384848,-1.0
13.631313,100.390909,4.0
13.631313,100.39697,2.0
13.631313,100.40303,5.0
13.631313,100.409091,7.0
13.631313,100.415152,5.0
13.631313,100.421212,5.0
13.631313,100.427273,6.0
13.631313,100.433333,6.0
13.631313,100.439394,1.0
13.631313,100.445455,4.0
13.631313,100.451515,4.0
13.631313,100.457576,5.0
13.631313,100.463636,4.0
13.631313,100.469697,4.0
13.631313,100.475758,2.0
13.631313,100.481818,2.0
13.631313,100.487879,4.0
13.631313,100.493939,1.0
13.631313,100.5,3.0
13.631313,100.506061,8.0
13.631313,100.512121,5.0
13.631313,100.518182,5.0
13.631313,100.524242,4.0
13.631313,100.530303,8.0
13.631313,100.536364,5.0
13.631313,100.542424,8.0
13.631313,100.548485,5.0
13.631313,100.554545,5.0
13.631313,100.560606,6.0
13.631313,100.566667,4.0
13.631313,100.572727,5.0
13.631313,100.578788,3.0
13.631313,100.584848,4.0
13.631313,100.590909,2.0
13.631313,100.59697,4.0
13.631313,100.60303,4.0
13.631313,100.609091,4.0
13.631313,100.615152,4.0
13.631313,100.621212,15.0
13.631313,100.627273,7.0
13.631313,100.633333,1.0
13.631313,100.639394,6.0
13.631313,100.645455,5.0
13.631313,100.651515,5.0
13.631313,100.657576,3.0
13.631313,100.663636,3.0
13.631313,100.669697,3.0
13.631313,100.675758,3.0
13.631313,100.681818,5.0
13.631313,100.687879,6.0
13.631313,100.693939,3.0
13.631313,100.7,-3.0
13.631313,100.706061,-4.0
13.631313,100.712121,3.0
13.631313,100.718182,3.0
13.631313,100.724242,3.0
13.631313,100.730303,8.0
13.631313,100.736364,1.0
13.631313,100.742424,1.0
13.631313,100.748485,5.0
13.631313,100.754545,4.0
13.631313,100.760606,6.0
13.631313,100.766667,6.0
13.631313,100.772727,5.0
13.631313,100.778788,4.0
13.631313,100.784848,4.0
13.631313,100.790909,3.0
13.631313,100.79697,5.0
13.631313,100.80303,5.0
13.631313,100.809091,4.0
13.631313,100.815152,2.0
13.631313,100.821212,4.0
13.631313,100.827273,2.0
13.631313,100.833333,4.0
13.631313,100.839394,5.0
13.631313,100.845455,4.0
13.631313,100.851515,1.0
13.631313,100.857576,2.0
13.631313,100.863636,3.0
13.631313,100.869697,5.0
13.631313,100.875758,3.0
13.631313,100.881818,5.0
13.631313,100.887879,1.0
13.631313,100.893939,3.0
13.631313,100.9,1.0
13.636364,100.3,1.0
13.636364,100.306061,5.0
13.636364,100.312121,4.0
13.636364,100.318182,4.0
13.636364,100.324242,5.0
13.636364,100.330303,9.0
13.636364,100.336364,2.0
13.636364,100.342424,4.0
13.636364,100.348485,1.0
13.636364,100.354545,1.0
13.636364,100.360606,11.0
13.636364,100.366667,7.0
13.636364,100.372727,5.0
13.636364,100.378788,5.0
13.636364,100.384848,7.0
13.636364,100.390909,1.0
13.636364,100.39697,8.0
13.636364,100.40303,6.0
13.636364,100.409091,5.0
13.636364,100.415152,4.0
13.636364,100.421212,5.0
13.636364,100.427273,2.0
13.636364,100.433333,6.0
13.636364,100.439394,5.0
13.636364,100.445455,4.0
13.636364,100.451515,4.0
13.636364,100.457576,4.0
13.636364,100.463636,3.0
13.636364,100.469697,3.0
13.636364,100.475758,4.0
13.636364,100.481818,5.0
13.636364,100.487879,4.0
13.636364,100.493939,3.0
13.636364,100.5,4.0
13.636364,100.506061,3.0
13.636364,100.512121,7.0
13.636364,100.518182,6.0
13.636364,100.524242,3.0
13.636364,100.530303,6.0
13.636364,100.536364,5.0
13.636364,100.542424,11.0
13.636364,100.548485,5.0
13.636364,100.554545,4.0
13.636364,100.560606,5.0
13.636364,100.566667,6.0
13.636364,100.572727,4.0
13.636364,100.578788,7.0
13.636364,100.584848,5.0
13.636364,100.590909,6.0
13.636364,100.59697,7.0
13.636364,100.60303,3.0
13.636364,100.609091,5.0
13.636364,100.615152,2.0
13.636364,100.621212,6.0
13.636364,100.627273,6.0
13.636364,100.633333,7.0
13.636364,100.639394,4.0
13.636364,100.645455,4.0
13.636364,100.651515,4.0
13.636364,100.657576,4.0
13.636364,100.663636,3.0
13.636364,100.669697,3.0
13.636364,100.675758,2.0
13.636364,100.681818,3.0
13.636364,100.687879,6.0
13.636364,100.693939,1.0
13.636364,100.7,4.0
13.636364,100.706061,5.0
13.636364,100.712121,4.0
13.636364,100.718182,5.0
13.636364,100.724242,4.0
13.636364,100.730303,2.0
13.636364,100.736364,4.0
13.636364,100.742424,5.0
13.636364,100.748485,4.0
13.636364,100.754545,1.0
13.636364,100.760606,2.0
13.636364,100.766667,4.0
13.636364,100.772727,3.0
13.636364,100.778788,-1.0
13.636364,100.784848,4.0
13.636364,100.790909,5.0
13.636364,100.79697,-1.0
13.636364,100.80303,5.0
13.636364,100.809091,4.0
13.636364,100.815152,1.0
13.636364,100.821212,6.0
13.636364,100.827273,2.0
13.636364,100.833333,5.0
13.636364,100.839394,3.0
13.636364,100.845455,5.0
13.636364,100.851515,5.0
13.636364,100.857576,3.0
13.636364,100.863636,8.0
13.636364,100.869697,3.0
13.636364,100.875758,3.0
13.636364,100.881818,5.0
13.636364,100.887879,2.0
13.636364,100.893939,3.0
13.636364,100.9,1.0
13.641414,100.3,6.0
13.641414,100.306061,4.0
13.641414,100.312121,5.0
13.641414,100.318182,4.0
13.641414,100.324242,5.0
13.641414,100.330303,4.0
13.641414,100.336364,3.0
13.641414,100.342424,2.0
13.641414,100.348485,2.0
13.641414,100.354545,5.0
13.641414,100.360606,6.0
13.641414,100.366667,4.0
13.641414,100.372727,5.0
13.641414,100.378788,7.0
13.641414,100.384848,1.0
13.641414,100.390909,8.0
13.641414,100.39697,4.0
13.641414,100.40303,1.0
13.641414,100.409091,3.0
13.641414,100.415152,4.0
13.641414,100.421212,4.0
13.641414,100.427273,6.0
13.641414,100.433333,2.0
13.641414,100.439394,7.0
13.641414,100.445455,5.0
13.641414,100.451515,3.0
13.641414,100.457576,3.0
13.641414,100.463636,5.0
13.641414,100.469697,7.0
13.641414,100.475758,5.0
13.641414,100.481818,2.0
13.641414,100.487879,3.0
13.641414,100.493939,7.0
13.641414,100.5,4.0
13.641414,100.506061,3.0
13.641414,100.512121,3.0
13.641414,100.518182,1.0
13.641414,100.524242,4.0
13.641414,100.530303,6.0
13.641414,100.536364,5.0
13.641414,100.542424,6.0
13.641414,100.548485,6.0
13.641414,100.554545,11.0
13.641414,100.560606,6.0
13.641414,100.566667,6.0
13.641414,100.572727,5.0
13.641414,100.578788,3.0
13.641414,100.584848,7.0
13.641414,100.590909,9.0
13.641414,100.59697,2.0
13.641414,100.60303,8.0
13.641414,100.609091,5.0
13.641414,100.615152,5.0
13.641414,100.621212,6.0
13.641414,100.627273,5.0
13.641414,100.633333,4.0
13.641414,100.639394,6.0
13.641414,100.645455,9.0
13.641414,100.651515,10.0
13.641414,100.657576,2.0
13.641414,100.663636,1.0
13.641414,100.669697,3.0
13.641414,100.675758,1.0
13.641414,100.681818,8.0
13.641414,100.687879,2.0
13.641414,100.693939,5.0
13.641414,100.7,9.0
13.641414,100.706061,2.0
13.641414,100.712121,3.0
13.641414,100.718182,5.0
13.641414,100.724242,5.0
13.641414,100.730303,2.0
13.641414,100.736364,3.0
13.641414,100.742424,5.0
13.641414,100.748485,15.0
13.641414,100.754545,4.0
13.641414,100.760606,3.0
13.641414,100.766667,2.0
13.641414,100.772727,6.0
13.641414,100.778788,3.0
13.641414,100.784848,4.0
13.641414,100.790909,3.0
13.641414,100.79697,4.0
13.641414,100.80303,6.0
13.641414,100.809091,2.0
13.641414,100.815152,5.0
13.641414,100.821212,3.0
13.641414,100.827273,4.0
13.641414,100.833333,4.0
13.641414,100.839394,6.0
13.641414,100.845455,5.0
13.641414,100.851515,2.0
13.641414,100.857576,2.0
13.641414,100.863636,5.0
13.641414,100.869697,5.0
13.641414,100.875758,5.0
13.641414,100.881818,3.0
13.641414,100.887879,3.0
13.641414,100.893939,2.0
13.641414,100.9,5.0
13.646465,100.3,4.0
13.646465,100.306061,2.0
13.646465,100.312121,6.0
13.646465,100.318182,4.0
13.646465,100.324242,3.0
13.646465,100.330303,4.0
13.646465,100.336364,4.0
13.646465,100.342424,3.0
13.646465,100.348485,6.0
13.646465,100.354545,7.0
13.646465,100.360606,6.0
13.646465,100.366667,4.0
13.646465,100.372727,3.0
13.646465,100.378788,4.0
13.646465,100.384848,5.0
13.646465,100.390909,6.0
13.646465,100.39697,3.0
13.646465,100.40303,7.0
13.646465,100.409091,3.0
13.646465,100.415152,3.0
13.646465,100.421212,4.0
13.646465,100.427273,6.0
13.646465,100.433333,2.0
13.646465,100.439394,2.0
13.646465,100.445455,3.0
13.646465,100.451515,6.0
13.646465,100.457576,5.0
13.646465,100.463636,6.0
13.646465,100.469697,3.0
13.646465,100.475758,4.0
13.646465,100.481818,5.0
13.646465,100.487879,6.0
13.646465,100.493939,10.0
13.646465,100.5,6.0
13.646465,100.506061,4.0
13.646465,100.512121,2.0
13.646465,100.518182,4.0
13.646465,100.524242,6.0
13.646465,100.530303,8.0
13.646465,100.536364,5.0
13.646465,100.542424,4.0
13.646465,100.548485,-1.0
13.646465,100.554545,12.0
13.646465,100.560606,8.0
13.646465,100.566667,8.0
13.646465,100.572727,15.0
13.646465,100.578788,10.0
13.646465,100.584848,6.0
13.646465,100.590909,6.0
13.646465,100.59697,7.0
13.646465,100.60303,5.0
13.646465,100.609091,5.0
13.646465,100.615152,4.0
13.646465,100.621212,7.0
13.646465,100.627273,5.0
13.646465,100.633333,3.0
13.646465,100.639394,5.0
13.646465,100.645455,9.0
13.646465,100.651515,2.0
13.646465,100.657576,4.0
13.646465,100.663636,2.0
13.646465,100.669697,2.0
13.646465,100.675758,3.0
13.646465,100.681818,6.0
13.646465,100.687879,11.0
13.646465,100.693939,3.0
13.646465,100.7,4.0
13.646465,100.706061,4.0
13.646465,100.712121,5.0
13.646465,100.718182,3.0
13.646465,100.724242,2.0
13.646465,100.730303,2.0
13.646465,100.736364,3.0
13.646465,100.742424,4.0
13.646465,100.748485,1.0
13.646465,100.754545,6.0
13.646465,100.760606,5.0
13.646465,100.766667,1.0
13.646465,100.772727,4.0
13.646465,100.778788,7.0
13.646465,100.784848,6.0
13.646465,100.790909,4.0
13.646465,100.79697,8.0
13.646465,100.80303,2.0
13.646465,100.809091,4.0
13.646465,100.815152,5.0
13.646465,100.821212,6.0
13.646465,100.827273,1.0
13.646465,100.833333,2.0
13.646465,100.839394,5.0
13.646465,100.845455,3.0
13.646465,100.851515,1.0
13.646465,100.857576,5.0
13.646465,100.863636,3.0
13.646465,100.869697,1.0
13.646465,100.875758,7.0
13.646465,100.881818,5.0
13.646465,100.887879,3.0
13.646465,100.893939,3.0
13.646465,100.9,3.0
13.651515,100.3,4.0
13.651515,100.306061,3.0
13.651515,100.312121,4.0
13.651515,100.318182,1.0
13.651515,100.324242,3.0
13.651515,100.330303,6.0
13.651515,100.336364,4.0
13.651515,100.342424,4.0
13.651515,100.348485,3.0
13.651515,100.354545,6.0
13.651515,100.360606,6.0
13.651515,100.366667,5.0
13.651515,100.372727,6.0
13.651515,100.378788,5.0
13.651515,100.384848,2.0
13.651515,100.390909,8.0
13.651515,100.39697,1.0
13.651515,100.40303,3.0
13.651515,100.409091,5.0
13.651515,100.415152,5.0
13.651515,100.421212,3.0
13.651515,100.427273,6.0
13.651515,100.433333,8.0
13.651515,100.439394,7.0
13.651515,100.445455,10.0
13.651515,100.451515,3.0
13.651515,100.457576,5.0
13.651515,100.463636,6.0
13.651515,100.469697,6.0
13.651515,100.475758,6.0
13.651515,100.481818,3.0
13.651515,100.487879,12.0
13.651515,100.493939,9.0
13.651515,100.5,4.0
13.651515,100.506061,5.0
13.651515,100.512121,4.0
13.651515,100.518182,5.0
13.651515,100.524242,4.0
13.651515,100.530303,5.0
13.651515,100.536364,5.0
13.651515,100.542424,3.0
13.651515,100.548485,5.0
13.651515,100.554545,5.0
13.651515,100.560606,7.0
13.651515,100.566667,8.0
13.651515,100.572727,10.0
13.651515,100.578788,7.0
13.651515,100.584848,7.0
13.651515,100.590909,6.0
13.651515,100.59697,11.0
13.651515,100.60303,5.0
13.651515,100.609091,4.0
13.651515,100.615152,4.0
13.651515,100.621212,3.0
13.651515,100.627273,5.0
13.651515,100.633333,5.0
13.651515,100.639394,1.0
13.651515,100.645455,2.0
13.651515,100.651515,6.0
13.651515,100.657576,3.0
13.651515,100.663636,1.0
13.651515,100.669697,4.0
13.651515,100.675758,2.0
13.651515,100.681818,4.0
13.651515,100.687879,1.0
13.651515,100.693939,8.0
13.651515,100.7,7.0
13.651515,100.706061,2.0
13.651515,100.712121,3.0
13.651515,100.718182,4.0
13.651515,100.724242,1.0
13.651515,100.730303,3.0
13.651515,100.736364,1.0
13.651515,100.742424,1.0
13.651515,100.748485,1.0
13.651515,100.754545,5.0
13.651515,100.760606,2.0
13.651515,100.766667,2.0
13.651515,100.772727,6.0
13.651515,100.778788,1.0
13.651515,100.784848,4.0
13.651515,100.790909,7.0
13.651515,100.79697,5.0
13.651515,100.80303,4.0
13.651515,100.809091,3.0
13.651515,100.815152,4.0
13.651515,100.821212,2.0
13.651515,100.827273,2.0
13.651515,100.833333,2.0
13.651515,100.839394,-1.0
13.651515,100.845455,3.0
13.651515,100.851515,4.0
13.651515,100.857576,2.0
13.651515,100.863636,6.0
13.651515,100.869697,1.0
13.651515,100.875758,2.0
13.651515,100.881818,4.0
13.651515,100.887879,2.0
13.651515,100.893939,3.0
13.651515,100.9,4.0
13.656566,100.3,2.0
13.656566,100.306061,3.0
13.656566,100.312121,3.0
13.656566,100.318182,1.0
13.656566,100.324242,5.0
13.656566,100.330303,6.0
13.656566,100.336364,4.0
13.656566,100.342424,3.0
13.656566,100.348485,7.0
13.656566,100.354545,4.0
13.656566,100.360606,6.0
13.656566,100.366667,4.0
13.656566,100.372727,5.0
13.656566,100.378788,4.0
13.656566,100.384848,8.0
13.656566,100.390909,5.0
13.656566,100.39697,2.0
13.656566,100.40303,-1.0
13.656566,100.409091,4.0
13.656566,100.415152,1.0
13.656566,100.421212,5.0
13.656566,100.427273,8.0
13.656566,100.433333,1.0
13.656566,100.439394,6.0
13.656566,100.445455,5.0
13.656566,100.451515,8.0
13.656566,100.457576,2.0
13.656566,100.463636,9.0
13.656566,100.469697,3.0
13.656566,100.475758,4.0
13.656566,100.481818,9.0
13.656566,100.487879,8.0
13.656566,100.493939,5.0
13.656566,100.5,5.0
13.656566,100.506061,7.0
13.656566,100.512121,4.0
13.656566,100.518182,5.0
13.656566,100.524242,4.0
13.656566,100.530303,6.0
13.656566,100.536364,5.0
13.656566,100.542424,9.0
13.656566,100.548485,2.0
13.656566,100.554545,5.0
13.656566,100.560606,5.0
13.656566,100.566667,1.0
13.656566,100.572727,11.0
13.656566,100.578788,10.0
13.656566,100.584848,6.0
13.656566,100.590909,5.0
13.656566,100.59697,7.0
13.656566,100.60303,10.0
13.656566,100.609091,6.0
13.656566,100.615152,6.0
13.656566,100.621212,4.0
13.656566,100.627273,3.0
13.656566,100.633333,4.0
13.656566,100.639394,5.0
13.656566,100.645455,5.0
13.656566,100.651515,4.0
13.656566,100.657576,8.0
13.656566,100.663636,7.0
13.656566,100.669697,6.0
13.656566,100.675758,3.0
13.656566,100.681818,4.0
13.656566,100.687879,1.0
13.656566,100.693939,5.0
13.656566,100.7,3.0
13.656566,100.706061,7.0
13.656566,100.712121,3.0
13.656566,100.718182,4.0
13.656566,100.724242,-1.0
13.656566,100.730303,-1.0
13.656566,100.736364,4.0
13.656566,100.742424,3.0
13.656566,100.748485,3.0
13.656566,100.754545,1.0
13.656566,100.760606,8.0
13.656566,100.766667,1.0
13.656566,100.772727,2.0
13.656566,100.778788,5.0
13.656566,100.784848,3.0
13.656566,100.790909,3.0
13.656566,100.79697,3.0
13.656566,100.80303,1.0
13.656566,100.809091,3.0
13.656566,100.815152,1.0
13.656566,100.821212,6.0
13.656566,100.827273,2.0
13.656566,100.833333,2.0
13.656566,100.839394,4.0
13.656566,100.845455,3.0
13.656566,100.851515,3.0
13.656566,100.857576,-2.0
13.656566,100.863636,3.0
13.656566,100.869697,4.0
13.656566,100.875758,1.0
13.656566,100.881818,3.0
13.656566,100.887879,2.0
13.656566,100.893939,4.0
13.656566,100.9,3.0
13.661616,100.3,7.0
13.661616,100.306061,7.0
13.661616,100.312121,1.0
13.661616,100.318182,6.0
13.661616,100.324242,8.0
13.661616,100.330303,3.0
13.661616,100.336364,5.0
13.661616,100.342424,5.0
13.661616,100.348485,4.0
13.661616,100.354545,5.0
13.661616,100.360606,5.0
13.661616,100.366667,3.0
13.661616,100.372727,5.0
13.661616,100.378788,3.0
13.661616,100.384848,-1.0
13.661616,100.390909,6.0
13.661616,100.39697,4.0
13.661616,100.40303,5.0
13.661616,100.409091,3.0
13.661616,100.415152,5.0
13.661616,100.421212,4.0
13.661616,100.427273,4.0
13.661616,100.433333,3.0
13.661616,100.439394,9.0
13.661616,100.445455,5.0
13.661616,100.451515,5.0
13.661616,100.457576,7.0
13.661616,100.463636,6.0
13.661616,100.469697,7.0
13.661616,100.475758,9.0
13.661616,100.481818,5.0
13.661616,100.487879,5.0
13.661616,100.493939,6.0
13.661616,100.5,8.0
13.661616,100.506061,6.0
13.661616,100.512121,3.0
13.661616,100.518182,9.0
13.661616,100.524242,5.0
13.661616,100.530303,6.0
13.661616,100.536364,8.0
13.661616,100.542424,5.0
13.661616,100.548485,10.0
13.661616,100.554545,4.0
13.661616,100.560606,5.0
13.661616,100.566667,9.0
13.661616,100.572727,5.0
13.661616,100.578788,3.0
13.661616,100.584848,2.0
13.661616,100.590909,8.0
13.661616,100.59697,4.0
13.661616,100.60303,4.0
13.661616,100.609091,10.0
13.661616,100.615152,6.0
13.661616,100.621212,7.0
13.661616,100.627273,4.0
13.661616,100.633333,5.0
13.661616,100.639394,4.0
13.661616,100.645455,2.0
13.661616,100.651515,5.0
13.661616,100.657576,5.0
13.661616,100.663636,6.0
13.661616,100.669697,7.0
13.661616,100.675758,5.0
13.661616,100.681818,2.0
13.661616,100.687879,8.0
13.661616,100.693939,10.0
13.661616,100.7,2.0
13.661616,100.706061,-1.0
13.661616,100.712121,7.0
13.661616,100.718182,8.0
13.661616,100.724242,4.0
13.661616,100.730303,1.0
13.661616,100.736364,5.0
13.661616,100.742424,2.0
13.661616,100.748485,1.0
13.661616,100.754545,5.0
13.661616,100.760606,-1.0
13.661616,100.766667,7.0
13.661616,100.772727,3.0
13.661616,100.778788,-5.0
13.661616,100.784848,3.0
13.661616,100.790909,4.0
13.661616,100.79697,3.0
13.661616,100.80303,4.0
13.661616,100.809091,2.0
13.661616,100.815152,5.0
13.661616,100.821212,5.0
13.661616,100.827273,4.0
13.661616,100.833333,4.0
13.661616,100.839394,1.0
13.661616,100.845455,7.0
13.661616,100.851515,5.0
13.661616,100.857576,3.0
13.661616,100.863636,4.0
13.661616,100.869697,3.0
13.661616,100.875758,1.0
13.661616,100.881818,1.0
13.661616,100.887879,3.0
13.661616,100.893939,1.0
13.661616,100.9,4.0
13.666667,100.3,6.0
13.666667,100.306061,5.0
13.666667,100.312121,5.0
13.666667,100.318182,3.0
13.666667,100.324242,7.0
13.666667,100.330303,3.0
13.666667,100.336364,9.0
13.666667,100.342424,4.0
13.666667,100.348485,8.0
13.666667,100.354545,3.0
13.666667,100.360606,5.0
13.666667,100.366667,3.0
13.666667,100.372727,5.0
13.666667,100.378788,6.0
13.666667,100.384848,6.0
13.666667,100.390909,7.0
13.666667,100.39697,8.0
13.666667,100.40303,9.0
13.666667,100.409091,11.0
13.666667,100.415152,5.0
13.666667,100.421212,6.0
13.666667,100.427273,3.0
13.666667,100.433333,-1.0
13.666667,100.439394,6.0
13.666667,100.445455,6.0
13.666667,100.451515,4.0
13.666667,100.457576,6.0
13.666667,100.463636,4.0
13.666667,100.469697,9.0
13.666667,100.475758,3.0
13.666667,100.481818,4.0
13.666667,100.487879,7.0
13.666667,100.493939,7.0
13.666667,100.5,4.0
13.666667,100.506061,6.0
13.666667,100.512121,3.0
13.666667,100.518182,7.0
13.666667,100.524242,7.0
13.666667,100.530303,6.0
13.666667,100.536364,4.0
13.666667,100.542424,4.0
13.666667,100.548485,8.0
13.666667,100.554545,8.0
13.666667,100.560606,11.0
13.666667,100.566667,7.0
13.666667,100.572727,9.0
13.666667,100.578788,5.0
13.666667,100.584848,3.0
13.666667,100.590909,11.0
13.666667,100.59697,7.0
13.666667,100.60303,3.0
13.666667,100.609091,6.0
13.666667,100.615152,6.0
13.666667,100.621212,5.0
13.666667,100.627273,5.0
13.666667,100.633333,10.0
13.666667,100.639394,9.0
13.666667,100.645455,5.0
13.666667,100.651515,3.0
13.666667,100.657576,3.0
13.666667,100.663636,7.0
13.666667,100.669697,3.0
13.666667,100.675758,1.0
13.666667,100.681818,1.0
13.666667,100.687879,8.0
13.666667,100.693939,4.0
13.666667,100.7,1.0
13.666667,100.706061,3.0
13.666667,100.712121,2.0
13.666667,100.718182,5.0
13.666667,100.724242,3.0
13.666667,100.730303,4.0
13.666667,100.736364,2.0
13.666667,100.742424,2.0
13.666667,100.748485,2.0
13.666667,100.754545,4.0
13.666667,100.760606,1.0
13.666667,100.766667,2.0
13.666667,100.772727,5.0
13.666667,100.778788,5.0
13.666667,100.784848,3.0
13.666667,100.790909,2.0
13.666667,100.79697,5.0
13.666667,100.80303,8.0
13.666667,100.809091,2.0
13.666667,100.815152,2.0
13.666667,100.821212,5.0
13.666667,100.827273,3.0
13.666667,100.833333,6.0
13.666667,100.839394,5.0
13.666667,100.845455,2.0
13.666667,100.851515,3.0
13.666667,100.857576,4.0
13.666667,100.863636,2.0
13.666667,100.869697,3.0
13.666667,100.875758,2.0
13.666667,100.881818,3.0
13.666667,100.887879,5.0
13.666667,100.893939,5.0
13.666667,100.9,4.0
13.671717,100.3,3.0
13.671717,100.306061,5.0
13.671717,100.312121,4.0
13.671717,100.318182,6.0
13.671717,100.324242,5.0
13.671717,100.330303,3.0
13.671717,100.336364,2.0
13.671717,100.342424,4.0
13.671717,100.348485,4.0
13.671717,100.354545,4.0
13.671717,100.360606,4.0
13.671717,100.366667,4.0
13.671717,100.372727,5.0
13.671717,100.378788,2.0
13.671717,100.384848,5.0
13.671717,100.390909,2.0
13.671717,100.39697,3.0
13.671717,100.40303,2.0
13.671717,100.409091,9.0
13.671717,100.415152,9.0
13.671717,100.421212,7.0
13.671717,100.427273,8.0
13.671717,100.433333,8.0
13.671717,100.439394,7.0
13.671717,100.445455,2.0
13.671717,100.451515,5.0
13.671717,100.457576,2.0
13.671717,100.463636,8.0
13.671717,100.469697,5.0
13.671717,100.475758,7.0
13.671717,100.481818,8.0
13.671717,100.487879,6.0
13.671717,100.493939,3.0
13.671717,100.5,5.0
13.671717,100.506061,10.0
13.671717,100.512121,5.0
13.671717,100.518182,8.0
13.671717,100.524242,4.0
13.671717,100.530303,5.0
13.671717,100.536364,3.0
13.671717,100.542424,8.0
13.671717,100.548485,5.0
13.671717,100.554545,5.0
13.671717,100.560606,10.0
13.671717,100.566667,7.0
13.671717,100.572727,7.0
13.671717,100.578788,7.0
13.671717,100.584848,5.0
13.671717,100.590909,4.0
13.671717,100.59697,7.0
13.671717,100.60303,6.0
13.671717,100.609091,3.0
13.671717,100.615152,7.0
13.671717,100.621212,2.0
13.671717,100.627273,3.0
13.671717,100.633333,4.0
13.671717,100.639394,2.0
13.671717,100.645455,6.0
13.671717,100.651515,6.0
13.671717,100.657576,4.0
13.671717,100.663636,6.0
13.671717,100.669697,5.0
13.671717,100.675758,3.0
13.671717,100.681818,14.0
13.671717,100.687879,5.0
13.671717,100.693939,4.0
13.671717,100.7,6.0
13.671717,100.706061,2.0
13.671717,100.712121,6.0
13.671717,100.718182,6.0
13.671717,100.724242,4.0
13.671717,100.730303,3.0
13.671717,100.736364,2.0
13.671717,100.742424,1.0
13.671717,100.748485,2.0
13.671717,100.754545,5.0
13.671717,100.760606,1.0
13.671717,100.766667,1.0
13.671717,100.772727,4.0
13.671717,100.778788,3.0
13.671717,100.784848,1.0
13.671717,100.790909,4.0
13.671717,100.79697,6.0
13.671717,100.80303,8.0
13.671717,100.809091,2.0
13.671717,100.815152,5.0
13.671717,100.821212,4.0
13.671717,100.827273,5.0
13.671717,100.833333,2.0
13.671717,100.839394,3.0
13.671717,100.845455,5.0
13.671717,100.851515,-2.0
13.671717,100.857576,-1.0
13.671717,100.863636,3.0
13.671717,100.869697,4.0
13.671717,100.875758,3.0
13.671717,100.881818,2.0
13.671717,100.887879,2.0
13.671717,100.893939,4.0
13.671717,100.9,7.0
13.676768,100.3,5.0
13.676768,100.306061,4.0
13.676768,100.312121,7.0
13.676768,100.318182,6.0
13.676768,100.324242,5.0
13.676768,100.330303,5.0
13.676768,100.336364,6.0
13.676768,100.342424,4.0
13.676768,100.348485,3.0
13.676768,100.354545,4.0
13.676768,100.360606,6.0
13.676768,100.366667,6.0
13.676768,100.372727,4.0
13.676768,100.378788,3.0
13.676768,100.384848,8.0
13.676768,100.390909,5.0
13.676768,100.39697,4.0
13.676768,100.40303,7.0
13.676768,100.409091,8.0
13.676768,100.415152,4.0
13.676768,100.421212,2.0
13.676768,100.427273,6.0
13.676768,100.433333,10.0
13.676768,100.439394,7.0
13.676768,100.445455,1.0
13.676768,100.451515,9.0
13.676768,100.457576,8.0
13.676768,100.463636,7.0
13.676768,100.469697,5.0
13.676768,100.475758,5.0
13.676768,100.481818,7.0
13.676768,100.487879,3.0
13.676768,100.493939,7.0
13.676768,100.5,8.0
13.676768,100.506061,9.0
13.676768,100.512121,6.0
13.676768,100.518182,1.0
13.676768,100.524242,5.0
13.676768,100.530303,5.0
13.676768,100.536364,5.0
13.676768,100.542424,10.0
13.676768,100.548485,58.0
13.676768,100.554545,3.0
13.676768,100.560606,8.0
13.676768,100.566667,7.0
13.676768,100.572727,7.0
13.676768,100.578788,4.0
13.676768,100.584848,5.0
13.676768,100.590909,3.0
13.676768,100.59697,7.0
13.676768,100.60303,5.0
13.676768,100.609091,5.0
13.676768,100.615152,8.0
13.676768,100.621212,6.0
13.676768,100.627273,5.0
13.676768,100.633333,7.0
13.676768,100.639394,7.0
13.676768,100.645455,7.0
13.676768,100.651515,6.0
13.676768,100.657576,3.0
13.676768,100.663636,7.0
13.676768,100.669697,7.0
13.676768,100.675758,1.0
13.676768,100.681818,1.0
13.676768,100.687879,3.0
13.676768,100.693939,2.0
13.676768,100.7,2.0
13.676768,100.706061,4.0
13.676768,100.712121,4.0
13.676768,100.718182,4.0
13.676768,100.724242,6.0
13.676768,100.730303,4.0
13.676768,100.736364,5.0
13.676768,100.742424,4.0
13.676768,100.748485,2.0
13.676768,100.754545,1.0
13.676768,100.760606,2.0
13.676768,100.766667,3.0
13.676768,100.772727,3.0
13.676768,100.778788,2.0
13.676768,100.784848,3.0
13.676768,100.790909,4.0
13.676768,100.79697,2.0
13.676768,100.80303,3.0
13.676768,100.809091,5.0
13.676768,100.815152,1.0
13.676768,100.821212,5.0
13.676768,100.827273,4.0
13.676768,100.833333,3.0
13.676768,100.839394,3.0
13.676768,100.845455,4.0
13.676768,100.851515,-1.0
13.676768,100.857576,2.0
13.676768,100.863636,2.0
13.676768,100.869697,5.0
13.676768,100.875758,1.0
13.676768,100.881818,4.0
13.676768,100.887879,1.0
13.676768,100.893939,4.0
13.676768,100.9,2.0
13.681818,100.3,9.0
13.681818,100.306061,5.0
13.681818,100.312121,4.0
13.681818,100.318182,2.0
13.681818,100.324242,7.0
13.681818,100.330303,5.0
13.681818,100.336364,4.0
13.681818,100.342424,4.0
13.681818,100.348485,7.0
13.681818,100.354545,9.0
13.681818,100.360606,7.0
13.681818,100.366667,3.0
13.681818,100.372727,3.0
13.681818,100.378788,5.0
13.681818,100.384848,3.0
13.681818,100.390909,6.0
13.681818,100.39697,3.0
13.681818,100.40303,2.0
13.681818,100.409091,7.0
13.681818,100.415152,9.0
13.681818,100.421212,4.0
13.681818,100.427273,3.0
13.681818,100.433333,5.0
13.681818,100.439394,6.0
13.681818,100.445455,4.0
13.681818,100.451515,4.0
13.681818,100.457576,7.0
13.681818,100.463636,2.0
13.681818,100.469697,6.0
13.681818,100.475758,5.0
13.681818,100.481818,6.0
13.681818,100.487879,8.0
13.681818,100.493939,5.0
13.681818,100.5,3.0
13.681818,100.506061,9.0
13.681818,100.512121,7.0
13.681818,100.518182,5.0
13.681818,100.524242,4.0
13.681818,100.530303,9.0
13.681818,100.536364,8.0
13.681818,100.542424,7.0
13.681818,100.548485,3.0
13.681818,100.554545,7.0
13.681818,100.560606,5.0
13.681818,100.566667,2.0
13.681818,100.572727,6.0
13.681818,100.578788,2.0
13.681818,100.584848,7.0
13.681818,100.590909,-1.0
13.681818,100.59697,10.0
13.681818,100.60303,4.0
13.681818,100.609091,5.0
13.681818,100.615152,7.0
13.681818,100.621212,5.0
13.681818,100.627273,5.0
13.681818,100.633333,5.0
13.681818,100.639394,1.0
13.681818,100.645455,4.0
13.681818,100.651515,2.0
13.681818,100.657576,3.0
13.681818,100.663636,5.0
13.681818,100.669697,3.0
13.681818,100.675758,5.0
13.681818,100.681818,3.0
13.681818,100.687879,4.0
13.681818,100.693939,3.0
13.681818,100.7,4.0
13.681818,100.706061,3.0
13.681818,100.712121,2.0
13.681818,100.718182,1.0
13.681818,100.724242,3.0
13.681818,100.730303,3.0
13.681818,100.736364,4.0
13.681818,100.742424,2.0
13.681818,100.748485,1.0
13.681818,100.754545,4.0
13.681818,100.760606,2.0
13.681818,100.766667,1.0
13.681818,100.772727,2.0
13.681818,100.778788,5.0
13.681818,100.784848,3.0
13.681818,100.790909,4.0
13.681818,100.79697,2.0
13.681818,100.80303,3.0
13.681818,100.809091,3.0
13.681818,100.815152,6.0
13.681818,100.821212,5.0
13.681818,100.827273,5.0
13.681818,100.833333,5.0
13.681818,100.839394,4.0
13.681818,100.845455,4.0
13.681818,100.851515,-6.0
13.681818,100.857576,1.0
13.681818,100.863636,5.0
13.681818,100.869697,4.0
13.681818,100.875758,2.0
13.681818,100.881818,3.0
13.681818,100.887879,2.0
13.681818,100.893939,7.0
13.681818,100.9,5.0
13.686869,100.3,4.0
13.686869,100.306061,5.0
13.686869,100.312121,5.0
13.686869,100.318182,6.0
13.686869,100.324242,3.0
13.686869,100.330303,4.0
13.686869,100.336364,7.0
13.686869,100.342424,2.0
13.686869,100.348485,6.0
13.686869,100.354545,6.0
13.686869,100.360606,7.0
13.686869,100.366667,3.0
13.686869,100.372727,6.0
13.686869,100.378788,3.0
13.686869,100.384848,3.0
13.686869,100.390909,5.0
13.686869,100.39697,2.0
13.686869,100.40303,9.0
13.686869,100.409091,4.0
13.686869,100.415152,9.0
13.686869,100.421212,6.0
13.686869,100.427273,5.0
13.686869,100.433333,3.0
13.686869,100.439394,3.0
13.686869,100.445455,8.0
13.686869,100.451515,6.0
13.686869,100.457576,3.0
13.686869,100.463636,7.0
13.686869,100.469697,6.0
13.686869,100.475758,8.0
13.686869,100.481818,7.0
13.686869,100.487879,8.0
13.686869,100.493939,9.0
13.686869,100.5,5.0
13.686869,100.506061,5.0
13.686869,100.512121,1.0
13.686869,100.518182,4.0
13.686869,100.524242,8.0
13.686869,100.530303,8.0
13.686869,100.536364,7.0
13.686869,100.542424,5.0
13.686869,100.548485,7.0
13.686869,100.554545,9.0
13.686869,100.560606,5.0
13.686869,100.566667,9.0
13.686869,100.572727,5.0
13.686869,100.578788,7.0
13.686869,100.584848,2.0
13.686869,100.590909,7.0
13.686869,100.59697,8.0
13.686869,100.60303,9.0
13.686869,100.609091,4.0
13.686869,100.615152,10.0
13.686869,100.621212,6.0
13.686869,100.627273,5.0
13.686869,100.633333,3.0
13.686869,100.639394,4.0
13.686869,100.645455,6.0
13.686869,100.651515,2.0
13.686869,100.657576,4.0
13.686869,100.663636,5.0
13.686869,100.669697,5.0
13.686869,100.675758,4.0
13.686869,100.681818,3.0
13.686869,100.687879,5.0
13.686869,100.693939,3.0
13.686869,100.7,1.0
13.686869,100.706061,5.0
13.686869,100.712121,5.0
13.686869,100.718182,-3.0
13.686869,100.724242,8.0
13.686869,100.730303,6.0
13.686869,100.736364,2.0
13.686869,100.742424,1.0
13.686869,100.748485,2.0
13.686869,100.754545,4.0
13.686869,100.760606,2.0
13.686869,100.766667,1.0
13.686869,100.772727,3.0
13.686869,100.778788,-1.0
13.686869,100.784848,4.0
13.686869,100.790909,1.0
13.686869,100.79697,1.0
13.686869,100.80303,7.0
13.686869,100.809091,2.0
13.686869,100.815152,1.0
13.686869,100.821212,2.0
13.686869,100.827273,1.0
13.686869,100.833333,7.0
13.686869,100.839394,3.0
13.686869,100.845455,2.0
13.686869,100.851515,3.0
13.686869,100.857576,5.0
13.686869,100.863636,1.0
13.686869,100.869697,-1.0
13.686869,100.875758,3.0
13.686869,100.881818,2.0
13.686869,100.887879,2.0
13.686869,100.893939,3.0
13.686869,100.9,3.0
13.691919,100.3,8.0
13.691919,100.306061,5.0
13.691919,100.312121,6.0
13.691919,100.318182,6.0
13.691919,100.324242,9.0
13.691919,100.330303,5.0
13.691919,100.336364,3.0
13.691919,100.342424,3.0
13.691919,100.348485,2.0
13.691919,100.354545,5.0
13.691919,100.360606,4.0
13.691919,100.366667,5.0
13.691919,100.372727,3.0
13.691919,100.378788,8.0
13.691919,100.384848,1.0
13.691919,100.390909,4.0
13.691919,100.39697,4.0
13.691919,100.40303,7.0
13.691919,100.409091,8.0
13.691919,100.415152,9.0
13.691919,100.421212,4.0
13.691919,100.427273,4.0
13.691919,100.433333,6.0
13.691919,100.439394,7.0
13.691919,100.445455,6.0
13.691919,100.451515,6.0
13.691919,100.457576,6.0
13.691919,100.463636,10.0
13.691919,100.469697,3.0
13.691919,100.475758,8.0
13.691919,100.481818,10.0
13.691919,100.487879,6.0
13.691919,100.493939,3.0
13.691919,100.5,6.0
13.691919,100.506061,6.0
13.691919,100.512121,6.0
13.691919,100.518182,8.0
13.691919,100.524242,7.0
13.691919,100.530303,9.0
13.691919,100.536364,8.0
13.691919,100.542424,9.0
13.691919,100.548485,5.0
13.691919,100.554545,2.0
13.691919,100.560606,9.0
13.691919,100.566667,8.0
13.691919,100.572727,8.0
13.691919,100.578788,5.0
13.691919,100.584848,5.0
13.691919,100.590909,9.0
13.691919,100.59697,9.0
13.691919,100.60303,4.0
13.691919,100.609091,6.0
13.691919,100.615152,5.0
13.691919,100.621212,4.0
13.691919,100.627273,5.0
13.691919,100.633333,8.0
13.691919,100.639394,5.0
13.691919,100.645455,5.0
13.691919,100.651515,4.0
13.691919,100.657576,-9.0
13.691919,100.663636,1.0
13.691919,100.669697,4.0
13.691919,100.675758,5.0
13.691919,100.681818,6.0
13.691919,100.687879,5.0
13.691919,100.693939,2.0
13.691919,100.7,2.0
13.691919,100.706061,3.0
13.691919,100.712121,1.0
13.691919,100.718182,4.0
13.691919,100.724242,6.0
13.691919,100.730303,4.0
13.691919,100.736364,2.0
13.691919,100.742424,1.0
13.691919,100.748485,2.0
13.691919,100.754545,5.0
13.691919,100.760606,5.0
13.691919,100.766667,3.0
13.691919,100.772727,2.0
13.691919,100.778788,3.0
13.691919,100.784848,5.0
13.691919,100.790909,3.0
13.691919,100.79697,-3.0
13.691919,100.80303,5.0
13.691919,100.809091,2.0
13.691919,100.815152,3.0
13.691919,100.821212,5.0
13.691919,100.827273,4.0
13.691919,100.833333,1.0
13.691919,100.839394,3.0
13.691919,100.845455,1.0
13.691919,100.851515,2.0
13.691919,100.857576,3.0
13.691919,100.863636,2.0
13.691919,100.869697,5.0
13.691919,100.875758,1.0
13.691919,100.881818,3.0
13.691919,100.887879,2.0
13.691919,100.893939,3.0
13.691919,100.9,2.0
13.69697,100.3,10.0
13.69697,100.306061,5.0
13.69697,100.312121,1.0
13.69697,100.318182,3.0
13.69697,100.324242,2.0
13.69697,100.330303,1.0
13.69697,100.336364,6.0
13.69697,100.342424,3.0
13.69697,100.348485,5.0
13.69697,100.354545,7.0
13.69697,100.360606,6.0
13.69697,100.366667,7.0
13.69697,100.372727,3.0
13.69697,100.378788,7.0
13.69697,100.384848,6.0
13.69697,100.390909,6.0
13.69697,100.39697,5.0
13.69697,100.40303,6.0
13.69697,100.409091,3.0
13.69697,100.415152,8.0
13.69697,100.421212,5.0
13.69697,100.427273,7.0
13.69697,100.433333,7.0
13.69697,100.439394,5.0
13.69697,100.445455,6.0
13.69697,100.451515,6.0
13.69697,100.457576,4.0
13.69697,100.463636,9.0
13.69697,100.469697,8.0
13.69697,100.475758,10.0
13.69697,100.481818,11.0
13.69697,100.487879,6.0
13.69697,100.493939,11.0
13.69697,100.5,7.0
13.69697,100.506061,10.0
13.69697,100.512121,7.0
13.69697,100.518182,9.0
13.69697,100.524242,6.0
13.69697,100.530303,6.0
13.69697,100.536364,10.0
13.69697,100.542424,3.0
13.69697,100.548485,6.0
13.69697,100.554545,4.0
13.69697,100.560606,6.0
13.69697,100.566667,5.0
13.69697,100.572727,9.0
13.69697,100.578788,2.0
13.69697,100.584848,9.0
13.69697,100.590909,5.0
13.69697,100.59697,6.0
13.69697,100.60303,11.0
13.69697,100.609091,6.0
13.69697,100.615152,5.0
13.69697,100.621212,7.0
13.69697,100.627273,8.0
13.69697,100.633333,7.0
13.69697,100.639394,7.0
13.69697,100.645455,5.0
13.69697,100.651515,4.0
13.69697,100.657576,5.0
13.69697,100.663636,2.0
13.69697,100.669697,2.0
13.69697,100.675758,4.0
13.69697,100.681818,1.0
13.69697,100.687879,7.0
13.69697,100.693939,3.0
13.69697,100.7,3.0
13.69697,100.706061,10.0
13.69697,100.712121,6.0
13.69697,100.718182,2.0
13.69697,100.724242,-8.0
13.69697,100.730303,-2.0
13.69697,100.736364,3.0
13.69697,100.742424,3.0
13.69697,100.748485,-1.0
13.69697,100.754545,2.0
13.69697,100.760606,1.0
13.69697,100.766667,3.0
13.69697,100.772727,-1.0
13.69697,100.778788,3.0
13.69697,100.784848,1.0
13.69697,100.790909,4.0
13.69697,100.79697,5.0
13.69697,100.80303,8.0
13.69697,100.809091,3.0
13.69697,100.815152,4.0
13.69697,100.821212,3.0
13.69697,100.827273,5.0
13.69697,100.833333,1.0
13.69697,100.839394,3.0
13.69697,100.845455,1.0
13.69697,100.851515,2.0
13.69697,100.857576,4.0
13.69697,100.863636,5.0
13.69697,100.869697,4.0
13.69697,100.875758,3.0
13.69697,100.881818,1.0
13.69697,100.887879,-2.0
13.69697,100.893939,5.0
13.69697,100.9,2.0
13.70202,100.3,6.0
13.70202,100.306061,5.0
13.70202,100.312121,5.0
13.70202,100.318182,7.0
13.70202,100.324242,7.0
13.70202,100.330303,3.0
13.70202,100.336364,5.0
13.70202,100.342424,6.0
13.70202,100.348485,5.0
13.70202,100.354545,5.0
13.70202,100.360606,5.0
13.70202,100.366667,5.0
13.70202,100.372727,5.0
13.70202,100.378788,9.0
13.70202,100.384848,9.0
13.70202,100.390909,3.0
13.70202,100.39697,4.0
13.70202,100.40303,7.0
13.70202,100.409091,8.0
13.70202,100.415152,6.0
13.70202,100.421212,5.0
13.70202,100.427273,9.0
13.70202,100.433333,5.0
13.70202,100.439394,6.0
13.70202,100.445455,8.0
13.70202,100.451515,5.0
13.70202,100.457576,3.0
13.70202,100.463636,7.0
13.70202,100.469697,7.0
13.70202,100.475758,10.0
13.70202,100.481818,6.0
13.70202,100.487879,9.0
13.70202,100.493939,5.0
13.70202,100.5,20.0
13.70202,100.506061,9.0
13.70202,100.512121,8.0
13.70202,100.518182,5.0
13.70202,100.524242,7.0
13.70202,100.530303,6.0
13.70202,100.536364,17.0
13.70202,100.542424,4.0
13.70202,100.548485,8.0
13.70202,100.554545,14.0
13.70202,100.560606,5.0
13.70202,100.566667,5.0
13.70202,100.572727,5.0
13.70202,100.578788,1.0
13.70202,100.584848,3.0
13.70202,100.590909,6.0
13.70202,100.59697,3.0
13.70202,100.60303,6.0
13.70202,100.609091,-1.0
13.70202,100.615152,8.0
13.70202,100.621212,3.0
13.70202,100.627273,3.0
13.70202,100.633333,4.0
13.70202,100.639394,3.0
13.70202,100.645455,4.0
13.70202,100.651515,4.0
13.70202,100.657576,6.0
13.70202,100.663636,2.0
13.70202,100.669697,4.0
13.70202,100.675758,3.0
13.70202,100.681818,5.0
13.70202,100.687879,6.0
13.70202,100.693939,5.0
13.70202,100.7,6.0
13.70202,100.706061,4.0
13.70202,100.712121,2.0
13.70202,100.718182,2.0
13.70202,100.724242,-5.0
13.70202,100.730303,9.0
13.70202,100.736364,6.0
13.70202,100.742424,2.0
13.70202,100.748485,2.0
13.70202,100.754545,5.0
13.70202,100.760606,2.0
13.70202,100.766667,2.0
13.70202,100.772727,2.0
13.70202,100.778788,1.0
13.70202,100.784848,1.0
13.70202,100.790909,4.0
13.70202,100.79697,6.0
13.70202,100.80303,3.0
13.70202,100.809091,7.0
13.70202,100.815152,4.0
13.70202,100.821212,2.0
13.70202,100.827273,2.0
13.70202,100.833333,2.0
13.70202,100.839394,1.0
13.70202,100.845455,1.0
13.70202,100.851515,3.0
13.70202,100.857576,1.0
13.70202,100.863636,2.0
13.70202,100.869697,-1.0
13.70202,100.875758,2.0
13.70202,100.881818,2.0
13.70202,100.887879,5.0
13.70202,100.893939,3.0
13.70202,100.9,4.0
13.707071,100.3,7.0
13.707071,100.306061,8.0
13.707071,100.312121,6.0
13.707071,100.318182,6.0
13.707071,100.324242,11.0
13.707071,100.330303,3.0
13.707071,100.336364,6.0
13.707071,100.342424,5.0
13.707071,100.348485,5.0
13.707071,100.354545,9.0
13.707071,100.360606,6.0
13.707071,100.366667,10.0
13.707071,100.372727,6.0
13.707071,100.378788,6.0
13.707071,100.384848,7.0
13.707071,100.390909,6.0
13.707071,100.39697,6.0
13.707071,100.40303,5.0
13.707071,100.409091,7.0
13.707071,100.415152,8.0
13.707071,100.421212,10.0
13.707071,100.427273,8.0
13.707071,100.433333,4.0
13.707071,100.439394,9.0
13.707071,100.445455,9.0
13.707071,100.451515,13.0
13.707071,100.457576,5.0
13.707071,100.463636,7.0
13.707071,100.469697,10.0
13.707071,100.475758,9.0
13.707071,100.481818,6.0
13.707071,100.487879,9.0
13.707071,100.493939,8.0
13.707071,100.5,5.0
13.707071,100.506061,12.0
13.707071,100.512121,6.0
13.707071,100.518182,13.0
13.707071,100.524242,8.0
13.707071,100.530303,8.0
13.707071,100.536364,13.0
13.707071,100.542424,7.0
13.707071,100.548485,10.0
13.707071,100.554545,1.0
13.707071,100.560606,2.0
13.707071,100.566667,6.0
13.707071,100.572727,2.0
13.707071,100.578788,6.0
13.707071,100.584848,4.0
13.707071,100.590909,3.0
13.707071,100.59697,5.0
13.707071,100.60303,3.0
13.707071,100.609091,4.0
13.707071,100.615152,6.0
13.707071,100.621212,7.0
13.707071,100.627273,6.0
13.707071,100.633333,1.0
13.707071,100.639394,5.0
13.707071,100.645455,6.0
13.707071,100.651515,1.0
13.707071,100.657576,4.0
13.707071,100.663636,1.0
13.707071,100.669697,3.0
13.707071,100.675758,8.0
13.707071,100.681818,3.0
13.707071,100.687879,3.0
13.707071,100.693939,5.0
13.707071,100.7,-1.0
13.707071,100.706061,5.0
13.707071,100.712121,4.0
13.707071,100.718182,1.0
13.707071,100.724242,4.0
13.707071,100.730303,4.0
13.707071,100.736364,5.0
13.707071,100.742424,3.0
13.707071,100.748485,-1.0
13.707071,100.754545,5.0
13.707071,100.760606,1.0
13.707071,100.766667,3.0
13.707071,100.772727,1.0
13.707071,100.778788,2.0
13.707071,100.784848,3.0
13.707071,100.790909,3.0
13.707071,100.79697,2.0
13.707071,100.80303,2.0
13.707071,100.809091,5.0
13.707071,100.815152,5.0
13.707071,100.821212,5.0
13.707071,100.827273,3.0
13.707071,100.833333,3.0
13.707071,100.839394,6.0
13.707071,100.845455,6.0
13.707071,100.851515,5.0
13.707071,100.857576,10.0
13.707071,100.863636,2.0
13.707071,100.869697,2.0
13.707071,100.875758,-1.0
13.707071,100.881818,2.0
13.707071,100.887879,2.0
13.707071,100.893939,2.0
13.707071,100.9,2.0
13.712121,100.3,6.0
13.712121,100.306061,6.0
13.712121,100.312121,5.0
13.712121,100.318182,3.0
13.712121,100.324242,3.0
13.712121,100.330303,5.0
13.712121,100.336364,5.0
13.712121,100.342424,6.0
13.712121,100.348485,4.0
13.712121,100.354545,9.0
13.712121,100.360606,13.0
13.712121,100.366667,6.0
13.712121,100.372727,9.0
13.712121,100.378788,9.0
13.712121,100.384848,5.0
13.712121,100.390909,11.0
13.712121,100.39697,8.0
13.712121,100.40303,11.0
13.712121,100.409091,4.0
13.712121,100.415152,6.0
13.712121,100.421212,7.0
13.712121,100.427273,10.0
13.712121,100.433333,18.0
13.712121,100.439394,6.0
13.712121,100.445455,6.0
13.712121,100.451515,7.0
13.712121,100.457576,8.0
13.712121,100.463636,12.0
13.712121,100.469697,5.0
13.712121,100.475758,8.0
13.712121,100.481818,6.0
13.712121,100.487879,7.0
13.712121,100.493939,7.0
13.712121,100.5,11.0
13.712121,100.506061,6.0
13.712121,100.512121,4.0
13.712121,100.518182,11.0
13.712121,100.524242,8.0
13.712121,100.530303,8.0
13.712121,100.536364,7.0
13.712121,100.542424,12.0
13.712121,100.548485,8.0
13.712121,100.554545,7.0
13.712121,100.560606,7.0
13.712121,100.566667,7.0
13.712121,100.572727,7.0
13.712121,100.578788,10.0
13.712121,100.584848,8.0
13.712121,100.590909,5.0
13.712121,100.59697,8.0
13.712121,100.60303,6.0
13.712121,100.609091,10.0
13.712121,100.615152,5.0
13.712121,100.621212,4.0
13.712121,100.627273,6.0
13.712121,100.633333,4.0
13.712121,100.639394,5.0
13.712121,100.645455,9.0
13.712121,100.651515,4.0
13.712121,100.657576,6.0
13.712121,100.663636,4.0
13.712121,100.669697,5.0
13.712121,100.675758,8.0
13.712121,100.681818,3.0
13.712121,100.687879,4.0
13.712121,100.693939,1.0
13.712121,100.7,3.0
13.712121,100.706061,4.0
13.712121,100.712121,3.0
13.712121,100.718182,4.0
13.712121,100.724242,2.0
13.712121,100.730303,5.0
13.712121,100.736364,3.0
13.712121,100.742424,3.0
13.712121,100.748485,5.0
13.712121,100.754545,2.0
13.712121,100.760606,2.0
13.712121,100.766667,2.0
13.712121,100.772727,2.0
13.712121,100.778788,2.0
13.712121,100.784848,2.0
13.712121,100.790909,2.0
13.712121,100.79697,5.0
13.712121,100.80303,4.0
13.712121,100.809091,2.0
13.712121,100.815152,5.0
13.712121,100.821212,5.0
13.712121,100.827273,3.0
13.712121,100.833333,1.0
13.712121,100.839394,5.0
13.712121,100.845455,3.0
13.712121,100.851515,3.0
13.712121,100.857576,4.0
13.712121,100.863636,6.0
13.712121,100.869697,1.0
13.712121,100.875758,3.0
13.712121,100.881818,1.0
13.712121,100.887879,1.0
13.712121,100.893939,1.0
13.712121,100.9,3.0
13.717172,100.3,6.0
13.717172,100.306061,1.0
13.717172,100.312121,2.0
13.717172,100.318182,8.0
13.717172,100.324242,2.0
13.717172,100.330303,4.0
13.717172,100.336364,4.0
13.717172,100.342424,5.0
13.717172,100.348485,5.0
13.717172,100.354545,7.0
13.717172,100.360606,5.0
13.717172,100.366667,2.0
13.717172,100.372727,7.0
13.717172,100.378788,6.0
13.717172,100.384848,6.0
13.717172,100.390909,7.0
13.717172,100.39697,6.0
13.717172,100.40303,6.0
13.717172,100.409091,6.0
13.717172,100.415152,4.0
13.717172,100.421212,9.0
13.717172,100.427273,10.0
13.717172,100.433333,8.0
13.717172,100.439394,6.0
13.717172,100.445455,5.0
13.717172,100.451515,9.0
13.717172,100.457576,9.0
13.717172,100.463636,8.0
13.717172,100.469697,7.0
13.717172,100.475758,6.0
13.717172,100.481818,5.0
13.717172,100.487879,5.0
13.717172,100.493939,9.0
13.717172,100.5,8.0
13.717172,100.506061,8.0
13.717172,100.512121,3.0
13.717172,100.518182,8.0
13.717172,100.524242,7.0
13.717172,100.530303,9.0
13.717172,100.536364,16.0
13.717172,100.542424,10.0
13.717172,100.548485,9.0
13.717172,100.554545,8.0
13.717172,100.560606,7.0
13.717172,100.566667,8.0
13.717172,100.572727,24.0
13.717172,100.578788,8.0
13.717172,100.584848,6.0
13.717172,100.590909,10.0
13.717172,100.59697,3.0
13.717172,100.60303,6.0
13.717172,100.609091,5.0
13.717172,100.615152,7.0
13.717172,100.621212,3.0
13.717172,100.627273,4.0
13.717172,100.633333,-1.0
13.717172,100.639394,4.0
13.717172,100.645455,6.0
13.717172,100.651515,5.0
13.717172,100.657576,6.0
13.717172,100.663636,5.0
13.717172,100.669697,6.0
13.717172,100.675758,4.0
13.717172,100.681818,5.0
13.717172,100.687879,4.0
13.717172,100.693939,4.0
13.717172,100.7,1.0
13.717172,100.706061,13.0
13.717172,100.712121,3.0
13.717172,100.718182,6.0
13.717172,100.724242,5.0
13.717172,100.730303,1.0
13.717172,100.736364,6.0
13.717172,100.742424,4.0
13.717172,100.748485,5.0
13.717172,100.754545,-1.0
13.717172,100.760606,6.0
13.717172,100.766667,-1.0
13.717172,100.772727,5.0
13.717172,100.778788,2.0
13.717172,100.784848,5.0
13.717172,100.790909,2.0
13.717172,100.79697,4.0
13.717172,100.80303,4.0
13.717172,100.809091,5.0
13.717172,100.815152,3.0
13.717172,100.821212,5.0
13.717172,100.827273,7.0
13.717172,100.833333,1.0
13.717172,100.839394,3.0
13.717172,100.845455,6.0
13.717172,100.851515,3.0
13.717172,100.857576,4.0
13.717172,100.863636,4.0
13.717172,100.869697,2.0
13.717172,100.875758,5.0
13.717172,100.881818,6.0
13.717172,100.887879,1.0
13.717172,100.893939,2.0
13.717172,100.9,1.0
13.722222,100.3,2.0
13.722222,100.306061,5.0
13.722222,100.312121,2.0
13.722222,100.318182,4.0
13.722222,100.324242,5.0
13.722222,100.330303,9.0
13.722222,100.336364,1.0
13.722222,100.342424,5.0
13.722222,100.348485,3.0
13.722222,100.354545,2.0
13.722222,100.360606,6.0
13.722222,100.366667,4.0
13.722222,100.372727,7.0
13.722222,100.378788,5.0
13.722222,100.384848,5.0
13.722222,100.390909,4.0
13.722222,100.39697,8.0
13.722222,100.40303,5.0
13.722222,100.409091,6.0
13.722222,100.415152,7.0
13.722222,100.421212,9.0
13.722222,100.427273,8.0
13.722222,100.433333,7.0
13.722222,100.439394,8.0
13.722222,100.445455,8.0
13.722222,100.451515,9.0
13.722222,100.457576,5.0
13.722222,100.463636,15.0
13.722222,100.469697,10.0
13.722222,100.475758,5.0
13.722222,100.481818,7.0
13.722222,100.487879,8.0
13.722222,100.493939,10.0
13.722222,100.5,14.0
13.722222,100.506061,10.0
13.722222,100.512121,5.0
13.722222,100.518182,9.0
13.722222,100.524242,10.0
13.722222,100.530303,15.0
13.722222,100.536364,11.0
13.722222,100.542424,7.0
13.722222,100.548485,11.0
13.722222,100.554545,8.0
13.722222,100.560606,4.0
13.722222,100.566667,8.0
13.722222,100.572727,10.0
13.722222,100.578788,9.0
13.722222,100.584848,10.0
13.722222,100.590909,6.0
13.722222,100.59697,6.0
13.722222,100.60303,8.0
13.722222,100.609091,8.0
13.722222,100.615152,6.0
13.722222,100.621212,4.0
13.722222,100.627273,7.0
13.722222,100.633333,6.0
13.722222,100.639394,4.0
13.722222,100.645455,4.0
13.722222,100.651515,5.0
13.722222,100.657576,5.0
13.722222,100.663636,6.0
13.722222,100.669697,8.0
13.722222,100.675758,4.0
13.722222,100.681818,6.0
13.722222,100.687879,3.0
13.722222,100.693939,4.0
13.722222,100.7,2.0
13.722222,100.706061,3.0
13.722222,100.712121,8.0
13.722222,100.718182,3.0
13.722222,100.724242,4.0
13.722222,100.730303,5.0
13.722222,100.736364,4.0
13.722222,100.742424,-1.0
13.722222,100.748485,5.0
13.722222,100.754545,6.0
13.722222,100.760606,3.0
13.722222,100.766667,6.0
13.722222,100.772727,2.0
13.722222,100.778788,5.0
13.722222,100.784848,10.0
13.722222,100.790909,5.0
13.722222,100.79697,3.0
13.722222,100.80303,8.0
13.722222,100.809091,4.0
13.722222,100.815152,4.0
13.722222,100.821212,4.0
13.722222,100.827273,2.0
13.722222,100.833333,5.0
13.722222,100.839394,3.0
13.722222,100.845455,1.0
13.722222,100.851515,6.0
13.722222,100.857576,5.0
13.722222,100.863636,5.0
13.722222,100.869697,6.0
13.722222,100.875758,5.0
13.722222,100.881818,9.0
13.722222,100.887879,5.0
13.722222,100.893939,1.0
13.722222,100.9,5.0
13.727273,100.3,8.0
13.727273,100.306061,4.0
13.727273,100.312121,3.0
13.727273,100.318182,-1.0
13.727273,100.324242,8.0
13.727273,100.330303,3.0
13.727273,100.336364,6.0
13.727273,100.342424,4.0
13.727273,100.348485,2.0
13.727273,100.354545,5.0
13.727273,100.360606,5.0
13.727273,100.366667,7.0
13.727273,100.372727,5.0
13.727273,100.378788,8.0
13.727273,100.384848,7.0
13.727273,100.390909,4.0
13.727273,100.39697,5.0
13.727273,100.40303,4.0
13.727273,100.409091,4.0
13.727273,100.415152,4.0
13.727273,100.421212,7.0
13.727273,100.427273,5.0
13.727273,100.433333,9.0
13.727273,100.439394,7.0
13.727273,100.445455,8.0
13.727273,100.451515,7.0
13.727273,100.457576,8.0
13.727273,100.463636,7.0
13.727273,100.469697,11.0
13.727273,100.475758,9.0
13.727273,100.481818,8.0
13.727273,100.487879,8.0
13.727273,100.493939,14.0
13.727273,100.5,8.0
13.727273,100.506061,8.0
13.727273,100.512121,5.0
13.727273,100.518182,11.0
13.727273,100.524242,21.0
13.727273,100.530303,17.0
13.727273,100.536364,9.0
13.727273,100.542424,10.0
13.727273,100.548485,9.0
13.727273,100.554545,10.0
13.727273,100.560606,8.0
13.727273,100.566667,7.0
13.727273,100.572727,8.0
13.727273,100.578788,8.0
13.727273,100.584848,9.0
13.727273,100.590909,6.0
13.727273,100.59697,7.0
13.727273,100.60303,6.0
13.727273,100.609091,5.0
13.727273,100.615152,5.0
13.727273,100.621212,6.0
13.727273,100.627273,2.0
13.727273,100.633333,3.0
13.727273,100.639394,5.0
13.727273,100.645455,2.0
13.727273,100.651515,7.0
13.727273,100.657576,16.0
13.727273,100.663636,6.0
13.727273,100.669697,7.0
13.727273,100.675758,4.0
13.727273,100.681818,3.0
13.727273,100.687879,4.0
13.727273,100.693939,3.0
13.727273,100.7,1.0
13.727273,100.706061,1.0
13.727273,100.712121,8.0
13.727273,100.718182,4.0
13.727273,100.724242,6.0
13.727273,100.730303,5.0
13.727273,100.736364,6.0
13.727273,100.742424,6.0
13.727273,100.748485,3.0
13.727273,100.754545,4.0
13.727273,100.760606,5.0
13.727273,100.766667,3.0
13.727273,100.772727,7.0
13.727273,100.778788,5.0
13.727273,100.784848,1.0
13.727273,100.790909,2.0
13.727273,100.79697,5.0
13.727273,100.80303,3.0
13.727273,100.809091,2.0
13.727273,100.815152,-2.0
13.727273,100.821212,5.0
13.727273,100.827273,6.0
13.727273,100.833333,5.0
13.727273,100.839394,6.0
13.727273,100.845455,2.0
13.727273,100.851515,-6.0
13.727273,100.857576,1.0
13.727273,100.863636,1.0
13.727273,100.869697,3.0
13.727273,100.875758,6.0
13.727273,100.881818,4.0
13.727273,100.887879,6.0
13.727273,100.893939,3.0
13.727273,100.9,4.0
13.732323,100.3,6.0
13.732323,100.306061,1.0
13.732323,100.312121,2.0
13.732323,100.318182,6.0
13.732323,100.324242,3.0
13.732323,100.330303,7.0
13.732323,100.336364,4.0
13.732323,100.342424,3.0
13.732323,100.348485,4.0
13.732323,100.354545,7.0
13.732323,100.360606,5.0
13.732323,100.366667,7.0
13.732323,100.372727,6.0
13.732323,100.378788,4.0
13.732323,100.384848,6.0
13.732323,100.390909,5.0
13.732323,100.39697,7.0
13.732323,100.40303,5.0
13.732323,100.409091,7.0
13.732323,100.415152,4.0
13.732323,100.421212,5.0
13.732323,100.427273,5.0
13.732323,100.433333,5.0
13.732323,100.439394,10.0
13.732323,100.445455,6.0
13.732323,100.451515,7.0
13.732323,100.457576,6.0
13.732323,100.463636,5.0
13.732323,100.469697,3.0
13.732323,100.475758,6.0
13.732323,100.481818,8.0
13.732323,100.487879,10.0
13.732323,100.493939,8.0
13.732323,100.5,11.0
13.732323,100.506061,6.0
13.732323,100.512121,5.0
13.732323,100.518182,12.0
13.732323,100.524242,10.0
13.732323,100.530303,4.0
13.732323,100.536364,6.0
13.732323,100.542424,8.0
13.732323,100.548485,8.0
13.732323,100.554545,9.0
13.732323,100.560606,2.0
13.732323,100.566667,14.0
13.732323,100.572727,18.0
13.732323,100.578788,9.0
13.732323,100.584848,8.0
13.732323,100.590909,5.0
13.732323,100.59697,10.0
13.732323,100.60303,5.0
13.732323,100.609091,5.0
13.732323,100.615152,4.0
13.732323,100.621212,4.0
13.732323,100.627273,5.0
13.732323,100.633333,7.0
13.732323,100.639394,3.0
13.732323,100.645455,8.0
13.732323,100.651515,2.0
13.732323,100.657576,5.0
13.732323,100.663636,2.0
13.732323,100.669697,5.0
13.732323,100.675758,4.0
13.732323,100.681818,4.0
13.732323,100.687879,4.0
13.732323,100.693939,2.0
13.732323,100.7,1.0
13.732323,100.706061,2.0
13.732323,100.712121,2.0
13.732323,100.718182,5.0
13.732323,100.724242,8.0
13.732323,100.730303,1.0
13.732323,100.736364,4.0
13.732323,100.742424,3.0
13.732323,100.748485,2.0
13.732323,100.754545,3.0
13.732323,100.760606,-4.0
13.732323,100.766667,4.0
13.732323,100.772727,2.0
13.732323,100.778788,5.0
13.732323,100.784848,3.0
13.732323,100.790909,1.0
13.732323,100.79697,3.0
13.732323,100.80303,1.0
13.732323,100.809091,5.0
13.732323,100.815152,3.0
13.732323,100.821212,2.0
13.732323,100.827273,7.0
13.732323,100.833333,4.0
13.732323,100.839394,5.0
13.732323,100.845455,-1.0
13.732323,100.851515,1.0
13.732323,100.857576,1.0
13.732323,100.863636,2.0
13.732323,100.869697,2.0
13.732323,100.875758,4.0
13.732323,100.881818,1.0
13.732323,100.887879,2.0
13.732323,100.893939,5.0
13.732323,100.9,4.0
13.737374,100.3,4.0
13.737374,100.306061,10.0
13.737374,100.312121,5.0
13.737374,100.318182,1.0
13.737374,100.324242,4.0
13.737374,100.330303,4.0
13.737374,100.336364,4.0
13.737374,100.342424,5.0
13.737374,100.348485,3.0
13.737374,100.354545,2.0
13.737374,100.360606,5.0
13.737374,100.366667,6.0
13.737374,100.372727,6.0
13.737374,100.378788,5.0
13.737374,100.384848,8.0
13.737374,100.390909,6.0
13.737374,100.39697,8.0
13.737374,100.40303,8.0
13.737374,100.409091,4.0
13.737374,100.415152,5.0
13.737374,100.421212,7.0
13.737374,100.427273,4.0
13.737374,100.433333,4.0
13.737374,100.439394,10.0
13.737374,100.445455,9.0
13.737374,100.451515,7.0
13.737374,100.457576,8.0
13.737374,100.463636,4.0
13.737374,100.469697,5.0
13.737374,100.475758,7.0
13.737374,100.481818,7.0
13.737374,100.487879,7.0
13.737374,100.493939,6.0
13.737374,100.5,6.0
13.737374,100.506061,5.0
13.737374,100.512121,14.0
13.737374,100.518182,8.0
13.737374,100.524242,8.0
13.737374,100.530303,18.0
13.737374,100.536364,4.0
13.737374,100.542424,14.0
13.737374,100.548485,10.0
13.737374,100.554545,10.0
13.737374,100.560606,11.0
13.737374,100.566667,11.0
13.737374,100.572727,8.0
13.737374,100.578788,11.0
13.737374,100.584848,5.0
13.737374,100.590909,9.0
13.737374,100.59697,-1.0
13.737374,100.60303,4.0
13.737374,100.609091,9.0
13.737374,100.615152,7.0
13.737374,100.621212,7.0
13.737374,100.627273,6.0
13.737374,100.633333,9.0
13.737374,100.639394,2.0
13.737374,100.645455,6.0
13.737374,100.651515,2.0
13.737374,100.657576,5.0
13.737374,100.663636,1.0
13.737374,100.669697,1.0
13.737374,100.675758,5.0
13.737374,100.681818,5.0
13.737374,100.687879,4.0
13.737374,100.693939,1.0
13.737374,100.7,4.0
13.737374,100.706061,2.0
13.737374,100.712121,7.0
13.737374,100.718182,4.0
13.737374,100.724242,7.0
13.737374,100.730303,3.0
13.737374,100.736364,3.0
13.737374,100.742424,3.0
13.737374,100.748485,2.0
13.737374,100.754545,1.0
13.737374,100.760606,-2.0
13.737374,100.766667,8.0
13.737374,100.772727,5.0
13.737374,100.778788,1.0
13.737374,100.784848,2.0
13.737374,100.790909,3.0
13.737374,100.79697,3.0
13.737374,100.80303,1.0
13.737374,100.809091,3.0
13.737374,100.815152,4.0
13.737374,100.821212,3.0
13.737374,100.827273,1.0
13.737374,100.833333,3.0
13.737374,100.839394,7.0
13.737374,100.845455,-1.0
13.737374,100.851515,1.0
13.737374,100.857576,1.0
13.737374,100.863636,5.0
13.737374,100.869697,3.0
13.737374,100.875758,1.0
13.737374,100.881818,5.0
13.737374,100.887879,2.0
13.737374,100.893939,3.0
13.737374,100.9,3.0
13.742424,100.3,4.0
13.742424,100.306061,5.0
13.742424,100.312121,4.0
13.742424,100.318182,3.0
13.742424,100.324242,4.0
13.742424,100.330303,7.0
13.742424,100.336364,7.0
13.742424,100.342424,6.0
13.742424,100.348485,3.0
13.742424,100.354545,3.0
13.742424,100.360606,1.0
13.742424,100.366667,6.0
13.742424,100.372727,5.0
13.742424,100.378788,8.0
13.742424,100.384848,3.0
13.742424,100.390909,8.0
13.742424,100.39697,6.0
13.742424,100.40303,5.0
13.742424,100.409091,7.0
13.742424,100.415152,6.0
13.742424,100.421212,7.0
13.742424,100.427273,6.0
13.742424,100.433333,8.0
13.742424,100.439394,8.0
13.742424,100.445455,12.0
13.742424,100.451515,8.0
13.742424,100.457576,6.0
13.742424,100.463636,8.0
13.742424,100.469697,7.0
13.742424,100.475758,6.0
13.742424,100.481818,8.0
13.742424,100.487879,8.0
13.742424,100.493939,11.0
13.742424,100.5,11.0
13.742424,100.506061,14.0
13.742424,100.512121,11.0
13.742424,100.518182,19.0
13.742424,100.524242,7.0
13.742424,100.530303,12.0
13.742424,100.536364,22.0
13.742424,100.542424,12.0
13.742424,100.548485,18.0
13.742424,100.554545,16.0
13.742424,100.560606,13.0
13.742424,100.566667,11.0
13.742424,100.572727,14.0
13.742424,100.578788,5.0
13.742424,100.584848,9.0
13.742424,100.590909,6.0
13.742424,100.59697,6.0
13.742424,100.60303,5.0
13.742424,100.609091,11.0
13.742424,100.615152,4.0
13.742424,100.621212,5.0
13.742424,100.627273,5.0
13.742424,100.633333,9.0
13.742424,100.639394,6.0
13.742424,100.645455,4.0
13.742424,100.651515,8.0
13.742424,100.657576,4.0
13.742424,100.663636,7.0
13.742424,100.669697,6.0
13.742424,100.675758,3.0
13.742424,100.681818,2.0
13.742424,100.687879,4.0
13.742424,100.693939,7.0
13.742424,100.7,3.0
13.742424,100.706061,2.0
13.742424,100.712121,4.0
13.742424,100.718182,8.0
13.742424,100.724242,4.0
13.742424,100.730303,8.0
13.742424,100.736364,3.0
13.742424,100.742424,4.0
13.742424,100.748485,3.0
13.742424,100.754545,5.0
13.742424,100.760606,2.0
13.742424,100.766667,4.0
13.742424,100.772727,1.0
13.742424,100.778788,4.0
13.742424,100.784848,3.0
13.742424,100.790909,5.0
13.742424,100.79697,3.0
13.742424,100.80303,-2.0
13.742424,100.809091,4.0
13.742424,100.815152,2.0
13.742424,100.821212,1.0
13.742424,100.827273,4.0
13.742424,100.833333,2.0
13.742424,100.839394,6.0
13.742424,100.845455,5.0
13.742424,100.851515,4.0
13.742424,100.857576,2.0
13.742424,100.863636,3.0
13.742424,100.869697,3.0
13.742424,100.875758,4.0
13.742424,100.881818,6.0
13.742424,100.887879,4.0
13.742424,100.893939,2.0
13.742424,100.9,-1.0
13.747475,100.3,6.0
13.747475,100.306061,6.0
13.747475,100.312121,6.0
13.747475,100.318182,4.0
13.747475,100.324242,5.0
13.747475,100.330303,2.0
13.747475,100.336364,2.0
13.747475,100.342424,2.0
13.747475,100.348485,5.0
13.747475,100.354545,5.0
13.747475,100.360606,4.0
13.747475,100.366667,5.0
13.747475,100.372727,2.0
13.747475,100.378788,4.0
13.747475,100.384848,7.0
13.747475,100.390909,6.0
13.747475,100.39697,8.0
13.747475,100.40303,5.0
13.747475,100.409091,3.0
13.747475,100.415152,7.0
13.747475,100.421212,6.0
13.747475,100.427273,7.0
13.747475,100.433333,7.0
13.747475,100.439394,8.0
13.747475,100.445455,6.0
13.747475,100.451515,6.0
13.747475,100.457576,7.0
13.747475,100.463636,7.0
13.747475,100.469697,12.0
13.747475,100.475758,6.0
13.747475,100.481818,9.0
13.747475,100.487879,5.0
13.747475,100.493939,4.0
13.747475,100.5,9.0
13.747475,100.506061,10.0
13.747475,100.512121,12.0
13.747475,100.518182,11.0
13.747475,100.524242,8.0
13.747475,100.530303,10.0
13.747475,100.536364,10.0
13.747475,100.542424,12.0
13.747475,100.548485,16.0
13.747475,100.554545,11.0
13.747475,100.560606,5.0
13.747475,100.566667,23.0
13.747475,100.572727,8.0
13.747475,100.578788,9.0
13.747475,100.584848,12.0
13.747475,100.590909,3.0
13.747475,100.59697,2.0
13.747475,100.60303,7.0
13.747475,100.609091,7.0
13.747475,100.615152,6.0
13.747475,100.621212,6.0
13.747475,100.627273,6.0
13.747475,100.633333,6.0
13.747475,100.639394,3.0
13.747475,100.645455,2.0
13.747475,100.651515,3.0
13.747475,100.657576,3.0
13.747475,100.663636,4.0
13.747475,100.669697,1.0
13.747475,100.675758,4.0
13.747475,100.681818,7.0
13.747475,100.687879,3.0
13.747475,100.693939,6.0
13.747475,100.7,4.0
13.747475,100.706061,2.0
13.747475,100.712121,4.0
13.747475,100.718182,3.0
13.747475,100.724242,4.0
13.747475,100.730303,-2.0
13.747475,100.736364,5.0
13.747475,100.742424,6.0
13.747475,100.748485,4.0
13.747475,100.754545,6.0
13.747475,100.760606,-1.0
13.747475,100.766667,-1.0
13.747475,100.772727,4.0
13.747475,100.778788,3.0
13.747475,100.784848,4.0
13.747475,100.790909,5.0
13.747475,100.79697,2.0
13.747475,100.80303,6.0
13.747475,100.809091,2.0
13.747475,100.815152,4.0
13.747475,100.821212,7.0
13.747475,100.827273,3.0
13.747475,100.833333,7.0
13.747475,100.839394,2.0
13.747475,100.845455,3.0
13.747475,100.851515,-2.0
13.747475,100.857576,1.0
13.747475,100.863636,5.0
13.747475,100.869697,2.0
13.747475,100.875758,4.0
13.747475,100.881818,4.0
13.747475,100.887879,5.0
13.747475,100.893939,2.0
13.747475,100.9,5.0
13.752525,100.3,5.0
13.752525,100.306061,4.0
13.752525,100.312121,5.0
13.752525,100.318182,3.0
13.752525,100.324242,4.0
13.752525,100.330303,5.0
13.752525,100.336364,2.0
13.752525,100.342424,4.0
13.752525,100.348485,6.0
13.752525,100.354545,4.0
13.752525,100.360606,4.0
13.752525,100.366667,6.0
13.752525,100.372727,7.0
13.752525,100.378788,8.0
13.752525,100.384848,7.0
13.752525,100.390909,5.0
13.752525,100.39697,3.0
13.752525,100.40303,1.0
13.752525,100.409091,3.0
13.752525,100.415152,7.0
13.752525,100.421212,4.0
13.752525,100.427273,4.0
13.752525,100.433333,6.0
13.752525,100.439394,6.0
13.752525,100.445455,7.0
13.752525,100.451515,13.0
13.752525,100.457576,5.0
13.752525,100.463636,7.0
13.752525,100.469697,10.0
13.752525,100.475758,7.0
13.752525,100.481818,10.0
13.752525,100.487879,5.0
13.752525,100.493939,3.0
13.752525,100.5,11.0
13.752525,100.506061,8.0
13.752525,100.512121,7.0
13.752525,100.518182,11.0
13.752525,100.524242,9.0
13.752525,100.530303,11.0
13.752525,100.536364,12.0
13.752525,100.542424,9.0
13.752525,100.548485,7.0
13.752525,100.554545,2.0
13.752525,100.560606,4.0
13.752525,100.566667,25.0
13.752525,100.572727,6.0
13.752525,100.578788,5.0
13.752525,100.584848,5.0
13.752525,100.590909,7.0
13.752525,100.59697,8.0
13.752525,100.60303,5.0
13.752525,100.609091,8.0
13.752525,100.615152,6.0
13.752525,100.621212,9.0
13.752525,100.627273,8.0
13.752525,100.633333,5.0
13.752525,100.639394,5.0
13.752525,100.645455,7.0
13.752525,100.651515,3.0
13.752525,100.657576,5.0
13.752525,100.663636,4.0
13.752525,100.669697,2.0
13.752525,100.675758,5.0
13.752525,100.681818,3.0
13.752525,100.687879,1.0
13.752525,100.693939,1.0
13.752525,100.7,-1.0
13.752525,100.706061,6.0
13.752525,100.712121,2.0
13.752525,100.718182,1.0
13.752525,100.724242,8.0
13.752525,100.730303,1.0
13.752525,100.736364,2.0
13.752525,100.742424,1.0
13.752525,100.748485,4.0
13.752525,100.754545,6.0
13.752525,100.760606,4.0
13.752525,100.766667,2.0
13.752525,100.772727,3.0
13.752525,100.778788,3.0
13.752525,100.784848,1.0
13.752525,100.790909,5.0
13.752525,100.79697,1.0
13.752525,100.80303,3.0
13.752525,100.809091,2.0
13.752525,100.815152,5.0
13.752525,100.821212,2.0
13.752525,100.827273,5.0
13.752525,100.833333,-3.0
13.752525,100.839394,5.0
13.752525,100.845455,1.0
13.752525,100.851515,5.0
13.752525,100.857576,4.0
13.752525,100.863636,3.0
13.752525,100.869697,2.0
13.752525,100.875758,4.0
13.752525,100.881818,4.0
13.752525,100.887879,4.0
13.752525,100.893939,2.0
13.752525,100.9,1.0
13.757576,100.3,5.0
13.757576,100.306061,2.0
13.757576,100.312121,4.0
13.757576,100.318182,5.0
13.757576,100.324242,5.0
13.757576,100.330303,8.0
13.757576,100.336364,2.0
13.757576,100.342424,4.0
13.757576,100.348485,5.0
13.757576,100.354545,7.0
13.757576,100.360606,5.0
13.757576,100.366667,4.0
13.757576,100.372727,4.0
13.757576,100.378788,4.0
13.757576,100.384848,4.0
13.757576,100.390909,5.0
13.757576,100.39697,5.0
13.757576,100.40303,4.0
13.757576,100.409091,7.0
13.757576,100.415152,4.0
13.757576,100.421212,9.0
13.757576,100.427273,5.0
13.757576,100.433333,8.0
13.757576,100.439394,7.0
13.757576,100.445455,6.0
13.757576,100.451515,7.0
13.757576,100.457576,7.0
13.757576,100.463636,9.0
13.757576,100.469697,8.0
13.757576,100.475758,8.0
13.757576,100.481818,6.0
13.757576,100.487879,5.0
13.757576,100.493939,8.0
13.757576,100.5,15.0
13.757576,100.506061,13.0
13.757576,100.512121,8.0
13.757576,100.518182,6.0
13.757576,100.524242,14.0
13.757576,100.530303,8.0
13.757576,100.536364,12.0
13.757576,100.542424,8.0
13.757576,100.548485,3.0
13.757576,100.554545,6.0
13.757576,100.560606,4.0
13.757576,100.566667,2.0
13.757576,100.572727,5.0
13.757576,100.578788,2.0
13.757576,100.584848,9.0
13.757576,100.590909,4.0
13.757576,100.59697,3.0
13.757576,100.60303,5.0
13.757576,100.609091,7.0
13.757576,100.615152,9.0
13.757576,100.621212,5.0
13.757576,100.627273,2.0
13.757576,100.633333,3.0
13.757576,100.639394,6.0
13.757576,100.645455,9.0
13.757576,100.651515,7.0
13.757576,100.657576,2.0
13.757576,100.663636,4.0
13.757576,100.669697,3.0
13.757576,100.675758,6.0
13.757576,100.681818,2.0
13.757576,100.687879,1.0
13.757576,100.693939,2.0
13.757576,100.7,-1.0
13.757576,100.706061,-1.0
13.757576,100.712121,5.0
13.757576,100.718182,2.0
13.757576,100.724242,5.0
13.757576,100.730303,7.0
13.757576,100.736364,2.0
13.757576,100.742424,3.0
13.757576,100.748485,5.0
13.757576,100.754545,5.0
13.757576,100.760606,5.0
13.757576,100.766667,6.0
13.757576,100.772727,2.0
13.757576,100.778788,4.0
13.757576,100.784848,6.0
13.757576,100.790909,11.0
13.757576,100.79697,5.0
13.757576,100.80303,5.0
13.757576,100.809091,2.0
13.757576,100.815152,3.0
13.757576,100.821212,2.0
13.757576,100.827273,4.0
13.757576,100.833333,2.0
13.757576,100.839394,4.0
13.757576,100.845455,-1.0
13.757576,100.851515,3.0
13.757576,100.857576,3.0
13.757576,100.863636,1.0
13.757576,100.869697,5.0
13.757576,100.875758,3.0
13.757576,100.881818,1.0
13.757576,100.887879,5.0
13.757576,100.893939,1.0
13.757576,100.9,9.0
13.762626,100.3,2.0
13.762626,100.306061,1.0
13.762626,100.312121,6.0
13.762626,100.318182,6.0
13.762626,100.324242,4.0
13.762626,100.330303,7.0
13.762626,100.336364,4.0
13.762626,100.342424,4.0
13.762626,100.348485,6.0
13.762626,100.354545,3.0
13.762626,100.360606,8.0
13.762626,100.366667,4.0
13.762626,100.372727,3.0
13.762626,100.378788,6.0
13.762626,100.384848,4.0
13.762626,100.390909,6.0
13.762626,100.39697,7.0
13.762626,100.40303,1.0
13.762626,100.409091,5.0
13.762626,100.415152,5.0
13.762626,100.421212,7.0
13.762626,100.427273,5.0
13.762626,100.433333,6.0
13.762626,100.439394,6.0
13.762626,100.445455,11.0
13.762626,100.451515,8.0
13.762626,100.457576,3.0
13.762626,100.463636,9.0
13.762626,100.469697,10.0
13.762626,100.475758,12.0
13.762626,100.481818,6.0
13.762626,100.487879,7.0
13.762626,100.493939,12.0
13.762626,100.5,8.0
13.762626,100.506061,21.0
13.762626,100.512121,5.0
13.762626,100.518182,-4.0
13.762626,100.524242,10.0
13.762626,100.530303,9.0
13.762626,100.536364,12.0
13.762626,100.542424,10.0
13.762626,100.548485,12.0
13.762626,100.554545,8.0
13.762626,100.560606,13.0
13.762626,100.566667,9.0
13.762626,100.572727,6.0
13.762626,100.578788,3.0
13.762626,100.584848,2.0
13.762626,100.590909,5.0
13.762626,100.59697,7.0
13.762626,100.60303,6.0
13.762626,100.609091,5.0
13.762626,100.615152,8.0
13.762626,100.621212,6.0
13.762626,100.627273,6.0
13.762626,100.633333,8.0
13.762626,100.639394,8.0
13.762626,100.645455,6.0
13.762626,100.651515,11.0
13.762626,100.657576,2.0
13.762626,100.663636,10.0
13.762626,100.669697,6.0
13.762626,100.675758,2.0
13.762626,100.681818,5.0
13.762626,100.687879,2.0
13.762626,100.693939,2.0
13.762626,100.7,7.0
13.762626,100.706061,3.0
13.762626,100.712121,2.0
13.762626,100.718182,-2.0
13.762626,100.724242,2.0
13.762626,100.730303,2.0
13.762626,100.736364,4.0
13.762626,100.742424,1.0
13.762626,100.748485,9.0
13.762626,100.754545,2.0
13.762626,100.760606,4.0
13.762626,100.766667,5.0
13.762626,100.772727,7.0
13.762626,100.778788,3.0
13.762626,100.784848,4.0
13.762626,100.790909,5.0
13.762626,100.79697,3.0
13.762626,100.80303,4.0
13.762626,100.809091,2.0
13.762626,100.815152,2.0
13.762626,100.821212,5.0
13.762626,100.827273,3.0
13.762626,100.833333,5.0
13.762626,100.839394,1.0
13.762626,100.845455,8.0
13.762626,100.851515,2.0
13.762626,100.857576,3.0
13.762626,100.863636,4.0
13.762626,100.869697,5.0
13.762626,100.875758,2.0
13.762626,100.881818,6.0
13.762626,100.887879,5.0
13.762626,100.893939,6.0
13.762626,100.9,1.0
13.767677,100.3,2.0
13.767677,100.306061,4.0
13.767677,100.312121,4.0
13.767677,100.318182,8.0
13.767677,100.324242,5.0
13.767677,100.330303,6.0
13.767677,100.336364,6.0
13.767677,100.342424,4.0
13.767677,100.348485,5.0
13.767677,100.354545,4.0
13.767677,100.360606,4.0
13.767677,100.366667,8.0
13.767677,100.372727,5.0
13.767677,100.378788,5.0
13.767677,100.384848,4.0
13.767677,100.390909,4.0
13.767677,100.39697,9.0
13.767677,100.40303,4.0
13.767677,100.409091,4.0
13.767677,100.415152,8.0
13.767677,100.421212,6.0
13.767677,100.427273,16.0
13.767677,100.433333,7.0
13.767677,100.439394,7.0
13.767677,100.445455,8.0
13.767677,100.451515,9.0
13.767677,100.457576,8.0
13.767677,100.463636,7.0
13.767677,100.469697,6.0
13.767677,100.475758,11.0
13.767677,100.481818,17.0
13.767677,100.487879,8.0
13.767677,100.493939,8.0
13.767677,100.5,13.0
13.767677,100.506061,8.0
13.767677,100.512121,6.0
13.767677,100.518182,8.0
13.767677,100.524242,7.0
13.767677,100.530303,13.0
13.767677,100.536364,6.0
13.767677,100.542424,6.0
13.767677,100.548485,4.0
13.767677,100.554545,7.0
13.767677,100.560606,8.0
13.767677,100.566667,8.0
13.767677,100.572727,8.0
13.767677,100.578788,1.0
13.767677,100.584848,4.0
13.767677,100.590909,1.0
13.767677,100.59697,7.0
13.767677,100.60303,11.0
13.767677,100.609091,7.0
13.767677,100.615152,8.0
13.767677,100.621212,5.0
13.767677,100.627273,7.0
13.767677,100.633333,5.0
13.767677,100.639394,2.0
13.767677,100.645455,5.0
13.767677,100.651515,24.0
13.767677,100.657576,4.0
13.767677,100.663636,9.0
13.767677,100.669697,2.0
13.767677,100.675758,3.0
13.767677,100.681818,7.0
13.767677,100.687879,4.0
13.767677,100.693939,2.0
13.767677,100.7,8.0
13.767677,100.706061,1.0
13.767677,100.712121,2.0
13.767677,100.718182,4.0
13.767677,100.724242,8.0
13.767677,100.730303,6.0
13.767677,100.736364,6.0
13.767677,100.742424,3.0
13.767677,100.748485,3.0
13.767677,100.754545,5.0
13.767677,100.760606,5.0
13.767677,100.766667,2.0
13.767677,100.772727,3.0
13.767677,100.778788,2.0
13.767677,100.784848,6.0
13.767677,100.790909,4.0
13.767677,100.79697,14.0
13.767677,100.80303,6.0
13.767677,100.809091,8.0
13.767677,100.815152,6.0
13.767677,100.821212,2.0
13.767677,100.827273,5.0
13.767677,100.833333,4.0
13.767677,100.839394,3.0
13.767677,100.845455,3.0
13.767677,100.851515,1.0
13.767677,100.857576,4.0
13.767677,100.863636,1.0
13.767677,100.869697,4.0
13.767677,100.875758,3.0
13.767677,100.881818,7.0
13.767677,100.887879,2.0
13.767677,100.893939,7.0
13.767677,100.9,5.0
13.772727,100.3,4.0
13.772727,100.306061,5.0
13.772727,100.312121,7.0
13.772727,100.318182,7.0
13.772727,100.324242,8.0
13.772727,100.330303,4.0
13.772727,100.336364,3.0
13.772727,100.342424,5.0
13.772727,100.348485,5.0
13.772727,100.354545,2.0
13.772727,100.360606,4.0
13.772727,100.366667,6.0
13.772727,100.372727,7.0
13.772727,100.378788,6.0
13.772727,100.384848,4.0
13.772727,100.390909,4.0
13.772727,100.39697,4.0
13.772727,100.40303,6.0
13.772727,100.409091,7.0
13.772727,100.415152,7.0
13.772727,100.421212,7.0
13.772727,100.427273,6.0
13.772727,100.433333,8.0
13.772727,100.439394,9.0
13.772727,100.445455,8.0
13.772727,100.451515,6.0
13.772727,100.457576,7.0
13.772727,100.463636,7.0
13.772727,100.469697,7.0
13.772727,100.475758,6.0
13.772727,100.481818,6.0
13.772727,100.487879,6.0
13.772727,100.493939,9.0
13.772727,100.5,5.0
13.772727,100.506061,8.0
13.772727,100.512121,9.0
13.772727,100.518182,6.0
13.772727,100.524242,7.0
13.772727,100.530303,7.0
13.772727,100.536364,8.0
13.772727,100.542424,12.0
13.772727,100.548485,7.0
13.772727,100.554545,6.0
13.772727,100.560606,9.0
13.772727,100.566667,8.0
13.772727,100.572727,16.0
13.772727,100.578788,8.0
13.772727,100.584848,10.0
13.772727,100.590909,7.0
13.772727,100.59697,6.0
13.772727,100.60303,5.0
13.772727,100.609091,7.0
13.772727,100.615152,19.0
13.772727,100.621212,6.0
13.772727,100.627273,2.0
13.772727,100.633333,5.0
13.772727,100.639394,6.0
13.772727,100.645455,10.0
13.772727,100.651515,7.0
13.772727,100.657576,8.0
13.772727,100.663636,-1.0
13.772727,100.669697,7.0
13.772727,100.675758,5.0
13.772727,100.681818,6.0
13.772727,100.687879,5.0
13.772727,100.693939,5.0
13.772727,100.7,8.0
13.772727,100.706061,2.0
13.772727,100.712121,3.0
13.772727,100.718182,1.0
13.772727,100.724242,1.0
13.772727,100.730303,5.0
13.772727,100.736364,7.0
13.772727,100.742424,4.0
13.772727,100.748485,4.0
13.772727,100.754545,2.0
13.772727,100.760606,3.0
13.772727,100.766667,2.0
13.772727,100.772727,3.0
13.772727,100.778788,4.0
13.772727,100.784848,2.0
13.772727,100.790909,4.0
13.772727,100.79697,2.0
13.772727,100.80303,3.0
13.772727,100.809091,1.0
13.772727,100.815152,4.0
13.772727,100.821212,1.0
13.772727,100.827273,7.0
13.772727,100.833333,-5.0
13.772727,100.839394,3.0
13.772727,100.845455,3.0
13.772727,100.851515,4.0
13.772727,100.857576,4.0
13.772727,100.863636,5.0
13.772727,100.869697,8.0
13.772727,100.875758,2.0
13.772727,100.881818,1.0
13.772727,100.887879,1.0
13.772727,100.893939,5.0
13.772727,100.9,3.0
13.777778,100.3,2.0
13.777778,100.306061,5.0
13.777778,100.312121,13.0
13.777778,100.318182,11.0
13.777778,100.324242,6.0
13.777778,100.330303,3.0
13.777778,100.336364,5.0
13.777778,100.342424,6.0
13.777778,100.348485,3.0
13.777778,100.354545,4.0
13.777778,100.360606,3.0
13.777778,100.366667,6.0
13.777778,100.372727,2.0
13.777778,100.378788,3.0
13.777778,100.384848,4.0
13.777778,100.390909,8.0
13.777778,100.39697,3.0
13.777778,100.40303,9.0
13.777778,100.409091,6.0
13.777778,100.415152,5.0
13.777778,100.421212,5.0
13.777778,100.427273,6.0
13.777778,100.433333,7.0
13.777778,100.439394,15.0
13.777778,100.445455,4.0
13.777778,100.451515,7.0
13.777778,100.457576,7.0
13.777778,100.463636,8.0
13.777778,100.469697,3.0
13.777778,100.475758,34.0
13.777778,100.481818,8.0
13.777778,100.487879,10.0
13.777778,100.493939,8.0
13.777778,100.5,5.0
13.777778,100.506061,8.0
13.777778,100.512121,11.0
13.777778,100.518182,9.0
13.777778,100.524242,5.0
13.777778,100.530303,8.0
13.777778,100.536364,3.0
13.777778,100.542424,11.0
13.777778,100.548485,5.0
13.777778,100.554545,2.0
13.777778,100.560606,10.0
13.777778,100.566667,4.0
13.777778,100.572727,8.0
13.777778,100.578788,9.0
13.777778,100.584848,8.0
13.777778,100.590909,1.0
13.777778,100.59697,7.0
13.777778,100.60303,5.0
13.777778,100.609091,6.0
13.777778,100.615152,5.0
13.777778,100.621212,3.0
13.777778,100.627273,4.0
13.777778,100.633333,7.0
13.777778,100.639394,7.0
13.777778,100.645455,5.0
13.777778,100.651515,8.0
13.777778,100.657576,2.0
13.777778,100.663636,8.0
13.777778,100.669697,5.0
13.777778,100.675758,5.0
13.777778,100.681818,8.0
13.777778,100.687879,2.0
13.777778,100.693939,6.0
13.777778,100.7,4.0
13.777778,100.706061,3.0
13.777778,100.712121,2.0
13.777778,100.718182,3.0
13.777778,100.724242,2.0
13.777778,100.730303,4.0
13.777778,100.736364,5.0
13.777778,100.742424,6.0
13.777778,100.748485,4.0
13.777778,100.754545,2.0
13.777778,100.760606,1.0
13.777778,100.766667,4.0
13.777778,100.772727,2.0
13.777778,100.778788,1.0
13.777778,100.784848,2.0
13.777778,100.790909,7.0
13.777778,100.79697,4.0
13.777778,100.80303,3.0
13.777778,100.809091,5.0
13.777778,100.815152,2.0
13.777778,100.821212,3.0
13.777778,100.827273,2.0
13.777778,100.833333,5.0
13.777778,100.839394,5.0
13.777778,100.845455,6.0
13.777778,100.851515,1.0
13.777778,100.857576,4.0
13.777778,100.863636,5.0
13.777778,100.869697,4.0
13.777778,100.875758,5.0
13.777778,100.881818,6.0
13.777778,100.887879,4.0
13.777778,100.893939,5.0
13.777778,100.9,2.0
13.782828,100.3,3.0
13.782828,100.306061,3.0
13.782828,100.312121,7.0
13.782828,100.318182,8.0
13.782828,100.324242,7.0
13.782828,100.330303,-2.0
13.782828,100.336364,6.0
13.782828,100.342424,3.0
13.782828,100.348485,9.0
13.782828,100.354545,5.0
13.782828,100.360606,3.0
13.782828,100.366667,5.0
13.782828,100.372727,6.0
13.782828,100.378788,2.0
13.782828,100.384848,4.0
13.782828,100.390909,5.0
13.782828,100.39697,5.0
13.782828,100.40303,5.0
13.782828,100.409091,8.0
13.782828,100.415152,7.0
13.782828,100.421212,7.0
13.782828,100.427273,7.0
13.782828,100.433333,7.0
13.782828,100.439394,6.0
13.782828,100.445455,9.0
13.782828,100.451515,5.0
13.782828,100.457576,10.0
13.782828,100.463636,7.0
13.782828,100.469697,7.0
13.782828,100.475758,10.0
13.782828,100.481818,9.0
13.782828,100.487879,8.0
13.782828,100.493939,7.0
13.782828,100.5,9.0
13.782828,100.506061,7.0
13.782828,100.512121,5.0
13.782828,100.518182,4.0
13.782828,100.524242,8.0
13.782828,100.530303,6.0
13.782828,100.536364,15.0
13.782828,100.542424,10.0
13.782828,100.548485,9.0
13.782828,100.554545,8.0
13.782828,100.560606,9.0
13.782828,100.566667,11.0
13.782828,100.572727,7.0
13.782828,100.578788,6.0
13.782828,100.584848,5.0
13.782828,100.590909,7.0
13.782828,100.59697,9.0
13.782828,100.60303,7.0
13.782828,100.609091,1.0
13.782828,100.615152,8.0
13.782828,100.621212,10.0
13.782828,100.627273,4.0
13.782828,100.633333,4.0
13.782828,100.639394,4.0
13.782828,100.645455,7.0
13.782828,100.651515,4.0
13.782828,100.657576,7.0
13.782828,100.663636,8.0
13.782828,100.669697,5.0
13.782828,100.675758,7.0
13.782828,100.681818,6.0
13.782828,100.687879,5.0
13.782828,100.693939,3.0
13.782828,100.7,4.0
13.782828,100.706061,2.0
13.782828,100.712121,3.0
13.782828,100.718182,2.0
13.782828,100.724242,2.0
13.782828,100.730303,7.0
13.782828,100.736364,6.0
13.782828,100.742424,2.0
13.782828,100.748485,2.0
13.782828,100.754545,6.0
13.782828,100.760606,6.0
13.782828,100.766667,3.0
13.782828,100.772727,-1.0
13.782828,100.778788,5.0
13.782828,100.784848,5.0
13.782828,100.790909,2.0
13.782828,100.79697,5.0
13.782828,100.80303,2.0
13.782828,100.809091,7.0
13.782828,100.815152,3.0
13.782828,100.821212,3.0
13.782828,100.827273,6.0
13.782828,100.833333,2.0
13.782828,100.839394,3.0
13.782828,100.845455,5.0
13.782828,100.851515,2.0
13.782828,100.857576,6.0
13.782828,100.863636,3.0
13.782828,100.869697,6.0
13.782828,100.875758,7.0
13.782828,100.881818,3.0
13.782828,100.887879,1.0
13.782828,100.893939,7.0
13.782828,100.9,5.0
13.787879,100.3,4.0
13.787879,100.306061,4.0
13.787879,100.312121,3.0
13.787879,100.318182,6.0
13.787879,100.324242,8.0
13.787879,100.330303,4.0
13.787879,100.336364,8.0
13.787879,100.342424,8.0
13.787879,100.348485,12.0
13.787879,100.354545,3.0
13.787879,100.360606,2.0
13.787879,100.366667,6.0
13.787879,100.372727,9.0
13.787879,100.378788,4.0
13.787879,100.384848,6.0
13.787879,100.390909,5.0
13.787879,100.39697,7.0
13.787879,100.40303,2.0
13.787879,100.409091,5.0
13.787879,100.415152,3.0
13.787879,100.421212,8.0
13.787879,100.427273,7.0
13.787879,100.433333,2.0
13.787879,100.439394,2.0
13.787879,100.445455,6.0
13.787879,100.451515,6.0
13.787879,100.457576,5.0
13.787879,100.463636,9.0
13.787879,100.469697,4.0
13.787879,100.475758,6.0
13.787879,100.481818,14.0
13.787879,100.487879,5.0
13.787879,100.493939,6.0
13.787879,100.5,7.0
13.787879,100.506061,5.0
13.787879,100.512121,6.0
13.787879,100.518182,7.0
13.787879,100.524242,12.0
13.787879,100.530303,9.0
13.787879,100.536364,11.0
13.787879,100.542424,10.0
13.787879,100.548485,9.0
13.787879,100.554545,7.0
13.787879,100.560606,8.0
13.787879,100.566667,8.0
13.787879,100.572727,8.0
13.787879,100.578788,8.0
13.787879,100.584848,10.0
13.787879,100.590909,4.0
13.787879,100.59697,4.0
13.787879,100.60303,6.0
13.787879,100.609091,6.0
13.787879,100.615152,8.0
13.787879,100.621212,6.0
13.787879,100.627273,6.0
13.787879,100.633333,5.0
13.787879,100.639394,7.0
13.787879,100.645455,4.0
13.787879,100.651515,4.0
13.787879,100.657576,5.0
13.787879,100.663636,4.0
13.787879,100.669697,5.0
13.787879,100.675758,6.0
13.787879,100.681818,5.0
13.787879,100.687879,5.0
13.787879,100.693939,3.0
13.787879,100.7,2.0
13.787879,100.706061,2.0
13.787879,100.712121,5.0
13.787879,100.718182,5.0
13.787879,100.724242,4.0
13.787879,100.730303,5.0
13.787879,100.736364,5.0
13.787879,100.742424,4.0
13.787879,100.748485,6.0
13.787879,100.754545,4.0
13.787879,100.760606,3.0
13.787879,100.766667,3.0
13.787879,100.772727,5.0
13.787879,100.778788,1.0
13.787879,100.784848,7.0
13.787879,100.790909,1.0
13.787879,100.79697,2.0
13.787879,100.80303,2.0
13.787879,100.809091,1.0
13.787879,100.815152,3.0
13.787879,100.821212,3.0
13.787879,100.827273,6.0
13.787879,100.833333,-1.0
13.787879,100.839394,2.0
13.787879,100.845455,3.0
13.787879,100.851515,3.0
13.787879,100.857576,2.0
13.787879,100.863636,3.0
13.787879,100.869697,3.0
13.787879,100.875758,4.0
13.787879,100.881818,8.0
13.787879,100.887879,6.0
13.787879,100.893939,6.0
13.787879,100.9,7.0
13.792929,100.3,3.0
13.792929,100.306061,4.0
13.792929,100.312121,4.0
13.792929,100.318182,10.0
13.792929,100.324242,11.0
13.792929,100.330303,1.0
13.792929,100.336364,1.0
13.792929,100.342424,6.0
13.792929,100.348485,4.0
13.792929,100.354545,2.0
13.792929,100.360606,4.0
13.792929,100.366667,8.0
13.792929,100.372727,6.0
13.792929,100.378788,6.0
13.792929,100.384848,4.0
13.792929,100.390909,5.0
13.792929,100.39697,6.0
13.792929,100.40303,7.0
13.792929,100.409091,5.0
13.792929,100.415152,6.0
13.792929,100.421212,9.0
13.792929,100.427273,7.0
13.792929,100.433333,7.0
13.792929,100.439394,6.0
13.792929,100.445455,10.0
13.792929,100.451515,6.0
13.792929,100.457576,6.0
13.792929,100.463636,6.0
13.792929,100.469697,8.0
13.792929,100.475758,8.0
13.792929,100.481818,6.0
13.792929,100.487879,7.0
13.792929,100.493939,7.0
13.792929,100.5,8.0
13.792929,100.506061,6.0
13.792929,100.512121,5.0
13.792929,100.518182,7.0
13.792929,100.524242,4.0
13.792929,100.530303,7.0
13.792929,100.536364,10.0
13.792929,100.542424,9.0
13.792929,100.548485,9.0
13.792929,100.554545,7.0
13.792929,100.560606,12.0
13.792929,100.566667,12.0
13.792929,100.572727,9.0
13.792929,100.578788,5.0
13.792929,100.584848,8.0
13.792929,100.590909,4.0
13.792929,100.59697,6.0
13.792929,100.60303,7.0
13.792929,100.609091,7.0
13.792929,100.615152,6.0
13.792929,100.621212,6.0
13.792929,100.627273,7.0
13.792929,100.633333,7.0
13.792929,100.639394,5.0
13.792929,100.645455,6.0
13.792929,100.651515,6.0
13.792929,100.657576,7.0
13.792929,100.663636,5.0
13.792929,100.669697,5.0
13.792929,100.675758,8.0
13.792929,100.681818,5.0
13.792929,100.687879,3.0
13.792929,100.693939,4.0
13.792929,100.7,6.0
13.792929,100.706061,-1.0
13.792929,100.712121,5.0
13.792929,100.718182,6.0
13.792929,100.724242,6.0
13.792929,100.730303,6.0
13.792929,100.736364,5.0
13.792929,100.742424,3.0
13.792929,100.748485,5.0
13.792929,100.754545,5.0
13.792929,100.760606,4.0
13.792929,100.766667,1.0
13.792929,100.772727,7.0
13.792929,100.778788,3.0
13.792929,100.784848,-1.0
13.792929,100.790909,1.0
13.792929,100.79697,-1.0
13.792929,100.80303,-2.0
13.792929,100.809091,7.0
13.792929,100.815152,5.0
13.792929,100.821212,4.0
13.792929,100.827273,1.0
13.792929,100.833333,6.0
13.792929,100.839394,5.0
13.792929,100.845455,1.0
13.792929,100.851515,-2.0
13.792929,100.857576,2.0
13.792929,100.863636,3.0
13.792929,100.869697,5.0
13.792929,100.875758,5.0
13.792929,100.881818,2.0
13.792929,100.887879,1.0
13.792929,100.893939,4.0
13.792929,100.9,4.0
13.79798,100.3,5.0
13.79798,100.306061,-1.0
13.79798,100.312121,4.0
13.79798,100.318182,8.0
13.79798,100.324242,8.0
13.79798,100.330303,6.0
13.79798,100.336364,8.0
13.79798,100.342424,5.0
13.79798,100.348485,6.0
13.79798,100.354545,5.0
13.79798,100.360606,6.0
13.79798,100.366667,2.0
13.79798,100.372727,2.0
13.79798,100.378788,4.0
13.79798,100.384848,7.0
13.79798,100.390909,4.0
13.79798,100.39697,3.0
13.79798,100.40303,6.0
13.79798,100.409091,7.0
13.79798,100.415152,6.0
13.79798,100.421212,3.0
13.79798,100.427273,3.0
13.79798,100.433333,6.0
13.79798,100.439394,8.0
13.79798,100.445455,7.0
13.79798,100.451515,7.0
13.79798,100.457576,5.0
13.79798,100.463636,6.0
13.79798,100.469697,5.0
13.79798,100.475758,9.0
13.79798,100.481818,8.0
13.79798,100.487879,10.0
13.79798,100.493939,8.0
13.79798,100.5,7.0
13.79798,100.506061,6.0
13.79798,100.512121,6.0
13.79798,100.518182,5.0
13.79798,100.524242,5.0
13.79798,100.530303,6.0
13.79798,100.536364,7.0
13.79798,100.542424,4.0
13.79798,100.548485,3.0
13.79798,100.554545,7.0
13.79798,100.560606,11.0
13.79798,100.566667,8.0
13.79798,100.572727,7.0
13.79798,100.578788,8.0
13.79798,100.584848,3.0
13.79798,100.590909,7.0
13.79798,100.59697,4.0
13.79798,100.60303,6.0
13.79798,100.609091,4.0
13.79798,100.615152,5.0
13.79798,100.621212,5.0
13.79798,100.627273,4.0
13.79798,100.633333,6.0
13.79798,100.639394,5.0
13.79798,100.645455,8.0
13.79798,100.651515,6.0
13.79798,100.657576,8.0
13.79798,100.663636,5.0
13.79798,100.669697,8.0
13.79798,100.675758,1.0
13.79798,100.681818,4.0
13.79798,100.687879,4.0
13.79798,100.693939,7.0
13.79798,100.7,8.0
13.79798,100.706061,4.0
13.79798,100.712121,5.0
13.79798,100.718182,5.0
13.79798,100.724242,5.0
13.79798,100.730303,2.0
13.79798,100.736364,1.0
13.79798,100.742424,3.0
13.79798,100.748485,3.0
13.79798,100.754545,5.0
13.79798,100.760606,2.0
13.79798,100.766667,1.0
13.79798,100.772727,7.0
13.79798,100.778788,2.0
13.79798,100.784848,4.0
13.79798,100.790909,3.0
13.79798,100.79697,1.0
13.79798,100.80303,1.0
13.79798,100.809091,4.0
13.79798,100.815152,3.0
13.79798,100.821212,1.0
13.79798,100.827273,5.0
13.79798,100.833333,6.0
13.79798,100.839394,5.0
13.79798,100.845455,3.0
13.79798,100.851515,1.0
13.79798,100.857576,3.0
13.79798,100.863636,1.0
13.79798,100.869697,4.0
13.79798,100.875758,2.0
13.79798,100.881818,4.0
13.79798,100.887879,4.0
13.79798,100.893939,4.0
13.79798,100.9,2.0
13.80303,100.3,8.0
13.80303,100.306061,7.0
13.80303,100.312121,6.0
13.80303,100.318182,6.0
13.80303,100.324242,6.0
13.80303,100.330303,5.0
13.80303,100.336364,7.0
13.80303,100.342424,3.0
13.80303,100.348485,6.0
13.80303,100.354545,4.0
13.80303,100.360606,4.0
13.80303,100.366667,5.0
13.80303,100.372727,5.0
13.80303,100.378788,3.0
13.80303,100.384848,4.0
13.80303,100.390909,7.0
13.80303,100.39697,7.0
13.80303,100.40303,7.0
13.80303,100.409091,5.0
13.80303,100.415152,8.0
13.80303,100.421212,5.0
13.80303,100.427273,4.0
13.80303,100.433333,2.0
13.80303,100.439394,3.0
13.80303,100.445455,5.0
13.80303,100.451515,6.0
13.80303,100.457576,5.0
13.80303,100.463636,5.0
13.80303,100.469697,6.0
13.80303,100.475758,4.0
13.80303,100.481818,9.0
13.80303,100.487879,6.0
13.80303,100.493939,6.0
13.80303,100.5,6.0
13.80303,100.506061,4.0
13.80303,100.512121,7.0
13.80303,100.518182,5.0
13.80303,100.524242,9.0
13.80303,100.530303,4.0
13.80303,100.536364,8.0
13.80303,100.542424,4.0
13.80303,100.548485,5.0
13.80303,100.554545,8.0
13.80303,100.560606,5.0
13.80303,100.566667,5.0
13.80303,100.572727,7.0
13.80303,100.578788,11.0
13.80303,100.584848,6.0
13.80303,100.590909,6.0
13.80303,100.59697,9.0
13.80303,100.60303,7.0
13.80303,100.609091,4.0
13.80303,100.615152,6.0
13.80303,100.621212,4.0
13.80303,100.627273,5.0
13.80303,100.633333,9.0
13.80303,100.639394,5.0
13.80303,100.645455,7.0
13.80303,100.651515,4.0
13.80303,100.657576,4.0
13.80303,100.663636,5.0
13.80303,100.669697,8.0
13.80303,100.675758,8.0
13.80303,100.681818,4.0
13.80303,100.687879,2.0
13.80303,100.693939,3.0
13.80303,100.7,5.0
13.80303,100.706061,6.0
13.80303,100.712121,5.0
13.80303,100.718182,5.0
13.80303,100.724242,6.0
13.80303,100.730303,8.0
13.80303,100.736364,2.0
13.80303,100.742424,6.0
13.80303,100.748485,4.0
13.80303,100.754545,2.0
13.80303,100.760606,3.0
13.80303,100.766667,6.0
13.80303,100.772727,5.0
13.80303,100.778788,4.0
13.80303,100.784848,5.0
13.80303,100.790909,1.0
13.80303,100.79697,5.0
13.80303,100.80303,6.0
13.80303,100.809091,2.0
13.80303,100.815152,7.0
13.80303,100.821212,2.0
13.80303,100.827273,5.0
13.80303,100.833333,7.0
13.80303,100.839394,8.0
13.80303,100.845455,5.0
13.80303,100.851515,6.0
13.80303,100.857576,5.0
13.80303,100.863636,9.0
13.80303,100.869697,5.0
13.80303,100.875758,2.0
13.80303,100.881818,3.0
13.80303,100.887879,5.0
13.80303,100.893939,-1.0
13.80303,100.9,3.0
13.808081,100.3,6.0
13.808081,100.306061,5.0
13.808081,100.312121,4.0
13.808081,100.318182,3.0
13.808081,100.324242,4.0
13.808081,100.330303,3.0
13.808081,100.336364,5.0
13.808081,100.342424,3.0
13.808081,100.348485,6.0
13.808081,100.354545,4.0
13.808081,100.360606,3.0
13.808081,100.366667,4.0
13.808081,100.372727,3.0
13.808081,100.378788,5.0
13.808081,100.384848,5.0
13.808081,100.390909,9.0
13.808081,100.39697,6.0
13.808081,100.40303,4.0
13.808081,100.409091,12.0
13.808081,100.415152,5.0
13.808081,100.421212,2.0
13.808081,100.427273,8.0
13.808081,100.433333,9.0
13.808081,100.439394,5.0
13.808081,100.445455,2.0
13.808081,100.451515,4.0
13.808081,100.457576,4.0
13.808081,100.463636,8.0
13.808081,100.469697,10.0
13.808081,100.475758,3.0
13.808081,100.481818,7.0
13.808081,100.487879,6.0
13.808081,100.493939,6.0
13.808081,100.5,3.0
13.808081,100.506061,6.0
13.808081,100.512121,8.0
13.808081,100.518182,5.0
13.808081,100.524242,7.0
13.808081,100.530303,6.0
13.808081,100.536364,7.0
13.808081,100.542424,5.0
13.808081,100.548485,7.0
13.808081,100.554545,9.0
13.808081,100.560606,10.0
13.808081,100.566667,1.0
13.808081,100.572727,8.0
13.808081,100.578788,7.0
13.808081,100.584848,8.0
13.808081,100.590909,6.0
13.808081,100.59697,5.0
13.808081,100.60303,4.0
13.808081,100.609091,8.0
13.808081,100.615152,2.0
13.808081,100.621212,6.0
13.808081,100.627273,-1.0
13.808081,100.633333,3.0
13.808081,100.639394,5.0
13.808081,100.645455,5.0
13.808081,100.651515,11.0
13.808081,100.657576,1.0
13.808081,100.663636,3.0
13.808081,100.669697,-1.0
13.808081,100.675758,1.0
13.808081,100.681818,3.0
13.808081,100.687879,3.0
13.808081,100.693939,4.0
13.808081,100.7,5.0
13.808081,100.706061,4.0
13.808081,100.712121,8.0
13.808081,100.718182,5.0
13.808081,100.724242,5.0
13.808081,100.730303,3.0
13.808081,100.736364,4.0
13.808081,100.742424,6.0
13.808081,100.748485,2.0
13.808081,100.754545,1.0
13.808081,100.760606,2.0
13.808081,100.766667,-1.0
13.808081,100.772727,2.0
13.808081,100.778788,4.0
13.808081,100.784848,4.0
13.808081,100.790909,2.0
13.808081,100.79697,3.0
13.808081,100.80303,3.0
13.808081,100.809091,6.0
13.808081,100.815152,3.0
13.808081,100.821212,4.0
13.808081,100.827273,5.0
13.808081,100.833333,4.0
13.808081,100.839394,2.0
13.808081,100.845455,6.0
13.808081,100.851515,4.0
13.808081,100.857576,4.0
13.808081,100.863636,8.0
13.808081,100.869697,6.0
13.808081,100.875758,6.0
13.808081,100.881818,4.0
13.808081,100.887879,4.0
13.808081,100.893939,1.0
13.808081,100.9,4.0
13.813131,100.3,2.0
13.813131,100.306061,4.0
13.813131,100.312121,1.0
13.813131,100.318182,7.0
13.813131,100.324242,5.0
13.813131,100.330303,6.0
13.813131,100.336364,4.0
13.813131,100.342424,2.0
13.813131,100.348485,4.0
13.813131,100.354545,3.0
13.813131,100.360606,1.0
13.813131,100.366667,6.0
13.813131,100.372727,5.0
13.813131,100.378788,5.0
13.813131,100.384848,5.0
13.813131,100.390909,5.0
13.813131,100.39697,5.0
13.813131,100.40303,6.0
13.813131,100.409091,6.0
13.813131,100.415152,4.0
13.813131,100.421212,7.0
13.813131,100.427273,6.0
13.813131,100.433333,9.0
13.813131,100.439394,7.0
13.813131,100.445455,5.0
13.813131,100.451515,8.0
13.813131,100.457576,6.0
13.813131,100.463636,6.0
13.813131,100.469697,10.0
13.813131,100.475758,7.0
13.813131,100.481818,6.0
13.813131,100.487879,10.0
13.813131,100.493939,7.0
13.813131,100.5,6.0
13.813131,100.506061,6.0
13.813131,100.512121,6.0
13.813131,100.518182,14.0
13.813131,100.524242,8.0
13.813131,100.530303,8.0
13.813131,100.536364,8.0
13.813131,100.542424,7.0
13.813131,100.548485,11.0
13.813131,100.554545,3.0
13.813131,100.560606,4.0
13.813131,100.566667,7.0
13.813131,100.572727,7.0
13.813131,100.578788,7.0
13.813131,100.584848,7.0
13.813131,100.590909,8.0
13.813131,100.59697,8.0
13.813131,100.60303,9.0
13.813131,100.609091,3.0
13.813131,100.615152,3.0
13.813131,100.621212,7.0
13.813131,100.627273,4.0
13.813131,100.633333,5.0
13.813131,100.639394,5.0
13.813131,100.645455,6.0
13.813131,100.651515,7.0
13.813131,100.657576,5.0
13.813131,100.663636,4.0
13.813131,100.669697,7.0
13.813131,100.675758,4.0
13.813131,100.681818,5.0
13.813131,100.687879,3.0
13.813131,100.693939,6.0
13.813131,100.7,6.0
13.813131,100.706061,5.0
13.813131,100.712121,2.0
13.813131,100.718182,8.0
13.813131,100.724242,6.0
13.813131,100.730303,5.0
13.813131,100.736364,8.0
13.813131,100.742424,2.0
13.813131,100.748485,5.0
13.813131,100.754545,3.0
13.813131,100.760606,1.0
13.813131,100.766667,3.0
13.813131,100.772727,4.0
13.813131,100.778788,5.0
13.813131,100.784848,2.0
13.813131,100.790909,6.0
13.813131,100.79697,3.0
13.813131,100.80303,6.0
13.813131,100.809091,9.0
13.813131,100.815152,1.0
13.813131,100.821212,5.0
13.813131,100.827273,3.0
13.813131,100.833333,1.0
13.813131,100.839394,3.0
13.813131,100.845455,3.0
13.813131,100.851515,3.0
13.813131,100.857576,4.0
13.813131,100.863636,2.0
13.813131,100.869697,4.0
13.813131,100.875758,5.0
13.813131,100.881818,1.0
13.813131,100.887879,5.0
13.813131,100.893939,3.0
13.813131,100.9,6.0
13.818182,100.3,3.0
13.818182,100.306061,10.0
13.818182,100.312121,3.0
13.818182,100.318182,10.0
13.818182,100.324242,5.0
13.818182,100.330303,4.0
13.818182,100.336364,4.0
13.818182,100.342424,3.0
13.818182,100.348485,4.0
13.818182,100.354545,6.0
13.818182,100.360606,5.0
13.818182,100.366667,4.0
13.818182,100.372727,5.0
13.818182,100.378788,5.0
13.818182,100.384848,4.0
13.818182,100.390909,4.0
13.818182,100.39697,5.0
13.818182,100.40303,4.0
13.818182,100.409091,6.0
13.818182,100.415152,4.0
13.818182,100.421212,7.0
13.818182,100.427273,7.0
13.818182,100.433333,5.0
13.818182,100.439394,7.0
13.818182,100.445455,9.0
13.818182,100.451515,5.0
13.818182,100.457576,8.0
13.818182,100.463636,7.0
13.818182,100.469697,7.0
13.818182,100.475758,8.0
13.818182,100.481818,6.0
13.818182,100.487879,8.0
13.818182,100.493939,4.0
13.818182,100.5,4.0
13.818182,100.506061,2.0
13.818182,100.512121,8.0
13.818182,100.518182,9.0
13.818182,100.524242,7.0
13.818182,100.530303,8.0
13.818182,100.536364,8.0
13.818182,100.542424,3.0
13.818182,100.548485,4.0
13.818182,100.554545,11.0
13.818182,100.560606,10.0
13.818182,100.566667,7.0
13.818182,100.572727,6.0
13.818182,100.578788,6.0
13.818182,100.584848,8.0
13.818182,100.590909,6.0
13.818182,100.59697,7.0
13.818182,100.60303,5.0
13.818182,100.609091,8.0
13.818182,100.615152,10.0
13.818182,100.621212,3.0
13.818182,100.627273,5.0
13.818182,100.633333,2.0
13.818182,100.639394,9.0
13.818182,100.645455,6.0
13.818182,100.651515,5.0
13.818182,100.657576,1.0
13.818182,100.663636,7.0
13.818182,100.669697,1.0
13.818182,100.675758,5.0
13.818182,100.681818,5.0
13.818182,100.687879,9.0
13.818182,100.693939,9.0
13.818182,100.7,6.0
13.818182,100.706061,6.0
13.818182,100.712121,5.0
13.818182,100.718182,6.0
13.818182,100.724242,4.0
13.818182,100.730303,2.0
13.818182,100.736364,3.0
13.818182,100.742424,7.0
13.818182,100.748485,6.0
13.818182,100.754545,6.0
13.818182,100.760606,2.0
13.818182,100.766667,4.0
13.818182,100.772727,4.0
13.818182,100.778788,3.0
13.818182,100.784848,1.0
13.818182,100.790909,4.0
13.818182,100.79697,3.0
13.818182,100.80303,6.0
13.818182,100.809091,6.0
13.818182,100.815152,5.0
13.818182,100.821212,4.0
13.818182,100.827273,3.0
13.818182,100.833333,6.0
13.818182,100.839394,4.0
13.818182,100.845455,7.0
13.818182,100.851515,5.0
13.818182,100.857576,3.0
13.818182,100.863636,3.0
13.818182,100.869697,4.0
13.818182,100.875758,3.0
13.818182,100.881818,8.0
13.818182,100.887879,1.0
13.818182,100.893939,3.0
13.818182,100.9,2.0
13.823232,100.3,6.0
13.823232,100.306061,7.0
13.823232,100.312121,5.0
13.823232,100.318182,5.0
13.823232,100.324242,3.0
13.823232,100.330303,7.0
13.823232,100.336364,3.0
13.823232,100.342424,4.0
13.823232,100.348485,4.0
13.823232,100.354545,6.0
13.823232,100.360606,6.0
13.823232,100.366667,2.0
13.823232,100.372727,7.0
13.823232,100.378788,5.0
13.823232,100.384848,5.0
13.823232,100.390909,7.0
13.823232,100.39697,4.0
13.823232,100.40303,5.0
13.823232,100.409091,5.0
13.823232,100.415152,8.0
13.823232,100.421212,7.0
13.823232,100.427273,5.0
13.823232,100.433333,10.0
13.823232,100.439394,9.0
13.823232,100.445455,8.0
13.823232,100.451515,8.0
13.823232,100.457576,8.0
13.823232,100.463636,7.0
13.823232,100.469697,9.0
13.823232,100.475758,5.0
13.823232,100.481818,6.0
13.823232,100.487879,6.0
13.823232,100.493939,8.0
13.823232,100.5,5.0
13.823232,100.506061,8.0
13.823232,100.512121,8.0
13.823232,100.518182,9.0
13.823232,100.524242,9.0
13.823232,100.530303,8.0
13.823232,100.536364,8.0
13.823232,100.542424,-3.0
13.823232,100.548485,6.0
13.823232,100.554545,6.0
13.823232,100.560606,11.0
13.823232,100.566667,8.0
13.823232,100.572727,5.0
13.823232,100.578788,8.0
13.823232,100.584848,4.0
13.823232,100.590909,7.0
13.823232,100.59697,5.0
13.823232,100.60303,7.0
13.823232,100.609091,5.0
13.823232,100.615152,5.0
13.823232,100.621212,4.0
13.823232,100.627273,1.0
13.823232,100.633333,3.0
13.823232,100.639394,7.0
13.823232,100.645455,2.0
13.823232,100.651515,2.0
13.823232,100.657576,8.0
13.823232,100.663636,7.0
13.823232,100.669697,6.0
13.823232,100.675758,5.0
13.823232,100.681818,7.0
13.823232,100.687879,8.0
13.823232,100.693939,1.0
13.823232,100.7,4.0
13.823232,100.706061,5.0
13.823232,100.712121,3.0
13.823232,100.718182,5.0
13.823232,100.724242,1.0
13.823232,100.730303,4.0
13.823232,100.736364,3.0
13.823232,100.742424,7.0
13.823232,100.748485,4.0
13.823232,100.754545,6.0
13.823232,100.760606,5.0
13.823232,100.766667,1.0
13.823232,100.772727,6.0
13.823232,100.778788,5.0
13.823232,100.784848,3.0
13.823232,100.790909,4.0
13.823232,100.79697,2.0
13.823232,100.80303,4.0
13.823232,100.809091,6.0
13.823232,100.815152,2.0
13.823232,100.821212,2.0
13.823232,100.827273,4.0
13.823232,100.833333,8.0
13.823232,100.839394,1.0
13.823232,100.845455,6.0
13.823232,100.851515,2.0
13.823232,100.857576,4.0
13.823232,100.863636,-3.0
13.823232,100.869697,4.0
13.823232,100.875758,1.0
13.823232,100.881818,4.0
13.823232,100.887879,5.0
13.823232,100.893939,7.0
13.823232,100.9,2.0
13.828283,100.3,5.0
13.828283,100.306061,7.0
13.828283,100.312121,3.0
13.828283,100.318182,4.0
13.828283,100.324242,5.0
13.828283,100.330303,5.0
13.828283,100.336364,1.0
13.828283,100.342424,4.0
13.828283,100.348485,5.0
13.828283,100.354545,5.0
13.828283,100.360606,3.0
13.828283,100.366667,3.0
13.828283,100.372727,6.0
13.828283,100.378788,4.0
13.828283,100.384848,7.0
13.828283,100.390909,5.0
13.828283,100.39697,2.0
13.828283,100.40303,10.0
13.828283,100.409091,8.0
13.828283,100.415152,7.0
13.828283,100.421212,8.0
13.828283,100.427273,7.0
13.828283,100.433333,9.0
13.828283,100.439394,3.0
13.828283,100.445455,7.0
13.828283,100.451515,6.0
13.828283,100.457576,8.0
13.828283,100.463636,9.0
13.828283,100.469697,4.0
13.828283,100.475758,5.0
13.828283,100.481818,4.0
13.828283,100.487879,7.0
13.828283,100.493939,2.0
13.828283,100.5,15.0
13.828283,100.506061,7.0
13.828283,100.512121,11.0
13.828283,100.518182,10.0
13.828283,100.524242,7.0
13.828283,100.530303,9.0
13.828283,100.536364,5.0
13.828283,100.542424,5.0
13.828283,100.548485,6.0
13.828283,100.554545,7.0
13.828283,100.560606,7.0
13.828283,100.566667,7.0
13.828283,100.572727,6.0
13.828283,100.578788,8.0
13.828283,100.584848,8.0
13.828283,100.590909,10.0
13.828283,100.59697,3.0
13.828283,100.60303,8.0
13.828283,100.609091,8.0
13.828283,100.615152,6.0
13.828283,100.621212,6.0
13.828283,100.627273,5.0
13.828283,100.633333,7.0
13.828283,100.639394,6.0
13.828283,100.645455,5.0
13.828283,100.651515,15.0
13.828283,100.657576,7.0
13.828283,100.663636,7.0
13.828283,100.669697,4.0
13.828283,100.675758,3.0
13.828283,100.681818,5.0
13.828283,100.687879,7.0
13.828283,100.693939,7.0
13.828283,100.7,7.0
13.828283,100.706061,7.0
13.828283,100.712121,5.0
13.828283,100.718182,6.0
13.828283,100.724242,2.0
13.828283,100.730303,5.0
13.828283,100.736364,7.0
13.828283,100.742424,2.0
13.828283,100.748485,1.0
13.828283,100.754545,4.0
13.828283,100.760606,6.0
13.828283,100.766667,5.0
13.828283,100.772727,6.0
13.828283,100.778788,4.0
13.828283,100.784848,3.0
13.828283,100.790909,1.0
13.828283,100.79697,3.0
13.828283,100.80303,4.0
13.828283,100.809091,1.0
13.828283,100.815152,1.0
13.828283,100.821212,2.0
13.828283,100.827273,3.0
13.828283,100.833333,7.0
13.828283,100.839394,5.0
13.828283,100.845455,1.0
13.828283,100.851515,6.0
13.828283,100.857576,2.0
13.828283,100.863636,6.0
13.828283,100.869697,5.0
13.828283,100.875758,4.0
13.828283,100.881818,3.0
13.828283,100.887879,3.0
13.828283,100.893939,5.0
13.828283,100.9,3.0
13.833333,100.3,7.0
13.833333,100.306061,4.0
13.833333,100.312121,9.0
13.833333,100.318182,6.0
13.833333,100.324242,2.0
13.833333,100.330303,2.0
13.833333,100.336364,4.0
13.833333,100.342424,5.0
13.833333,100.348485,5.0
13.833333,100.354545,5.0
13.833333,100.360606,3.0
13.833333,100.366667,3.0
13.833333,100.372727,2.0
13.833333,100.378788,4.0
13.833333,100.384848,3.0
13.833333,100.390909,5.0
13.833333,100.39697,4.0
13.833333,100.40303,4.0
13.833333,100.409091,5.0
13.833333,100.415152,5.0
13.833333,100.421212,4.0
13.833333,100.427273,7.0
13.833333,100.433333,10.0
13.833333,100.439394,9.0
13.833333,100.445455,8.0
13.833333,100.451515,5.0
13.833333,100.457576,6.0
13.833333,100.463636,8.0
13.833333,100.469697,7.0
13.833333,100.475758,6.0
13.833333,100.481818,7.0
13.833333,100.487879,6.0
13.833333,100.493939,5.0
13.833333,100.5,6.0
13.833333,100.506061,9.0
13.833333,100.512121,8.0
13.833333,100.518182,8.0
13.833333,100.524242,7.0
13.833333,100.530303,11.0
13.833333,100.536364,7.0
13.833333,100.542424,5.0
13.833333,100.548485,9.0
13.833333,100.554545,13.0
13.833333,100.560606,4.0
13.833333,100.566667,9.0
13.833333,100.572727,6.0
13.833333,100.578788,11.0
13.833333,100.584848,11.0
13.833333,100.590909,5.0
13.833333,100.59697,8.0
13.833333,100.60303,5.0
13.833333,100.609091,5.0
13.833333,100.615152,1.0
13.833333,100.621212,9.0
13.833333,100.627273,8.0
13.833333,100.633333,5.0
13.833333,100.639394,5.0
13.833333,100.645455,6.0
13.833333,100.651515,4.0
13.833333,100.657576,6.0
13.833333,100.663636,9.0
13.833333,100.669697,4.0
13.833333,100.675758,7.0
13.833333,100.681818,5.0
13.833333,100.687879,9.0
13.833333,100.693939,5.0
13.833333,100.7,6.0
13.833333,100.706061,6.0
13.833333,100.712121,3.0
13.833333,100.718182,6.0
13.833333,100.724242,3.0
13.833333,100.730303,5.0
13.833333,100.736364,8.0
13.833333,100.742424,7.0
13.833333,100.748485,3.0
13.833333,100.754545,8.0
13.833333,100.760606,5.0
13.833333,100.766667,6.0
13.833333,100.772727,5.0
13.833333,100.778788,6.0
13.833333,100.784848,5.0
13.833333,100.790909,-2.0
13.833333,100.79697,4.0
13.833333,100.80303,4.0
13.833333,100.809091,6.0
13.833333,100.815152,5.0
13.833333,100.821212,4.0
13.833333,100.827273,4.0
13.833333,100.833333,4.0
13.833333,100.839394,6.0
13.833333,100.845455,3.0
13.833333,100.851515,8.0
13.833333,100.857576,1.0
13.833333,100.863636,5.0
13.833333,100.869697,5.0
13.833333,100.875758,4.0
13.833333,100.881818,3.0
13.833333,100.887879,3.0
13.833333,100.893939,3.0
13.833333,100.9,5.0
13.838384,100.3,6.0
13.838384,100.306061,5.0
13.838384,100.312121,8.0
13.838384,100.318182,1.0
13.838384,100.324242,5.0
13.838384,100.330303,6.0
13.838384,100.336364,6.0
13.838384,100.342424,5.0
13.838384,100.348485,6.0
13.838384,100.354545,5.0
13.838384,100.360606,6.0
13.838384,100.366667,2.0
13.838384,100.372727,5.0
13.838384,100.378788,5.0
13.838384,100.384848,3.0
13.838384,100.390909,2.0
13.838384,100.39697,1.0
13.838384,100.40303,4.0
13.838384,100.409091,3.0
13.838384,100.415152,7.0
13.838384,100.421212,4.0
13.838384,100.427273,10.0
13.838384,100.433333,10.0
13.838384,100.439394,9.0
13.838384,100.445455,8.0
13.838384,100.451515,8.0
13.838384,100.457576,10.0
13.838384,100.463636,5.0
13.838384,100.469697,6.0
13.838384,100.475758,4.0
13.838384,100.481818,6.0
13.838384,100.487879,6.0
13.838384,100.493939,9.0
13.838384,100.5,10.0
13.838384,100.506061,10.0
13.838384,100.512121,6.0
13.838384,100.518182,8.0
13.838384,100.524242,7.0
13.838384,100.530303,6.0
13.838384,100.536364,6.0
13.838384,100.542424,6.0
13.838384,100.548485,8.0
13.838384,100.554545,7.0
13.838384,100.560606,6.0
13.838384,100.566667,9.0
13.838384,100.572727,5.0
13.838384,100.578788,5.0
13.838384,100.584848,6.0
13.838384,100.590909,5.0
13.838384,100.59697,6.0
13.838384,100.60303,4.0
13.838384,100.609091,5.0
13.838384,100.615152,7.0
13.838384,100.621212,3.0
13.838384,100.627273,7.0
13.838384,100.633333,3.0
13.838384,100.639394,8.0
13.838384,100.645455,8.0
13.838384,100.651515,7.0
13.838384,100.657576,3.0
13.838384,100.663636,10.0
13.838384,100.669697,5.0
13.838384,100.675758,4.0
13.838384,100.681818,8.0
13.838384,100.687879,3.0
13.838384,100.693939,5.0
13.838384,100.7,4.0
13.838384,100.706061,4.0
13.838384,100.712121,3.0
13.838384,100.718182,3.0
13.838384,100.724242,3.0
13.838384,100.730303,5.0
13.838384,100.736364,6.0
13.838384,100.742424,4.0
13.838384,100.748485,3.0
13.838384,100.754545,6.0
13.838384,100.760606,3.0
13.838384,100.766667,3.0
13.838384,100.772727,8.0
13.838384,100.778788,5.0
13.838384,100.784848,3.0
13.838384,100.790909,4.0
13.838384,100.79697,3.0
13.838384,100.80303,2.0
13.838384,100.809091,-1.0
13.838384,100.815152,2.0
13.838384,100.821212,3.0
13.838384,100.827273,5.0
13.838384,100.833333,2.0
13.838384,100.839394,1.0
13.838384,100.845455,-1.0
13.838384,100.851515,4.0
13.838384,100.857576,4.0
13.838384,100.863636,6.0
13.838384,100.869697,2.0
13.838384,100.875758,7.0
13.838384,100.881818,6.0
13.838384,100.887879,4.0
13.838384,100.893939,3.0
13.838384,100.9,2.0
13.843434,100.3,2.0
13.843434,100.306061,7.0
13.843434,100.312121,5.0
13.843434,100.318182,5.0
13.843434,100.324242,5.0
13.843434,100.330303,4.0
13.843434,100.336364,6.0
13.843434,100.342424,4.0
13.843434,100.348485,3.0
13.843434,100.354545,3.0
13.843434,100.360606,6.0
13.843434,100.366667,5.0
13.843434,100.372727,6.0
13.843434,100.378788,4.0
13.843434,100.384848,5.0
13.843434,100.390909,5.0
13.843434,100.39697,4.0
13.843434,100.40303,3.0
13.843434,100.409091,4.0
13.843434,100.415152,7.0
13.843434,100.421212,6.0
13.843434,100.427273,7.0
13.843434,100.433333,10.0
13.843434,100.439394,3.0
13.843434,100.445455,4.0
13.843434,100.451515,7.0
13.843434,100.457576,7.0
13.843434,100.463636,5.0
13.843434,100.469697,7.0
13.843434,100.475758,4.0
13.843434,100.481818,6.0
13.843434,100.487879,6.0
13.843434,100.493939,3.0
13.843434,100.5,6.0
13.843434,100.506061,8.0
13.843434,100.512121,8.0
13.843434,100.518182,7.0
13.843434,100.524242,6.0
13.843434,100.530303,9.0
13.843434,100.536364,5.0
13.843434,100.542424,7.0
13.843434,100.548485,7.0
13.843434,100.554545,7.0
13.843434,100.560606,9.0
13.843434,100.566667,9.0
13.843434,100.572727,9.0
13.843434,100.578788,7.0
13.843434,100.584848,4.0
13.843434,100.590909,2.0
13.843434,100.59697,4.0
13.843434,100.60303,6.0
13.843434,100.609091,4.0
13.843434,100.615152,8.0
13.843434,100.621212,5.0
13.843434,100.627273,7.0
13.843434,100.633333,10.0
13.843434,100.639394,2.0
13.843434,100.645455,6.0
13.843434,100.651515,7.0
13.843434,100.657576,2.0
13.843434,100.663636,8.0
13.843434,100.669697,2.0
13.843434,100.675758,1.0
13.843434,100.681818,6.0
13.843434,100.687879,4.0
13.843434,100.693939,4.0
13.843434,100.7,5.0
13.843434,100.706061,4.0
13.843434,100.712121,5.0
13.843434,100.718182,5.0
13.843434,100.724242,5.0
13.843434,100.730303,5.0
13.843434,100.736364,6.0
13.843434,100.742424,2.0
13.843434,100.748485,4.0
13.843434,100.754545,4.0
13.843434,100.760606,7.0
13.843434,100.766667,6.0
13.843434,100.772727,3.0
13.843434,100.778788,2.0
13.843434,100.784848,3.0
13.843434,100.790909,5.0
13.843434,100.79697,3.0
13.843434,100.80303,2.0
13.843434,100.809091,6.0
13.843434,100.815152,4.0
13.843434,100.821212,2.0
13.843434,100.827273,2.0
13.843434,100.833333,5.0
13.843434,100.839394,5.0
13.843434,100.845455,5.0
13.843434,100.851515,3.0
13.843434,100.857576,7.0
13.843434,100.863636,1.0
13.843434,100.869697,5.0
13.843434,100.875758,5.0
13.843434,100.881818,4.0
13.843434,100.887879,4.0
13.843434,100.893939,4.0
13.843434,100.9,5.0
13.848485,100.3,4.0
13.848485,100.306061,5.0
13.848485,100.312121,3.0
13.848485,100.318182,3.0
13.848485,100.324242,4.0
13.848485,100.330303,5.0
13.848485,100.336364,3.0
13.848485,100.342424,3.0
13.848485,100.348485,5.0
13.848485,100.354545,4.0
13.848485,100.360606,2.0
13.848485,100.366667,6.0
13.848485,100.372727,5.0
13.848485,100.378788,4.0
13.848485,100.384848,9.0
13.848485,100.390909,6.0
13.848485,100.39697,7.0
13.848485,100.40303,8.0
13.848485,100.409091,9.0
13.848485,100.415152,6.0
13.848485,100.421212,5.0
13.848485,100.427273,6.0
13.848485,100.433333,8.0
13.848485,100.439394,7.0
13.848485,100.445455,7.0
13.848485,100.451515,8.0
13.848485,100.457576,10.0
13.848485,100.463636,5.0
13.848485,100.469697,5.0
13.848485,100.475758,8.0
13.848485,100.481818,6.0
13.848485,100.487879,5.0
13.848485,100.493939,5.0
13.848485,100.5,5.0
13.848485,100.506061,7.0
13.848485,100.512121,6.0
13.848485,100.518182,5.0
13.848485,100.524242,-1.0
13.848485,100.530303,9.0
13.848485,100.536364,6.0
13.848485,100.542424,5.0
13.848485,100.548485,8.0
13.848485,100.554545,4.0
13.848485,100.560606,11.0
13.848485,100.566667,7.0
13.848485,100.572727,6.0
13.848485,100.578788,5.0
13.848485,100.584848,5.0
13.848485,100.590909,4.0
13.848485,100.59697,3.0
13.848485,100.60303,8.0
13.848485,100.609091,8.0
13.848485,100.615152,7.0
13.848485,100.621212,6.0
13.848485,100.627273,6.0
13.848485,100.633333,6.0
13.848485,100.639394,6.0
13.848485,100.645455,8.0
13.848485,100.651515,4.0
13.848485,100.657576,3.0
13.848485,100.663636,8.0
13.848485,100.669697,2.0
13.848485,100.675758,11.0
13.848485,100.681818,6.0
13.848485,100.687879,1.0
13.848485,100.693939,6.0
13.848485,100.7,4.0
13.848485,100.706061,4.0
13.848485,100.712121,3.0
13.848485,100.718182,6.0
13.848485,100.724242,5.0
13.848485,100.730303,7.0
13.848485,100.736364,2.0
13.848485,100.742424,2.0
13.848485,100.748485,5.0
13.848485,100.754545,3.0
13.848485,100.760606,3.0
13.848485,100.766667,3.0
13.848485,100.772727,4.0
13.848485,100.778788,-1.0
13.848485,100.784848,5.0
13.848485,100.790909,5.0
13.848485,100.79697,7.0
13.848485,100.80303,4.0
13.848485,100.809091,7.0
13.848485,100.815152,2.0
13.848485,100.821212,1.0
13.848485,100.827273,4.0
13.848485,100.833333,2.0
13.848485,100.839394,6.0
13.848485,100.845455,1.0
13.848485,100.851515,3.0
13.848485,100.857576,4.0
13.848485,100.863636,2.0
13.848485,100.869697,4.0
13.848485,100.875758,6.0
13.848485,100.881818,5.0
13.848485,100.887879,3.0
13.848485,100.893939,6.0
13.848485,100.9,6.0
13.853535,100.3,3.0
13.853535,100.306061,8.0
13.853535,100.312121,4.0
13.853535,100.318182,4.0
13.853535,100.324242,6.0
13.853535,100.330303,4.0
13.853535,100.336364,3.0
13.853535,100.342424,4.0
13.853535,100.348485,4.0
13.853535,100.354545,4.0
13.853535,100.360606,3.0
13.853535,100.366667,2.0
13.853535,100.372727,5.0
13.853535,100.378788,4.0
13.853535,100.384848,8.0
13.853535,100.390909,5.0
13.853535,100.39697,4.0
13.853535,100.40303,8.0
13.853535,100.409091,5.0
13.853535,100.415152,10.0
13.853535,100.421212,4.0
13.853535,100.427273,4.0
13.853535,100.433333,7.0
13.853535,100.439394,9.0
13.853535,100.445455,6.0
13.853535,100.451515,10.0
13.853535,100.457576,5.0
13.853535,100.463636,5.0
13.853535,100.469697,8.0
13.853535,100.475758,5.0
13.853535,100.481818,1.0
13.853535,100.487879,9.0
13.853535,100.493939,11.0
13.853535,100.5,9.0
13.853535,100.506061,7.0
13.853535,100.512121,4.0
13.853535,100.518182,5.0
13.853535,100.524242,8.0
13.853535,100.530303,10.0
13.853535,100.536364,9.0
13.853535,100.542424,10.0
13.853535,100.548485,9.0
13.853535,100.554545,7.0
13.853535,100.560606,6.0
13.853535,100.566667,11.0
13.853535,100.572727,6.0
13.853535,100.578788,3.0
13.853535,100.584848,6.0
13.853535,100.590909,4.0
13.853535,100.59697,6.0
13.853535,100.60303,11.0
13.853535,100.609091,9.0
13.853535,100.615152,9.0
13.853535,100.621212,7.0
13.853535,100.627273,6.0
13.853535,100.633333,12.0
13.853535,100.639394,9.0
13.853535,100.645455,15.0
13.853535,100.651515,8.0
13.853535,100.657576,6.0
13.853535,100.663636,5.0
13.853535,100.669697,5.0
13.853535,100.675758,8.0
13.853535,100.681818,5.0
13.853535,100.687879,6.0
13.853535,100.693939,5.0
13.853535,100.7,4.0
13.853535,100.706061,3.0
13.853535,100.712121,7.0
13.853535,100.718182,6.0
13.853535,100.724242,6.0
13.853535,100.730303,5.0
13.853535,100.736364,5.0
13.853535,100.742424,3.0
13.853535,100.748485,3.0
13.853535,100.754545,4.0
13.853535,100.760606,3.0
13.853535,100.766667,-2.0
13.853535,100.772727,3.0
13.853535,100.778788,4.0
13.853535,100.784848,7.0
13.853535,100.790909,4.0
13.853535,100.79697,3.0
13.853535,100.80303,1.0
13.853535,100.809091,8.0
13.853535,100.815152,8.0
13.853535,100.821212,5.0
13.853535,100.827273,3.0
13.853535,100.833333,6.0
13.853535,100.839394,1.0
13.853535,100.845455,9.0
13.853535,100.851515,5.0
13.853535,100.857576,4.0
13.853535,100.863636,7.0
13.853535,100.869697,7.0
13.853535,100.875758,5.0
13.853535,100.881818,6.0
13.853535,100.887879,7.0
13.853535,100.893939,4.0
13.853535,100.9,2.0
13.858586,100.3,7.0
13.858586,100.306061,2.0
13.858586,100.312121,6.0
13.858586,100.318182,3.0
13.858586,100.324242,4.0
13.858586,100.330303,3.0
13.858586,100.336364,4.0
13.858586,100.342424,4.0
13.858586,100.348485,3.0
13.858586,100.354545,4.0
13.858586,100.360606,3.0
13.858586,100.366667,2.0
13.858586,100.372727,3.0
13.858586,100.378788,2.0
13.858586,100.384848,3.0
13.858586,100.390909,4.0
13.858586,100.39697,6.0
13.858586,100.40303,10.0
13.858586,100.409091,5.0
13.858586,100.415152,8.0
13.858586,100.421212,3.0
13.858586,100.427273,4.0
13.858586,100.433333,8.0
13.858586,100.439394,6.0
13.858586,100.445455,7.0
13.858586,100.451515,5.0
13.858586,100.457576,6.0
13.858586,100.463636,8.0
13.858586,100.469697,8.0
13.858586,100.475758,7.0
13.858586,100.481818,11.0
13.858586,100.487879,8.0
13.858586,100.493939,8.0
13.858586,100.5,9.0
13.858586,100.506061,9.0
13.858586,100.512121,9.0
13.858586,100.518182,16.0
13.858586,100.524242,7.0
13.858586,100.530303,8.0
13.858586,100.536364,9.0
13.858586,100.542424,5.0
13.858586,100.548485,5.0
13.858586,100.554545,12.0
13.858586,100.560606,6.0
13.858586,100.566667,4.0
13.858586,100.572727,5.0
13.858586,100.578788,6.0
13.858586,100.584848,9.0
13.858586,100.590909,5.0
13.858586,100.59697,3.0
13.858586,100.60303,7.0
13.858586,100.609091,9.0
13.858586,100.615152,8.0
13.858586,100.621212,7.0
13.858586,100.627273,9.0
13.858586,100.633333,9.0
13.858586,100.639394,9.0
13.858586,100.645455,8.0
13.858586,100.651515,5.0
13.858586,100.657576,7.0
13.858586,100.663636,6.0
13.858586,100.669697,8.0
13.858586,100.675758,1.0
13.858586,100.681818,5.0
13.858586,100.687879,8.0
13.858586,100.693939,5.0
13.858586,100.7,3.0
13.858586,100.706061,6.0
13.858586,100.712121,4.0
13.858586,100.718182,7.0
13.858586,100.724242,3.0
13.858586,100.730303,1.0
13.858586,100.736364,3.0
13.858586,100.742424,2.0
13.858586,100.748485,8.0
13.858586,100.754545,3.0
13.858586,100.760606,6.0
13.858586,100.766667,4.0
13.858586,100.772727,3.0
13.858586,100.778788,7.0
13.858586,100.784848,6.0
13.858586,100.790909,3.0
13.858586,100.79697,7.0
13.858586,100.80303,5.0
13.858586,100.809091,4.0
13.858586,100.815152,6.0
13.858586,100.821212,4.0
13.858586,100.827273,4.0
13.858586,100.833333,3.0
13.858586,100.839394,3.0
13.858586,100.845455,6.0
13.858586,100.851515,8.0
13.858586,100.857576,5.0
13.858586,100.863636,7.0
13.858586,100.869697,4.0
13.858586,100.875758,3.0
13.858586,100.881818,4.0
13.858586,100.887879,5.0
13.858586,100.893939,2.0
13.858586,100.9,5.0
13.863636,100.3,6.0
13.863636,100.306061,4.0
13.863636,100.312121,3.0
13.863636,100.318182,5.0
13.863636,100.324242,4.0
13.863636,100.330303,5.0
13.863636,100.336364,4.0
13.863636,100.342424,5.0
13.863636,100.348485,4.0
13.863636,100.354545,4.0
13.863636,100.360606,4.0
13.863636,100.366667,3.0
13.863636,100.372727,5.0
13.863636,100.378788,3.0
13.863636,100.384848,4.0
13.863636,100.390909,6.0
13.863636,100.39697,6.0
13.863636,100.40303,7.0
13.863636,100.409091,7.0
13.863636,100.415152,4.0
13.863636,100.421212,5.0
13.863636,100.427273,7.0
13.863636,100.433333,3.0
13.863636,100.439394,5.0
13.863636,100.445455,6.0
13.863636,100.451515,7.0
13.863636,100.457576,8.0
13.863636,100.463636,3.0
13.863636,100.469697,6.0
13.863636,100.475758,6.0
13.863636,100.481818,3.0
13.863636,100.487879,7.0
13.863636,100.493939,5.0
13.863636,100.5,16.0
13.863636,100.506061,5.0
13.863636,100.512121,6.0
13.863636,100.518182,5.0
13.863636,100.524242,5.0
13.863636,100.530303,9.0
13.863636,100.536364,8.0
13.863636,100.542424,5.0
13.863636,100.548485,4.0
13.863636,100.554545,4.0
13.863636,100.560606,5.0
13.863636,100.566667,3.0
13.863636,100.572727,6.0
13.863636,100.578788,7.0
13.863636,100.584848,5.0
13.863636,100.590909,7.0
13.863636,100.59697,3.0
13.863636,100.60303,9.0
13.863636,100.609091,7.0
13.863636,100.615152,12.0
13.863636,100.621212,4.0
13.863636,100.627273,4.0
13.863636,100.633333,2.0
13.863636,100.639394,10.0
13.863636,100.645455,6.0
13.863636,100.651515,3.0
13.863636,100.657576,5.0
13.863636,100.663636,3.0
13.863636,100.669697,7.0
13.863636,100.675758,3.0
13.863636,100.681818,1.0
13.863636,100.687879,4.0
13.863636,100.693939,7.0
13.863636,100.7,11.0
13.863636,100.706061,6.0
13.863636,100.712121,7.0
13.863636,100.718182,6.0
13.863636,100.724242,5.0
13.863636,100.730303,4.0
13.863636,100.736364,8.0
13.863636,100.742424,1.0
13.863636,100.748485,3.0
13.863636,100.754545,6.0
13.863636,100.760606,6.0
13.863636,100.766667,7.0
13.863636,100.772727,3.0
13.863636,100.778788,1.0
13.863636,100.784848,7.0
13.863636,100.790909,3.0
13.863636,100.79697,-9.0
13.863636,100.80303,5.0
13.863636,100.809091,4.0
13.863636,100.815152,6.0
13.863636,100.821212,5.0
13.863636,100.827273,7.0
13.863636,100.833333,6.0
13.863636,100.839394,3.0
13.863636,100.845455,5.0
13.863636,100.851515,3.0
13.863636,100.857576,1.0
13.863636,100.863636,5.0
13.863636,100.869697,3.0
13.863636,100.875758,4.0
13.863636,100.881818,4.0
13.863636,100.887879,3.0
13.863636,100.893939,2.0
13.863636,100.9,3.0
13.868687,100.3,2.0
13.868687,100.306061,4.0
13.868687,100.312121,4.0
13.868687,100.318182,4.0
13.868687,100.324242,4.0
13.868687,100.330303,5.0
13.868687,100.336364,5.0
13.868687,100.342424,3.0
13.868687,100.348485,6.0
13.868687,100.354545,2.0
13.868687,100.360606,3.0
13.868687,100.366667,4.0
13.868687,100.372727,5.0
13.868687,100.378788,4.0
13.868687,100.384848,4.0
13.868687,100.390909,5.0
13.868687,100.39697,6.0
13.868687,100.40303,3.0
13.868687,100.409091,6.0
13.868687,100.415152,6.0
13.868687,100.421212,5.0
13.868687,100.427273,5.0
13.868687,100.433333,6.0
13.868687,100.439394,5.0
13.868687,100.445455,3.0
13.868687,100.451515,5.0
13.868687,100.457576,8.0
13.868687,100.463636,7.0
13.868687,100.469697,11.0
13.868687,100.475758,5.0
13.868687,100.481818,5.0
13.868687,100.487879,4.0
13.868687,100.493939,4.0
13.868687,100.5,19.0
13.868687,100.506061,6.0
13.868687,100.512121,8.0
13.868687,100.518182,8.0
13.868687,100.524242,7.0
13.868687,100.530303,6.0
13.868687,100.536364,5.0
13.868687,100.542424,6.0
13.868687,100.548485,2.0
13.868687,100.554545,6.0
13.868687,100.560606,4.0
13.868687,100.566667,5.0
13.868687,100.572727,7.0
13.868687,100.578788,7.0
13.868687,100.584848,4.0
13.868687,100.590909,5.0
13.868687,100.59697,3.0
13.868687,100.60303,12.0
13.868687,100.609091,5.0
13.868687,100.615152,7.0
13.868687,100.621212,8.0
13.868687,100.627273,4.0
13.868687,100.633333,5.0
13.868687,100.639394,14.0
13.868687,100.645455,4.0
13.868687,100.651515,9.0
13.868687,100.657576,9.0
13.868687,100.663636,2.0
13.868687,100.669697,5.0
13.868687,100.675758,-1.0
13.868687,100.681818,5.0
13.868687,100.687879,5.0
13.868687,100.693939,4.0
13.868687,100.7,7.0
13.868687,100.706061,7.0
13.868687,100.712121,1.0
13.868687,100.718182,6.0
13.868687,100.724242,4.0
13.868687,100.730303,6.0
13.868687,100.736364,2.0
13.868687,100.742424,7.0
13.868687,100.748485,4.0
13.868687,100.754545,6.0
13.868687,100.760606,4.0
13.868687,100.766667,7.0
13.868687,100.772727,8.0
13.868687,100.778788,5.0
13.868687,100.784848,4.0
13.868687,100.790909,5.0
13.868687,100.79697,-9.0
13.868687,100.80303,3.0
13.868687,100.809091,5.0
13.868687,100.815152,3.0
13.868687,100.821212,5.0
13.868687,100.827273,3.0
13.868687,100.833333,5.0
13.868687,100.839394,4.0
13.868687,100.845455,3.0
13.868687,100.851515,6.0
13.868687,100.857576,4.0
13.868687,100.863636,9.0
13.868687,100.869697,3.0
13.868687,100.875758,5.0
13.868687,100.881818,4.0
13.868687,100.887879,4.0
13.868687,100.893939,4.0
13.868687,100.9,1.0
13.873737,100.3,5.0
13.873737,100.306061,4.0
13.873737,100.312121,6.0
13.873737,100.318182,3.0
13.873737,100.324242,4.0
13.873737,100.330303,6.0
13.873737,100.336364,4.0
13.873737,100.342424,5.0
13.873737,100.348485,3.0
13.873737,100.354545,4.0
13.873737,100.360606,7.0
13.873737,100.366667,5.0
13.873737,100.372727,3.0
13.873737,100.378788,4.0
13.873737,100.384848,4.0
13.873737,100.390909,4.0
13.873737,100.39697,4.0
13.873737,100.40303,6.0
13.873737,100.409091,7.0
13.873737,100.415152,9.0
13.873737,100.421212,8.0
13.873737,100.427273,7.0
13.873737,100.433333,4.0
13.873737,100.439394,4.0
13.873737,100.445455,10.0
13.873737,100.451515,5.0
13.873737,100.457576,7.0
13.873737,100.463636,4.0
13.873737,100.469697,8.0
13.873737,100.475758,5.0
13.873737,100.481818,8.0
13.873737,100.487879,9.0
13.873737,100.493939,4.0
13.873737,100.5,5.0
13.873737,100.506061,6.0
13.873737,100.512121,7.0
13.873737,100.518182,9.0
13.873737,100.524242,6.0
13.873737,100.530303,6.0
13.873737,100.536364,4.0
13.873737,100.542424,7.0
13.873737,100.548485,4.0
13.873737,100.554545,8.0
13.873737,100.560606,7.0
13.873737,100.566667,6.0
13.873737,100.572727,2.0
13.873737,100.578788,7.0
13.873737,100.584848,4.0
13.873737,100.590909,10.0
13.873737,100.59697,9.0
13.873737,100.60303,7.0
13.873737,100.609091,8.0
13.873737,100.615152,8.0
13.873737,100.621212,7.0
13.873737,100.627273,6.0
13.873737,100.633333,8.0
13.873737,100.639394,6.0
13.873737,100.645455,3.0
13.873737,100.651515,3.0
13.873737,100.657576,8.0
13.873737,100.663636,4.0
13.873737,100.669697,4.0
13.873737,100.675758,3.0
13.873737,100.681818,3.0
13.873737,100.687879,4.0
13.873737,100.693939,9.0
13.873737,100.7,6.0
13.873737,100.706061,5.0
13.873737,100.712121,5.0
13.873737,100.718182,3.0
13.873737,100.724242,5.0
13.873737,100.730303,6.0
13.873737,100.736364,3.0
13.873737,100.742424,4.0
13.873737,100.748485,5.0
13.873737,100.754545,-1.0
13.873737,100.760606,4.0
13.873737,100.766667,3.0
13.873737,100.772727,5.0
13.873737,100.778788,3.0
13.873737,100.784848,5.0
13.873737,100.790909,2.0
13.873737,100.79697,-9.0
13.873737,100.80303,4.0
13.873737,100.809091,4.0
13.873737,100.815152,3.0
13.873737,100.821212,5.0
13.873737,100.827273,7.0
13.873737,100.833333,8.0
13.873737,100.839394,5.0
13.873737,100.845455,-2.0
13.873737,100.851515,2.0
13.873737,100.857576,6.0
13.873737,100.863636,6.0
13.873737,100.869697,4.0
13.873737,100.875758,2.0
13.873737,100.881818,6.0
13.873737,100.887879,5.0
13.873737,100.893939,3.0
13.873737,100.9,3.0
13.878788,100.3,6.0
13.878788,100.306061,5.0
13.878788,100.312121,4.0
13.878788,100.318182,4.0
13.878788,100.324242,2.0
13.878788,100.330303,5.0
13.878788,100.336364,3.0
13.878788,100.342424,3.0
13.878788,100.348485,2.0
13.878788,100.354545,2.0
13.878788,100.360606,4.0
13.878788,100.366667,2.0
13.878788,100.372727,3.0
13.878788,100.378788,2.0
13.878788,100.384848,3.0
13.878788,100.390909,5.0
13.878788,100.39697,6.0
13.878788,100.40303,9.0
13.878788,100.409091,9.0
13.878788,100.415152,8.0
13.878788,100.421212,7.0
13.878788,100.427273,9.0
13.878788,100.433333,5.0
13.878788,100.439394,4.0
13.878788,100.445455,9.0
13.878788,100.451515,9.0
13.878788,100.457576,9.0
13.878788,100.463636,7.0
13.878788,100.469697,9.0
13.878788,100.475758,5.0
13.878788,100.481818,6.0
13.878788,100.487879,10.0
13.878788,100.493939,10.0
13.878788,100.5,7.0
13.878788,100.506061,5.0
13.878788,100.512121,6.0
13.878788,100.518182,4.0
13.878788,100.524242,5.0
13.878788,100.530303,5.0
13.878788,100.536364,8.0
13.878788,100.542424,5.0
13.878788,100.548485,2.0
13.878788,100.554545,9.0
13.878788,100.560606,7.0
13.878788,100.566667,2.0
13.878788,100.572727,9.0
13.878788,100.578788,5.0
13.878788,100.584848,8.0
13.878788,100.590909,9.0
13.878788,100.59697,7.0
13.878788,100.60303,8.0
13.878788,100.609091,4.0
13.878788,100.615152,2.0
13.878788,100.621212,5.0
13.878788,100.627273,5.0
13.878788,100.633333,3.0
13.878788,100.639394,5.0
13.878788,100.645455,8.0
13.878788,100.651515,6.0
13.878788,100.657576,6.0
13.878788,100.663636,8.0
13.878788,100.669697,4.0
13.878788,100.675758,5.0
13.878788,100.681818,7.0
13.878788,100.687879,6.0
13.878788,100.693939,3.0
13.878788,100.7,4.0
13.878788,100.706061,7.0
13.878788,100.712121,5.0
13.878788,100.718182,6.0
13.878788,100.724242,7.0
13.878788,100.730303,8.0
13.878788,100.736364,4.0
13.878788,100.742424,2.0
13.878788,100.748485,4.0
13.878788,100.754545,4.0
13.878788,100.760606,5.0
13.878788,100.766667,5.0
13.878788,100.772727,7.0
13.878788,100.778788,3.0
13.878788,100.784848,6.0
13.878788,100.790909,7.0
13.878788,100.79697,-9.0
13.878788,100.80303,5.0
13.878788,100.809091,8.0
13.878788,100.815152,-2.0
13.878788,100.821212,6.0
13.878788,100.827273,7.0
13.878788,100.833333,4.0
13.878788,100.839394,5.0
13.878788,100.845455,4.0
13.878788,100.851515,5.0
13.878788,100.857576,3.0
13.878788,100.863636,2.0
13.878788,100.869697,4.0
13.878788,100.875758,7.0
13.878788,100.881818,3.0
13.878788,100.887879,5.0
13.878788,100.893939,4.0
13.878788,100.9,2.0
13.883838,100.3,3.0
13.883838,100.306061,2.0
13.883838,100.312121,2.0
13.883838,100.318182,4.0
13.883838,100.324242,5.0
13.883838,100.330303,4.0
13.883838,100.336364,1.0
13.883838,100.342424,3.0
13.883838,100.348485,3.0
13.883838,100.354545,2.0
13.883838,100.360606,4.0
13.883838,100.366667,3.0
13.883838,100.372727,2.0
13.883838,100.378788,5.0
13.883838,100.384848,3.0
13.883838,100.390909,6.0
13.883838,100.39697,4.0
13.883838,100.40303,8.0
13.883838,100.409091,6.0
13.883838,100.415152,6.0
13.883838,100.421212,2.0
13.883838,100.427273,4.0
13.883838,100.433333,6.0
13.883838,100.439394,5.0
13.883838,100.445455,4.0
13.883838,100.451515,7.0
13.883838,100.457576,9.0
13.883838,100.463636,10.0
13.883838,100.469697,10.0
13.883838,100.475758,6.0
13.883838,100.481818,5.0
13.883838,100.487879,9.0
13.883838,100.493939,8.0
13.883838,100.5,8.0
13.883838,100.506061,5.0
13.883838,100.512121,7.0
13.883838,100.518182,7.0
13.883838,100.524242,7.0
13.883838,100.530303,6.0
13.883838,100.536364,8.0
13.883838,100.542424,6.0
13.883838,100.548485,6.0
13.883838,100.554545,9.0
13.883838,100.560606,8.0
13.883838,100.566667,6.0
13.883838,100.572727,13.0
13.883838,100.578788,4.0
13.883838,100.584848,7.0
13.883838,100.590909,2.0
13.883838,100.59697,10.0
13.883838,100.60303,5.0
13.883838,100.609091,4.0
13.883838,100.615152,6.0
13.883838,100.621212,8.0
13.883838,100.627273,8.0
13.883838,100.633333,4.0
13.883838,100.639394,3.0
13.883838,100.645455,4.0
13.883838,100.651515,7.0
13.883838,100.657576,2.0
13.883838,100.663636,8.0
13.883838,100.669697,4.0
13.883838,100.675758,5.0
13.883838,100.681818,8.0
13.883838,100.687879,6.0
13.883838,100.693939,2.0
13.883838,100.7,14.0
13.883838,100.706061,5.0
13.883838,100.712121,3.0
13.883838,100.718182,8.0
13.883838,100.724242,5.0
13.883838,100.730303,6.0
13.883838,100.736364,7.0
13.883838,100.742424,9.0
13.883838,100.748485,1.0
13.883838,100.754545,7.0
13.883838,100.760606,6.0
13.883838,100.766667,4.0
13.883838,100.772727,2.0
13.883838,100.778788,2.0
13.883838,100.784848,5.0
13.883838,100.790909,8.0
13.883838,100.79697,2.0
13.883838,100.80303,4.0
13.883838,100.809091,8.0
13.883838,100.815152,4.0
13.883838,100.821212,4.0
13.883838,100.827273,3.0
13.883838,100.833333,6.0
13.883838,100.839394,4.0
13.883838,100.845455,5.0
13.883838,100.851515,7.0
13.883838,100.857576,6.0
13.883838,100.863636,6.0
13.883838,100.869697,4.0
13.883838,100.875758,5.0
13.883838,100.881818,6.0
13.883838,100.887879,3.0
13.883838,100.893939,7.0
13.883838,100.9,-1.0
13.888889,100.3,3.0
13.888889,100.306061,3.0
13.888889,100.312121,8.0
13.888889,100.318182,5.0
13.888889,100.324242,3.0
13.888889,100.330303,4.0
13.888889,100.336364,4.0
13.888889,100.342424,4.0
13.888889,100.348485,4.0
13.888889,100.354545,3.0
13.888889,100.360606,5.0
13.888889,100.366667,5.0
13.888889,100.372727,4.0
13.888889,100.378788,4.0
13.888889,100.384848,6.0
13.888889,100.390909,4.0
13.888889,100.39697,6.0
13.888889,100.40303,5.0
13.888889,100.409091,5.0
13.888889,100.415152,8.0
13.888889,100.421212,5.0
13.888889,100.427273,6.0
13.888889,100.433333,7.0
13.888889,100.439394,7.0
13.888889,100.445455,7.0
13.888889,100.451515,6.0
13.888889,100.457576,7.0
13.888889,100.463636,7.0
13.888889,100.469697,6.0
13.888889,100.475758,7.0
13.888889,100.481818,4.0
13.888889,100.487879,5.0
13.888889,100.493939,8.0
13.888889,100.5,7.0
13.888889,100.506061,7.0
13.888889,100.512121,5.0
13.888889,100.518182,3.0
13.888889,100.524242,4.0
13.888889,100.530303,5.0
13.888889,100.536364,5.0
13.888889,100.542424,5.0
13.888889,100.548485,5.0
13.888889,100.554545,6.0
13.888889,100.560606,6.0
13.888889,100.566667,4.0
13.888889,100.572727,4.0
13.888889,100.578788,5.0
13.888889,100.584848,10.0
13.888889,100.590909,5.0
13.888889,100.59697,6.0
13.888889,100.60303,5.0
13.888889,100.609091,6.0
13.888889,100.615152,6.0
13.888889,100.621212,4.0
13.888889,100.627273,6.0
13.888889,100.633333,4.0
13.888889,100.639394,8.0
13.888889,100.645455,2.0
13.888889,100.651515,6.0
13.888889,100.657576,5.0
13.888889,100.663636,6.0
13.888889,100.669697,2.0
13.888889,100.675758,4.0
13.888889,100.681818,7.0
13.888889,100.687879,4.0
13.888889,100.693939,4.0
13.888889,100.7,4.0
13.888889,100.706061,5.0
13.888889,100.712121,4.0
13.888889,100.718182,2.0
13.888889,100.724242,5.0
13.888889,100.730303,4.0
13.888889,100.736364,7.0
13.888889,100.742424,7.0
13.888889,100.748485,8.0
13.888889,100.754545,5.0
13.888889,100.760606,9.0
13.888889,100.766667,4.0
13.888889,100.772727,3.0
13.888889,100.778788,5.0
13.888889,100.784848,5.0
13.888889,100.790909,5.0
13.888889,100.79697,5.0
13.888889,100.80303,5.0
13.888889,100.809091,7.0
13.888889,100.815152,4.0
13.888889,100.821212,7.0
13.888889,100.827273,8.0
13.888889,100.833333,4.0
13.888889,100.839394,6.0
13.888889,100.845455,4.0
13.888889,100.851515,5.0
13.888889,100.857576,2.0
13.888889,100.863636,6.0
13.888889,100.869697,5.0
13.888889,100.875758,2.0
13.888889,100.881818,3.0
13.888889,100.887879,8.0
13.888889,100.893939,2.0
13.888889,100.9,3.0
13.893939,100.3,6.0
13.893939,100.306061,3.0
13.893939,100.312121,3.0
13.893939,100.318182,3.0
13.893939,100.324242,3.0
13.893939,100.330303,4.0
13.893939,100.336364,3.0
13.893939,100.342424,8.0
13.893939,100.348485,6.0
13.893939,100.354545,3.0
13.893939,100.360606,5.0
13.893939,100.366667,1.0
13.893939,100.372727,2.0
13.893939,100.378788,4.0
13.893939,100.384848,4.0
13.893939,100.390909,3.0
13.893939,100.39697,6.0
13.893939,100.40303,8.0
13.893939,100.409091,5.0
13.893939,100.415152,3.0
13.893939,100.421212,3.0
13.893939,100.427273,8.0
13.893939,100.433333,6.0
13.893939,100.439394,5.0
13.893939,100.445455,3.0
13.893939,100.451515,5.0
13.893939,100.457576,4.0
13.893939,100.463636,9.0
13.893939,100.469697,6.0
13.893939,100.475758,7.0
13.893939,100.481818,5.0
13.893939,100.487879,5.0
13.893939,100.493939,3.0
13.893939,100.5,6.0
13.893939,100.506061,6.0
13.893939,100.512121,8.0
13.893939,100.518182,3.0
13.893939,100.524242,3.0
13.893939,100.530303,6.0
13.893939,100.536364,7.0
13.893939,100.542424,6.0
13.893939,100.548485,6.0
13.893939,100.554545,5.0
13.893939,100.560606,12.0
13.893939,100.566667,8.0
13.893939,100.572727,5.0
13.893939,100.578788,7.0
13.893939,100.584848,10.0
13.893939,100.590909,6.0
13.893939,100.59697,2.0
13.893939,100.60303,8.0
13.893939,100.609091,11.0
13.893939,100.615152,7.0
13.893939,100.621212,5.0
13.893939,100.627273,5.0
13.893939,100.633333,-1.0
13.893939,100.639394,7.0
13.893939,100.645455,2.0
13.893939,100.651515,6.0
13.893939,100.657576,11.0
13.893939,100.663636,5.0
13.893939,100.669697,6.0
13.893939,100.675758,3.0
13.893939,100.681818,1.0
13.893939,100.687879,3.0
13.893939,100.693939,6.0
13.893939,100.7,7.0
13.893939,100.706061,5.0
13.893939,100.712121,7.0
13.893939,100.718182,5.0
13.893939,100.724242,3.0
13.893939,100.730303,4.0
13.893939,100.736364,7.0
13.893939,100.742424,2.0
13.893939,100.748485,3.0
13.893939,100.754545,6.0
13.893939,100.760606,8.0
13.893939,100.766667,8.0
13.893939,100.772727,2.0
13.893939,100.778788,8.0
13.893939,100.784848,5.0
13.893939,100.790909,5.0
13.893939,100.79697,3.0
13.893939,100.80303,8.0
13.893939,100.809091,3.0
13.893939,100.815152,5.0
13.893939,100.821212,6.0
13.893939,100.827273,3.0
13.893939,100.833333,3.0
13.893939,100.839394,3.0
13.893939,100.845455,1.0
13.893939,100.851515,4.0
13.893939,100.857576,5.0
13.893939,100.863636,4.0
13.893939,100.869697,7.0
13.893939,100.875758,-1.0
13.893939,100.881818,1.0
13.893939,100.887879,7.0
13.893939,100.893939,2.0
13.893939,100.9,3.0
13.89899,100.3,6.0
13.89899,100.306061,5.0
13.89899,100.312121,5.0
13.89899,100.318182,4.0
13.89899,100.324242,7.0
13.89899,100.330303,5.0
13.89899,100.336364,3.0
13.89899,100.342424,3.0
13.89899,100.348485,5.0
13.89899,100.354545,4.0
13.89899,100.360606,4.0
13.89899,100.366667,4.0
13.89899,100.372727,5.0
13.89899,100.378788,3.0
13.89899,100.384848,3.0
13.89899,100.390909,2.0
13.89899,100.39697,6.0
13.89899,100.40303,7.0
13.89899,100.409091,6.0
13.89899,100.415152,11.0
13.89899,100.421212,4.0
13.89899,100.427273,6.0
13.89899,100.433333,4.0
13.89899,100.439394,5.0
13.89899,100.445455,3.0
13.89899,100.451515,6.0
13.89899,100.457576,5.0
13.89899,100.463636,7.0
13.89899,100.469697,6.0
13.89899,100.475758,4.0
13.89899,100.481818,7.0
13.89899,100.487879,5.0
13.89899,100.493939,6.0
13.89899,100.5,6.0
13.89899,100.506061,7.0
13.89899,100.512121,9.0
13.89899,100.518182,3.0
13.89899,100.524242,6.0
13.89899,100.530303,6.0
13.89899,100.536364,10.0
13.89899,100.542424,9.0
13.89899,100.548485,3.0
13.89899,100.554545,5.0
13.89899,100.560606,9.0
13.89899,100.566667,10.0
13.89899,100.572727,7.0
13.89899,100.578788,4.0
13.89899,100.584848,7.0
13.89899,100.590909,11.0
13.89899,100.59697,2.0
13.89899,100.60303,-4.0
13.89899,100.609091,7.0
13.89899,100.615152,8.0
13.89899,100.621212,3.0
13.89899,100.627273,10.0
13.89899,100.633333,3.0
13.89899,100.639394,7.0
13.89899,100.645455,3.0
13.89899,100.651515,8.0
13.89899,100.657576,3.0
13.89899,100.663636,4.0
13.89899,100.669697,6.0
13.89899,100.675758,7.0
13.89899,100.681818,3.0
13.89899,100.687879,9.0
13.89899,100.693939,4.0
13.89899,100.7,1.0
13.89899,100.706061,5.0
13.89899,100.712121,1.0
13.89899,100.718182,6.0
13.89899,100.724242,6.0
13.89899,100.730303,6.0
13.89899,100.736364,6.0
13.89899,100.742424,5.0
13.89899,100.748485,7.0
13.89899,100.754545,6.0
13.89899,100.760606,4.0
13.89899,100.766667,6.0
13.89899,100.772727,4.0
13.89899,100.778788,5.0
13.89899,100.784848,3.0
13.89899,100.790909,5.0
13.89899,100.79697,6.0
13.89899,100.80303,2.0
13.89899,100.809091,5.0
13.89899,100.815152,4.0
13.89899,100.821212,2.0
13.89899,100.827273,6.0
13.89899,100.833333,7.0
13.89899,100.839394,5.0
13.89899,100.845455,5.0
13.89899,100.851515,5.0
13.89899,100.857576,2.0
13.89899,100.863636,1.0
13.89899,100.869697,4.0
13.89899,100.875758,7.0
13.89899,100.881818,8.0
13.89899,100.887879,6.0
13.89899,100.893939,7.0
13.89899,100.9,2.0
13.90404,100.3,6.0
13.90404,100.306061,3.0
13.90404,100.312121,6.0
13.90404,100.318182,5.0
13.90404,100.324242,5.0
13.90404,100.330303,4.0
13.90404,100.336364,2.0
13.90404,100.342424,5.0
13.90404,100.348485,3.0
13.90404,100.354545,7.0
13.90404,100.360606,3.0
13.90404,100.366667,5.0
13.90404,100.372727,4.0
13.90404,100.378788,4.0
13.90404,100.384848,3.0
13.90404,100.390909,4.0
13.90404,100.39697,5.0
13.90404,100.40303,2.0
13.90404,100.409091,8.0
13.90404,100.415152,2.0
13.90404,100.421212,7.0
13.90404,100.427273,5.0
13.90404,100.433333,5.0
13.90404,100.439394,7.0
13.90404,100.445455,8.0
13.90404,100.451515,4.0
13.90404,100.457576,6.0
13.90404,100.463636,4.0
13.90404,100.469697,7.0
13.90404,100.475758,3.0
13.90404,100.481818,6.0
13.90404,100.487879,7.0
13.90404,100.493939,9.0
13.90404,100.5,3.0
13.90404,100.506061,8.0
13.90404,100.512121,8.0
13.90404,100.518182,1.0
13.90404,100.524242,6.0
13.90404,100.530303,10.0
13.90404,100.536364,9.0
13.90404,100.542424,3.0
13.90404,100.548485,7.0
13.90404,100.554545,6.0
13.90404,100.560606,7.0
13.90404,100.566667,9.0
13.90404,100.572727,9.0
13.90404,100.578788,6.0
13.90404,100.584848,5.0
13.90404,100.590909,10.0
13.90404,100.59697,9.0
13.90404,100.60303,5.0
13.90404,100.609091,7.0
13.90404,100.615152,10.0
13.90404,100.621212,9.0
13.90404,100.627273,10.0
13.90404,100.633333,8.0
13.90404,100.639394,1.0
13.90404,100.645455,4.0
13.90404,100.651515,2.0
13.90404,100.657576,6.0
13.90404,100.663636,3.0
13.90404,100.669697,7.0
13.90404,100.675758,7.0
13.90404,100.681818,4.0
13.90404,100.687879,6.0
13.90404,100.693939,5.0
13.90404,100.7,3.0
13.90404,100.706061,2.0
13.90404,100.712121,2.0
13.90404,100.718182,4.0
13.90404,100.724242,1.0
13.90404,100.730303,5.0
13.90404,100.736364,3.0
13.90404,100.742424,5.0
13.90404,100.748485,5.0
13.90404,100.754545,6.0
13.90404,100.760606,7.0
13.90404,100.766667,5.0
13.90404,100.772727,4.0
13.90404,100.778788,8.0
13.90404,100.784848,3.0
13.90404,100.790909,5.0
13.90404,100.79697,3.0
13.90404,100.80303,2.0
13.90404,100.809091,4.0
13.90404,100.815152,8.0
13.90404,100.821212,3.0
13.90404,100.827273,3.0
13.90404,100.833333,3.0
13.90404,100.839394,7.0
13.90404,100.845455,3.0
13.90404,100.851515,6.0
13.90404,100.857576,5.0
13.90404,100.863636,8.0
13.90404,100.869697,5.0
13.90404,100.875758,6.0
13.90404,100.881818,6.0
13.90404,100.887879,5.0
13.90404,100.893939,2.0
13.90404,100.9,3.0
13.909091,100.3,2.0
13.909091,100.306061,5.0
13.909091,100.312121,8.0
13.909091,100.318182,4.0
13.909091,100.324242,5.0
13.909091,100.330303,5.0
13.909091,100.336364,6.0
13.909091,100.342424,3.0
13.909091,100.348485,3.0
13.909091,100.354545,4.0
13.909091,100.360606,7.0
13.909091,100.366667,4.0
13.909091,100.372727,3.0
13.909091,100.378788,5.0
13.909091,100.384848,6.0
13.909091,100.390909,6.0
13.909091,100.39697,5.0
13.909091,100.40303,4.0
13.909091,100.409091,7.0
13.909091,100.415152,3.0
13.909091,100.421212,6.0
13.909091,100.427273,5.0
13.909091,100.433333,4.0
13.909091,100.439394,6.0
13.909091,100.445455,2.0
13.909091,100.451515,6.0
13.909091,100.457576,3.0
13.909091,100.463636,7.0
13.909091,100.469697,4.0
13.909091,100.475758,8.0
13.909091,100.481818,5.0
13.909091,100.487879,3.0
13.909091,100.493939,9.0
13.909091,100.5,10.0
13.909091,100.506061,7.0
13.909091,100.512121,7.0
13.909091,100.518182,4.0
13.909091,100.524242,8.0
13.909091,100.530303,5.0
13.909091,100.536364,3.0
13.909091,100.542424,5.0
13.909091,100.548485,9.0
13.909091,100.554545,13.0
13.909091,100.560606,5.0
13.909091,100.566667,13.0
13.909091,100.572727,5.0
13.909091,100.578788,6.0
13.909091,100.584848,9.0
13.909091,100.590909,5.0
13.909091,100.59697,5.0
13.909091,100.60303,2.0
13.909091,100.609091,4.0
13.909091,100.615152,6.0
13.909091,100.621212,1.0
13.909091,100.627273,7.0
13.909091,100.633333,7.0
13.909091,100.639394,1.0
13.909091,100.645455,8.0
13.909091,100.651515,4.0
13.909091,100.657576,2.0
13.909091,100.663636,-4.0
13.909091,100.669697,5.0
13.909091,100.675758,5.0
13.909091,100.681818,7.0
13.909091,100.687879,6.0
13.909091,100.693939,6.0
13.909091,100.7,7.0
13.909091,100.706061,6.0
13.909091,100.712121,7.0
13.909091,100.718182,4.0
13.909091,100.724242,3.0
13.909091,100.730303,5.0
13.909091,100.736364,7.0
13.909091,100.742424,5.0
13.909091,100.748485,4.0
13.909091,100.754545,2.0
13.909091,100.760606,4.0
13.909091,100.766667,6.0
13.909091,100.772727,2.0
13.909091,100.778788,4.0
13.909091,100.784848,1.0
13.909091,100.790909,4.0
13.909091,100.79697,4.0
13.909091,100.80303,3.0
13.909091,100.809091,8.0
13.909091,100.815152,6.0
13.909091,100.821212,2.0
13.909091,100.827273,4.0
13.909091,100.833333,1.0
13.909091,100.839394,10.0
13.909091,100.845455,6.0
13.909091,100.851515,7.0
13.909091,100.857576,1.0
13.909091,100.863636,9.0
13.909091,100.869697,3.0
13.909091,100.875758,8.0
13.909091,100.881818,9.0
13.909091,100.887879,7.0
13.909091,100.893939,6.0
13.909091,100.9,3.0
13.914141,100.3,2.0
13.914141,100.306061,3.0
13.914141,100.312121,6.0
13.914141,100.318182,5.0
13.914141,100.324242,6.0
13.914141,100.330303,8.0
13.914141,100.336364,4.0
13.914141,100.342424,3.0
13.914141,100.348485,5.0
13.914141,100.354545,3.0
13.914141,100.360606,7.0
13.914141,100.366667,7.0
13.914141,100.372727,5.0
13.914141,100.378788,4.0
13.914141,100.384848,6.0
13.914141,100.390909,7.0
13.914141,100.39697,4.0
13.914141,100.40303,6.0
13.914141,100.409091,4.0
13.914141,100.415152,3.0
13.914141,100.421212,8.0
13.914141,100.427273,5.0
13.914141,100.433333,6.0
13.914141,100.439394,8.0
13.914141,100.445455,6.0
13.914141,100.451515,4.0
13.914141,100.457576,5.0
13.914141,100.463636,7.0
13.914141,100.469697,4.0
13.914141,100.475758,11.0
13.914141,100.481818,7.0
13.914141,100.487879,5.0
13.914141,100.493939,8.0
13.914141,100.5,8.0
13.914141,100.506061,5.0
13.914141,100.512121,9.0
13.914141,100.518182,7.0
13.914141,100.524242,6.0
13.914141,100.530303,3.0
13.914141,100.536364,5.0
13.914141,100.542424,8.0
13.914141,100.548485,7.0
13.914141,100.554545,5.0
13.914141,100.560606,5.0
13.914141,100.566667,6.0
13.914141,100.572727,6.0
13.914141,100.578788,5.0
13.914141,100.584848,4.0
13.914141,100.590909,6.0
13.914141,100.59697,8.0
13.914141,100.60303,14.0
13.914141,100.609091,9.0
13.914141,100.615152,10.0
13.914141,100.621212,7.0
13.914141,100.627273,8.0
13.914141,100.633333,7.0
13.914141,100.639394,7.0
13.914141,100.645455,8.0
13.914141,100.651515,2.0
13.914141,100.657576,4.0
13.914141,100.663636,7.0
13.914141,100.669697,7.0
13.914141,100.675758,3.0
13.914141,100.681818,7.0
13.914141,100.687879,8.0
13.914141,100.693939,5.0
13.914141,100.7,3.0
13.914141,100.706061,7.0
13.914141,100.712121,4.0
13.914141,100.718182,3.0
13.914141,100.724242,4.0
13.914141,100.730303,3.0
13.914141,100.736364,4.0
13.914141,100.742424,3.0
13.914141,100.748485,4.0
13.914141,100.754545,7.0
13.914141,100.760606,3.0
13.914141,100.766667,9.0
13.914141,100.772727,2.0
13.914141,100.778788,2.0
13.914141,100.784848,3.0
13.914141,100.790909,4.0
13.914141,100.79697,5.0
13.914141,100.80303,3.0
13.914141,100.809091,5.0
13.914141,100.815152,3.0
13.914141,100.821212,3.0
13.914141,100.827273,6.0
13.914141,100.833333,5.0
13.914141,100.839394,8.0
13.914141,100.845455,2.0
13.914141,100.851515,3.0
13.914141,100.857576,2.0
13.914141,100.863636,7.0
13.914141,100.869697,3.0
13.914141,100.875758,6.0
13.914141,100.881818,1.0
13.914141,100.887879,5.0
13.914141,100.893939,6.0
13.914141,100.9,2.0
13.919192,100.3,6.0
13.919192,100.306061,8.0
13.919192,100.312121,4.0
13.919192,100.318182,5.0
13.919192,100.324242,5.0
13.919192,100.330303,4.0
13.919192,100.336364,4.0
13.919192,100.342424,4.0
13.919192,100.348485,4.0
13.919192,100.354545,2.0
13.919192,100.360606,5.0
13.919192,100.366667,4.0
13.919192,100.372727,3.0
13.919192,100.378788,5.0
13.919192,100.384848,4.0
13.919192,100.390909,6.0
13.919192,100.39697,6.0
13.919192,100.40303,7.0
13.919192,100.409091,5.0
13.919192,100.415152,5.0
13.919192,100.421212,3.0
13.919192,100.427273,4.0
13.919192,100.433333,-6.0
13.919192,100.439394,5.0
13.919192,100.445455,1.0
13.919192,100.451515,6.0
13.919192,100.457576,3.0
13.919192,100.463636,6.0
13.919192,100.469697,4.0
13.919192,100.475758,5.0
13.919192,100.481818,6.0
13.919192,100.487879,6.0
13.919192,100.493939,7.0
13.919192,100.5,4.0
13.919192,100.506061,7.0
13.919192,100.512121,8.0
13.919192,100.518182,10.0
13.919192,100.524242,5.0
13.919192,100.530303,6.0
13.919192,100.536364,7.0
13.919192,100.542424,5.0
13.919192,100.548485,-1.0
13.919192,100.554545,7.0
13.919192,100.560606,7.0
13.919192,100.566667,4.0
13.919192,100.572727,4.0
13.919192,100.578788,3.0
13.919192,100.584848,6.0
13.919192,100.590909,7.0
13.919192,100.59697,8.0
13.919192,100.60303,1.0
13.919192,100.609091,5.0
13.919192,100.615152,15.0
13.919192,100.621212,5.0
13.919192,100.627273,7.0
13.919192,100.633333,6.0
13.919192,100.639394,5.0
13.919192,100.645455,8.0
13.919192,100.651515,3.0
13.919192,100.657576,5.0
13.919192,100.663636,6.0
13.919192,100.669697,9.0
13.919192,100.675758,5.0
13.919192,100.681818,4.0
13.919192,100.687879,2.0
13.919192,100.693939,8.0
13.919192,100.7,2.0
13.919192,100.706061,6.0
13.919192,100.712121,4.0
13.919192,100.718182,5.0
13.919192,100.724242,5.0
13.919192,100.730303,4.0
13.919192,100.736364,4.0
13.919192,100.742424,2.0
13.919192,100.748485,5.0
13.919192,100.754545,5.0
13.919192,100.760606,4.0
13.919192,100.766667,1.0
13.919192,100.772727,6.0
13.919192,100.778788,4.0
13.919192,100.784848,5.0
13.919192,100.790909,5.0
13.919192,100.79697,2.0
13.919192,100.80303,5.0
13.919192,100.809091,-1.0
13.919192,100.815152,6.0
13.919192,100.821212,7.0
13.919192,100.827273,4.0
13.919192,100.833333,2.0
13.919192,100.839394,8.0
13.919192,100.845455,2.0
13.919192,100.851515,5.0
13.919192,100.857576,3.0
13.919192,100.863636,8.0
13.919192,100.869697,5.0
13.919192,100.875758,11.0
13.919192,100.881818,5.0
13.919192,100.887879,5.0
13.919192,100.893939,6.0
13.919192,100.9,4.0
13.924242,100.3,2.0
13.924242,100.306061,8.0
13.924242,100.312121,3.0
13.924242,100.318182,2.0
13.924242,100.324242,3.0
13.924242,100.330303,6.0
13.924242,100.336364,7.0
13.924242,100.342424,1.0
13.924242,100.348485,7.0
13.924242,100.354545,6.0
13.924242,100.360606,5.0
13.924242,100.366667,4.0
13.924242,100.372727,4.0
13.924242,100.378788,5.0
13.924242,100.384848,2.0
13.924242,100.390909,6.0
13.924242,100.39697,6.0
13.924242,100.40303,6.0
13.924242,100.409091,5.0
13.924242,100.415152,6.0
13.924242,100.421212,5.0
13.924242,100.427273,5.0
13.924242,100.433333,5.0
13.924242,100.439394,12.0
13.924242,100.445455,4.0
13.924242,100.451515,5.0
13.924242,100.457576,5.0
13.924242,100.463636,2.0
13.924242,100.469697,4.0
13.924242,100.475758,3.0
13.924242,100.481818,4.0
13.924242,100.487879,7.0
13.924242,100.493939,5.0
13.924242,100.5,5.0
13.924242,100.506061,5.0
13.924242,100.512121,7.0
13.924242,100.518182,8.0
13.924242,100.524242,4.0
13.924242,100.530303,6.0
13.924242,100.536364,9.0
13.924242,100.542424,4.0
13.924242,100.548485,6.0
13.924242,100.554545,6.0
13.924242,100.560606,5.0
13.924242,100.566667,8.0
13.924242,100.572727,2.0
13.924242,100.578788,3.0
13.924242,100.584848,7.0
13.924242,100.590909,6.0
13.924242,100.59697,7.0
13.924242,100.60303,6.0
13.924242,100.609091,6.0
13.924242,100.615152,4.0
13.924242,100.621212,7.0
13.924242,100.627273,7.0
13.924242,100.633333,8.0
13.924242,100.639394,6.0
13.924242,100.645455,6.0
13.924242,100.651515,6.0
13.924242,100.657576,7.0
13.924242,100.663636,4.0
13.924242,100.669697,6.0
13.924242,100.675758,10.0
13.924242,100.681818,6.0
13.924242,100.687879,2.0
13.924242,100.693939,9.0
13.924242,100.7,6.0
13.924242,100.706061,5.0
13.924242,100.712121,4.0
13.924242,100.718182,3.0
13.924242,100.724242,5.0
13.924242,100.730303,4.0
13.924242,100.736364,2.0
13.924242,100.742424,5.0
13.924242,100.748485,5.0
13.924242,100.754545,4.0
13.924242,100.760606,4.0
13.924242,100.766667,7.0
13.924242,100.772727,2.0
13.924242,100.778788,3.0
13.924242,100.784848,4.0
13.924242,100.790909,2.0
13.924242,100.79697,5.0
13.924242,100.80303,6.0
13.924242,100.809091,1.0
13.924242,100.815152,3.0
13.924242,100.821212,3.0
13.924242,100.827273,4.0
13.924242,100.833333,7.0
13.924242,100.839394,8.0
13.924242,100.845455,5.0
13.924242,100.851515,5.0
13.924242,100.857576,7.0
13.924242,100.863636,10.0
13.924242,100.869697,4.0
13.924242,100.875758,3.0
13.924242,100.881818,4.0
13.924242,100.887879,2.0
13.924242,100.893939,7.0
13.924242,100.9,3.0
13.929293,100.3,6.0
13.929293,100.306061,4.0
13.929293,100.312121,3.0
13.929293,100.318182,7.0
13.929293,100.324242,2.0
13.929293,100.330303,4.0
13.929293,100.336364,4.0
13.929293,100.342424,4.0
13.929293,100.348485,7.0
13.929293,100.354545,5.0
13.929293,100.360606,5.0
13.929293,100.366667,4.0
13.929293,100.372727,4.0
13.929293,100.378788,2.0
13.929293,100.384848,5.0
13.929293,100.390909,5.0
13.929293,100.39697,8.0
13.929293,100.40303,3.0
13.929293,100.409091,4.0
13.929293,100.415152,6.0
13.929293,100.421212,5.0
13.929293,100.427273,7.0
13.929293,100.433333,5.0
13.929293,100.439394,8.0
13.929293,100.445455,5.0
13.929293,100.451515,5.0
13.929293,100.457576,4.0
13.929293,100.463636,4.0
13.929293,100.469697,6.0
13.929293,100.475758,4.0
13.929293,100.481818,7.0
13.929293,100.487879,4.0
13.929293,100.493939,3.0
13.929293,100.5,5.0
13.929293,100.506061,7.0
13.929293,100.512121,10.0
13.929293,100.518182,2.0
13.929293,100.524242,3.0
13.929293,100.530303,2.0
13.929293,100.536364,4.0
13.929293,100.542424,6.0
13.929293,100.548485,4.0
13.929293,100.554545,5.0
13.929293,100.560606,7.0
13.929293,100.566667,4.0
13.929293,100.572727,4.0
13.929293,100.578788,6.0
13.929293,100.584848,6.0
13.929293,100.590909,7.0
13.929293,100.59697,5.0
13.929293,100.60303,4.0
13.929293,100.609091,5.0
13.929293,100.615152,3.0
13.929293,100.621212,5.0
13.929293,100.627273,8.0
13.929293,100.633333,3.0
13.929293,100.639394,6.0
13.929293,100.645455,4.0
13.929293,100.651515,6.0
13.929293,100.657576,4.0
13.929293,100.663636,4.0
13.929293,100.669697,6.0
13.929293,100.675758,7.0
13.929293,100.681818,7.0
13.929293,100.687879,5.0
13.929293,100.693939,6.0
13.929293,100.7,7.0
13.929293,100.706061,2.0
13.929293,100.712121,4.0
13.929293,100.718182,5.0
13.929293,100.724242,4.0
13.929293,100.730303,3.0
13.929293,100.736364,11.0
13.929293,100.742424,5.0
13.929293,100.748485,7.0
13.929293,100.754545,8.0
13.929293,100.760606,5.0
13.929293,100.766667,2.0
13.929293,100.772727,5.0
13.929293,100.778788,12.0
13.929293,100.784848,5.0
13.929293,100.790909,7.0
13.929293,100.79697,3.0
13.929293,100.80303,3.0
13.929293,100.809091,3.0
13.929293,100.815152,7.0
13.929293,100.821212,9.0
13.929293,100.827273,-1.0
13.929293,100.833333,4.0
13.929293,100.839394,7.0
13.929293,100.845455,2.0
13.929293,100.851515,4.0
13.929293,100.857576,8.0
13.929293,100.863636,9.0
13.929293,100.869697,7.0
13.929293,100.875758,4.0
13.929293,100.881818,6.0
13.929293,100.887879,2.0
13.929293,100.893939,6.0
13.929293,100.9,8.0
13.934343,100.3,4.0
13.934343,100.306061,6.0
13.934343,100.312121,2.0
13.934343,100.318182,5.0
13.934343,100.324242,3.0
13.934343,100.330303,2.0
13.934343,100.336364,4.0
13.934343,100.342424,4.0
13.934343,100.348485,6.0
13.934343,100.354545,4.0
13.934343,100.360606,8.0
13.934343,100.366667,5.0
13.934343,100.372727,5.0
13.934343,100.378788,5.0
13.934343,100.384848,7.0
13.934343,100.390909,4.0
13.934343,100.39697,7.0
13.934343,100.40303,8.0
13.934343,100.409091,8.0
13.934343,100.415152,5.0
13.934343,100.421212,2.0
13.934343,100.427273,3.0
13.934343,100.433333,5.0
13.934343,100.439394,3.0
13.934343,100.445455,3.0
13.934343,100.451515,7.0
13.934343,100.457576,5.0
13.934343,100.463636,4.0
13.934343,100.469697,2.0
13.934343,100.475758,7.0
13.934343,100.481818,7.0
13.934343,100.487879,3.0
13.934343,100.493939,3.0
13.934343,100.5,5.0
13.934343,100.506061,6.0
13.934343,100.512121,1.0
13.934343,100.518182,9.0
13.934343,100.524242,7.0
13.934343,100.530303,10.0
13.934343,100.536364,5.0
13.934343,100.542424,8.0
13.934343,100.548485,8.0
13.934343,100.554545,6.0
13.934343,100.560606,4.0
13.934343,100.566667,8.0
13.934343,100.572727,8.0
13.934343,100.578788,6.0
13.934343,100.584848,7.0
13.934343,100.590909,6.0
13.934343,100.59697,7.0
13.934343,100.60303,9.0
13.934343,100.609091,7.0
13.934343,100.615152,4.0
13.934343,100.621212,7.0
13.934343,100.627273,7.0
13.934343,100.633333,8.0
13.934343,100.639394,5.0
13.934343,100.645455,7.0
13.934343,100.651515,3.0
13.934343,100.657576,4.0
13.934343,100.663636,4.0
13.934343,100.669697,5.0
13.934343,100.675758,3.0
13.934343,100.681818,4.0
13.934343,100.687879,7.0
13.934343,100.693939,12.0
13.934343,100.7,5.0
13.934343,100.706061,5.0
13.934343,100.712121,1.0
13.934343,100.718182,3.0
13.934343,100.724242,9.0
13.934343,100.730303,8.0
13.934343,100.736364,7.0
13.934343,100.742424,5.0
13.934343,100.748485,6.0
13.934343,100.754545,9.0
13.934343,100.760606,6.0
13.934343,100.766667,3.0
13.934343,100.772727,6.0
13.934343,100.778788,1.0
13.934343,100.784848,4.0
13.934343,100.790909,4.0
13.934343,100.79697,2.0
13.934343,100.80303,4.0
13.934343,100.809091,3.0
13.934343,100.815152,8.0
13.934343,100.821212,7.0
13.934343,100.827273,3.0
13.934343,100.833333,6.0
13.934343,100.839394,6.0
13.934343,100.845455,4.0
13.934343,100.851515,3.0
13.934343,100.857576,6.0
13.934343,100.863636,5.0
13.934343,100.869697,6.0
13.934343,100.875758,5.0
13.934343,100.881818,6.0
13.934343,100.887879,5.0
13.934343,100.893939,4.0
13.934343,100.9,6.0
13.939394,100.3,2.0
13.939394,100.306061,4.0
13.939394,100.312121,3.0
13.939394,100.318182,4.0
13.939394,100.324242,5.0
13.939394,100.330303,2.0
13.939394,100.336364,5.0
13.939394,100.342424,3.0
13.939394,100.348485,7.0
13.939394,100.354545,6.0
13.939394,100.360606,6.0
13.939394,100.366667,5.0
13.939394,100.372727,6.0
13.939394,100.378788,5.0
13.939394,100.384848,3.0
13.939394,100.390909,8.0
13.939394,100.39697,4.0
13.939394,100.40303,2.0
13.939394,100.409091,7.0
13.939394,100.415152,6.0
13.939394,100.421212,8.0
13.939394,100.427273,7.0
13.939394,100.433333,5.0
13.939394,100.439394,5.0
13.939394,100.445455,2.0
13.939394,100.451515,5.0
13.939394,100.457576,8.0
13.939394,100.463636,7.0
13.939394,100.469697,5.0
13.939394,100.475758,3.0
13.939394,100.481818,5.0
13.939394,100.487879,3.0
13.939394,100.493939,5.0
13.939394,100.5,8.0
13.939394,100.506061,5.0
13.939394,100.512121,9.0
13.939394,100.518182,8.0
13.939394,100.524242,5.0
13.939394,100.530303,8.0
13.939394,100.536364,4.0
13.939394,100.542424,7.0
13.939394,100.548485,3.0
13.939394,100.554545,2.0
13.939394,100.560606,7.0
13.939394,100.566667,4.0
13.939394,100.572727,6.0
13.939394,100.578788,6.0
13.939394,100.584848,6.0
13.939394,100.590909,5.0
13.939394,100.59697,5.0
13.939394,100.60303,6.0
13.939394,100.609091,2.0
13.939394,100.615152,5.0
13.939394,100.621212,9.0
13.939394,100.627273,7.0
13.939394,100.633333,10.0
13.939394,100.639394,4.0
13.939394,100.645455,6.0
13.939394,100.651515,7.0
13.939394,100.657576,8.0
13.939394,100.663636,6.0
13.939394,100.669697,7.0
13.939394,100.675758,8.0
13.939394,100.681818,9.0
13.939394,100.687879,7.0
13.939394,100.693939,5.0
13.939394,100.7,3.0
13.939394,100.706061,6.0
13.939394,100.712121,4.0
13.939394,100.718182,2.0
13.939394,100.724242,4.0
13.939394,100.730303,5.0
13.939394,100.736364,5.0
13.939394,100.742424,4.0
13.939394,100.748485,8.0
13.939394,100.754545,5.0
13.939394,100.760606,5.0
13.939394,100.766667,3.0
13.939394,100.772727,5.0
13.939394,100.778788,5.0
13.939394,100.784848,2.0
13.939394,100.790909,5.0
13.939394,100.79697,3.0
13.939394,100.80303,4.0
13.939394,100.809091,-1.0
13.939394,100.815152,6.0
13.939394,100.821212,4.0
13.939394,100.827273,5.0
13.939394,100.833333,2.0
13.939394,100.839394,5.0
13.939394,100.845455,9.0
13.939394,100.851515,6.0
13.939394,100.857576,10.0
13.939394,100.863636,8.0
13.939394,100.869697,7.0
13.939394,100.875758,4.0
13.939394,100.881818,1.0
13.939394,100.887879,3.0
13.939394,100.893939,10.0
13.939394,100.9,4.0
13.944444,100.3,3.0
13.944444,100.306061,5.0
13.944444,100.312121,4.0
13.944444,100.318182,4.0
13.944444,100.324242,4.0
13.944444,100.330303,5.0
13.944444,100.336364,4.0
13.944444,100.342424,5.0
13.944444,100.348485,7.0
13.944444,100.354545,6.0
13.944444,100.360606,3.0
13.944444,100.366667,7.0
13.944444,100.372727,6.0
13.944444,100.378788,4.0
13.944444,100.384848,9.0
13.944444,100.390909,1.0
13.944444,100.39697,6.0
13.944444,100.40303,5.0
13.944444,100.409091,4.0
13.944444,100.415152,4.0
13.944444,100.421212,3.0
13.944444,100.427273,2.0
13.944444,100.433333,3.0
13.944444,100.439394,3.0
13.944444,100.445455,4.0
13.944444,100.451515,6.0
13.944444,100.457576,9.0
13.944444,100.463636,6.0
13.944444,100.469697,6.0
13.944444,100.475758,3.0
13.944444,100.481818,-4.0
13.944444,100.487879,5.0
13.944444,100.493939,7.0
13.944444,100.5,3.0
13.944444,100.506061,6.0
13.944444,100.512121,5.0
13.944444,100.518182,5.0
13.944444,100.524242,5.0
13.944444,100.530303,5.0
13.944444,100.536364,10.0
13.944444,100.542424,8.0
13.944444,100.548485,8.0
13.944444,100.554545,5.0
13.944444,100.560606,4.0
13.944444,100.566667,9.0
13.944444,100.572727,8.0
13.944444,100.578788,6.0
13.944444,100.584848,4.0
13.944444,100.590909,2.0
13.944444,100.59697,7.0
13.944444,100.60303,8.0
13.944444,100.609091,3.0
13.944444,100.615152,9.0
13.944444,100.621212,4.0
13.944444,100.627273,14.0
13.944444,100.633333,6.0
13.944444,100.639394,5.0
13.944444,100.645455,2.0
13.944444,100.651515,6.0
13.944444,100.657576,4.0
13.944444,100.663636,5.0
13.944444,100.669697,2.0
13.944444,100.675758,8.0
13.944444,100.681818,4.0
13.944444,100.687879,8.0
13.944444,100.693939,6.0
13.944444,100.7,-2.0
13.944444,100.706061,5.0
13.944444,100.712121,5.0
13.944444,100.718182,5.0
13.944444,100.724242,5.0
13.944444,100.730303,4.0
13.944444,100.736364,2.0
13.944444,100.742424,8.0
13.944444,100.748485,6.0
13.944444,100.754545,2.0
13.944444,100.760606,4.0
13.944444,100.766667,4.0
13.944444,100.772727,6.0
13.944444,100.778788,8.0
13.944444,100.784848,9.0
13.944444,100.790909,4.0
13.944444,100.79697,3.0
13.944444,100.80303,3.0
13.944444,100.809091,4.0
13.944444,100.815152,6.0
13.944444,100.821212,5.0
13.944444,100.827273,7.0
13.944444,100.833333,8.0
13.944444,100.839394,6.0
13.944444,100.845455,6.0
13.944444,100.851515,4.0
13.944444,100.857576,5.0
13.944444,100.863636,9.0
13.944444,100.869697,9.0
13.944444,100.875758,5.0
13.944444,100.881818,4.0
13.944444,100.887879,-1.0
13.944444,100.893939,6.0
13.944444,100.9,3.0
13.949495,100.3,3.0
13.949495,100.306061,5.0
13.949495,100.312121,4.0
13.949495,100.318182,4.0
13.949495,100.324242,5.0
13.949495,100.330303,3.0
13.949495,100.336364,6.0
13.949495,100.342424,4.0
13.949495,100.348485,6.0
13.949495,100.354545,6.0
13.949495,100.360606,5.0
13.949495,100.366667,4.0
13.949495,100.372727,8.0
13.949495,100.378788,6.0
13.949495,100.384848,8.0
13.949495,100.390909,4.0
13.949495,100.39697,4.0
13.949495,100.40303,5.0
13.949495,100.409091,1.0
13.949495,100.415152,2.0
13.949495,100.421212,3.0
13.949495,100.427273,5.0
13.949495,100.433333,2.0
13.949495,100.439394,3.0
13.949495,100.445455,5.0
13.949495,100.451515,1.0
13.949495,100.457576,4.0
13.949495,100.463636,3.0
13.949495,100.469697,3.0
13.949495,100.475758,4.0
13.949495,100.481818,3.0
13.949495,100.487879,6.0
13.949495,100.493939,10.0
13.949495,100.5,5.0
13.949495,100.506061,6.0
13.949495,100.512121,7.0
13.949495,100.518182,3.0
13.949495,100.524242,9.0
13.949495,100.530303,9.0
13.949495,100.536364,5.0
13.949495,100.542424,9.0
13.949495,100.548485,7.0
13.949495,100.554545,5.0
13.949495,100.560606,9.0
13.949495,100.566667,5.0
13.949495,100.572727,10.0
13.949495,100.578788,6.0
13.949495,100.584848,6.0
13.949495,100.590909,3.0
13.949495,100.59697,7.0
13.949495,100.60303,4.0
13.949495,100.609091,5.0
13.949495,100.615152,9.0
13.949495,100.621212,9.0
13.949495,100.627273,7.0
13.949495,100.633333,7.0
13.949495,100.639394,12.0
13.949495,100.645455,7.0
13.949495,100.651515,7.0
13.949495,100.657576,7.0
13.949495,100.663636,5.0
13.949495,100.669697,5.0
13.949495,100.675758,5.0
13.949495,100.681818,6.0
13.949495,100.687879,7.0
13.949495,100.693939,8.0
13.949495,100.7,9.0
13.949495,100.706061,11.0
13.949495,100.712121,5.0
13.949495,100.718182,7.0
13.949495,100.724242,5.0
13.949495,100.730303,6.0
13.949495,100.736364,2.0
13.949495,100.742424,3.0
13.949495,100.748485,7.0
13.949495,100.754545,3.0
13.949495,100.760606,4.0
13.949495,100.766667,6.0
13.949495,100.772727,2.0
13.949495,100.778788,5.0
13.949495,100.784848,5.0
13.949495,100.790909,5.0
13.949495,100.79697,5.0
13.949495,100.80303,6.0
13.949495,100.809091,6.0
13.949495,100.815152,5.0
13.949495,100.821212,7.0
13.949495,100.827273,7.0
13.949495,100.833333,6.0
13.949495,100.839394,1.0
13.949495,100.845455,2.0
13.949495,100.851515,7.0
13.949495,100.857576,7.0
13.949495,100.863636,9.0
13.949495,100.869697,6.0
13.949495,100.875758,3.0
13.949495,100.881818,7.0
13.949495,100.887879,6.0
13.949495,100.893939,10.0
13.949495,100.9,6.0
13.954545,100.3,4.0
13.954545,100.306061,4.0
13.954545,100.312121,4.0
13.954545,100.318182,3.0
13.954545,100.324242,3.0
13.954545,100.330303,5.0
13.954545,100.336364,3.0
13.954545,100.342424,3.0
13.954545,100.348485,8.0
13.954545,100.354545,4.0
13.954545,100.360606,5.0
13.954545,100.366667,6.0
13.954545,100.372727,6.0
13.954545,100.378788,5.0
13.954545,100.384848,5.0
13.954545,100.390909,3.0
13.954545,100.39697,3.0
13.954545,100.40303,4.0
13.954545,100.409091,4.0
13.954545,100.415152,4.0
13.954545,100.421212,5.0
13.954545,100.427273,4.0
13.954545,100.433333,-1.0
13.954545,100.439394,9.0
13.954545,100.445455,5.0
13.954545,100.451515,3.0
13.954545,100.457576,8.0
13.954545,100.463636,6.0
13.954545,100.469697,7.0
13.954545,100.475758,5.0
13.954545,100.481818,5.0
13.954545,100.487879,6.0
13.954545,100.493939,3.0
13.954545,100.5,3.0
13.954545,100.506061,5.0
13.954545,100.512121,3.0
13.954545,100.518182,8.0
13.954545,100.524242,5.0
13.954545,100.530303,8.0
13.954545,100.536364,6.0
13.954545,100.542424,6.0
13.954545,100.548485,7.0
13.954545,100.554545,5.0
13.954545,100.560606,2.0
13.954545,100.566667,4.0
13.954545,100.572727,9.0
13.954545,100.578788,7.0
13.954545,100.584848,5.0
13.954545,100.590909,4.0
13.954545,100.59697,2.0
13.954545,100.60303,5.0
13.954545,100.609091,6.0
13.954545,100.615152,6.0
13.954545,100.621212,11.0
13.954545,100.627273,5.0
13.954545,100.633333,7.0
13.954545,100.639394,3.0
13.954545,100.645455,6.0
13.954545,100.651515,8.0
13.954545,100.657576,8.0
13.954545,100.663636,5.0
13.954545,100.669697,4.0
13.954545,100.675758,6.0
13.954545,100.681818,5.0
13.954545,100.687879,7.0
13.954545,100.693939,7.0
13.954545,100.7,4.0
13.954545,100.706061,6.0
13.954545,100.712121,5.0
13.954545,100.718182,4.0
13.954545,100.724242,4.0
13.954545,100.730303,2.0
13.954545,100.736364,7.0
13.954545,100.742424,7.0
13.954545,100.748485,7.0
13.954545,100.754545,3.0
13.954545,100.760606,7.0
13.954545,100.766667,3.0
13.954545,100.772727,8.0
13.954545,100.778788,7.0
13.954545,100.784848,5.0
13.954545,100.790909,5.0
13.954545,100.79697,4.0
13.954545,100.80303,4.0
13.954545,100.809091,4.0
13.954545,100.815152,4.0
13.954545,100.821212,2.0
13.954545,100.827273,4.0
13.954545,100.833333,6.0
13.954545,100.839394,5.0
13.954545,100.845455,4.0
13.954545,100.851515,7.0
13.954545,100.857576,7.0
13.954545,100.863636,10.0
13.954545,100.869697,3.0
13.954545,100.875758,7.0
13.954545,100.881818,8.0
13.954545,100.887879,5.0
13.954545,100.893939,6.0
13.954545,100.9,4.0
13.959596,100.3,4.0
13.959596,100.306061,3.0
13.959596,100.312121,4.0
13.959596,100.318182,2.0
13.959596,100.324242,6.0
13.959596,100.330303,4.0
13.959596,100.336364,2.0
13.959596,100.342424,5.0
13.959596,100.348485,5.0
13.959596,100.354545,9.0
13.959596,100.360606,5.0
13.959596,100.366667,3.0
13.959596,100.372727,5.0
13.959596,100.378788,3.0
13.959596,100.384848,5.0
13.959596,100.390909,5.0
13.959596,100.39697,4.0
13.959596,100.40303,4.0
13.959596,100.409091,3.0
13.959596,100.415152,3.0
13.959596,100.421212,2.0
13.959596,100.427273,6.0
13.959596,100.433333,3.0
13.959596,100.439394,4.0
13.959596,100.445455,3.0
13.959596,100.451515,2.0
13.959596,100.457576,6.0
13.959596,100.463636,5.0
13.959596,100.469697,8.0
13.959596,100.475758,7.0
13.959596,100.481818,1.0
13.959596,100.487879,4.0
13.959596,100.493939,4.0
13.959596,100.5,3.0
13.959596,100.506061,4.0
13.959596,100.512121,4.0
13.959596,100.518182,6.0
13.959596,100.524242,4.0
13.959596,100.530303,8.0
13.959596,100.536364,5.0
13.959596,100.542424,4.0
13.959596,100.548485,7.0
13.959596,100.554545,2.0
13.959596,100.560606,9.0
13.959596,100.566667,2.0
13.959596,100.572727,4.0
13.959596,100.578788,4.0
13.959596,100.584848,6.0
13.959596,100.590909,10.0
13.959596,100.59697,6.0
13.959596,100.60303,4.0
13.959596,100.609091,7.0
13.959596,100.615152,9.0
13.959596,100.621212,7.0
13.959596,100.627273,3.0
13.959596,100.633333,4.0
13.959596,100.639394,9.0
13.959596,100.645455,7.0
13.959596,100.651515,6.0
13.959596,100.657576,4.0
13.959596,100.663636,2.0
13.959596,100.669697,3.0
13.959596,100.675758,5.0
13.959596,100.681818,8.0
13.959596,100.687879,10.0
13.959596,100.693939,2.0
13.959596,100.7,5.0
13.959596,100.706061,5.0
13.959596,100.712121,8.0
13.959596,100.718182,1.0
13.959596,100.724242,6.0
13.959596,100.730303,6.0
13.959596,100.736364,3.0
13.959596,100.742424,5.0
13.959596,100.748485,7.0
13.959596,100.754545,4.0
13.959596,100.760606,7.0
13.959596,100.766667,2.0
13.959596,100.772727,8.0
13.959596,100.778788,3.0
13.959596,100.784848,2.0
13.959596,100.790909,2.0
13.959596,100.79697,4.0
13.959596,100.80303,5.0
13.959596,100.809091,4.0
13.959596,100.815152,9.0
13.959596,100.821212,4.0
13.959596,100.827273,6.0
13.959596,100.833333,7.0
13.959596,100.839394,4.0
13.959596,100.845455,4.0
13.959596,100.851515,7.0
13.959596,100.857576,5.0
13.959596,100.863636,8.0
13.959596,100.869697,5.0
13.959596,100.875758,5.0
13.959596,100.881818,5.0
13.959596,100.887879,5.0
13.959596,100.893939,9.0
13.959596,100.9,4.0
13.964646,100.3,6.0
13.964646,100.306061,5.0
13.964646,100.312121,3.0
13.964646,100.318182,3.0
13.964646,100.324242,2.0
13.964646,100.330303,3.0
13.964646,100.336364,4.0
13.964646,100.342424,1.0
13.964646,100.348485,3.0
13.964646,100.354545,6.0
13.964646,100.360606,7.0
13.964646,100.366667,6.0
13.964646,100.372727,5.0
13.964646,100.378788,6.0
13.964646,100.384848,8.0
13.964646,100.390909,7.0
13.964646,100.39697,5.0
13.964646,100.40303,5.0
13.964646,100.409091,6.0
13.964646,100.415152,2.0
13.964646,100.421212,3.0
13.964646,100.427273,3.0
13.964646,100.433333,5.0
13.964646,100.439394,2.0
13.964646,100.445455,5.0
13.964646,100.451515,5.0
13.964646,100.457576,8.0
13.964646,100.463636,4.0
13.964646,100.469697,5.0
13.964646,100.475758,6.0
13.964646,100.481818,4.0
13.964646,100.487879,3.0
13.964646,100.493939,5.0
13.964646,100.5,4.0
13.964646,100.506061,5.0
13.964646,100.512121,6.0
13.964646,100.518182,8.0
13.964646,100.524242,6.0
13.964646,100.530303,7.0
13.964646,100.536364,6.0
13.964646,100.542424,4.0
13.964646,100.548485,8.0
13.964646,100.554545,5.0
13.964646,100.560606,7.0
13.964646,100.566667,4.0
13.964646,100.572727,7.0
13.964646,100.578788,7.0
13.964646,100.584848,15.0
13.964646,100.590909,5.0
13.964646,100.59697,8.0
13.964646,100.60303,6.0
13.964646,100.609091,7.0
13.964646,100.615152,8.0
13.964646,100.621212,5.0
13.964646,100.627273,5.0
13.964646,100.633333,5.0
13.964646,100.639394,9.0
13.964646,100.645455,7.0
13.964646,100.651515,4.0
13.964646,100.657576,7.0
13.964646,100.663636,6.0
13.964646,100.669697,5.0
13.964646,100.675758,7.0
13.964646,100.681818,5.0
13.964646,100.687879,7.0
13.964646,100.693939,2.0
13.964646,100.7,4.0
13.964646,100.706061,6.0
13.964646,100.712121,3.0
13.964646,100.718182,4.0
13.964646,100.724242,5.0
13.964646,100.730303,3.0
13.964646,100.736364,3.0
13.964646,100.742424,4.0
13.964646,100.748485,5.0
13.964646,100.754545,4.0
13.964646,100.760606,3.0
13.964646,100.766667,3.0
13.964646,100.772727,6.0
13.964646,100.778788,2.0
13.964646,100.784848,6.0
13.964646,100.790909,6.0
13.964646,100.79697,7.0
13.964646,100.80303,5.0
13.964646,100.809091,5.0
13.964646,100.815152,3.0
13.964646,100.821212,4.0
13.964646,100.827273,6.0
13.964646,100.833333,2.0
13.964646,100.839394,5.0
13.964646,100.845455,4.0
13.964646,100.851515,6.0
13.964646,100.857576,4.0
13.964646,100.863636,5.0
13.964646,100.869697,4.0
13.964646,100.875758,5.0
13.964646,100.881818,7.0
13.964646,100.887879,6.0
13.964646,100.893939,5.0
13.964646,100.9,3.0
13.969697,100.3,3.0
13.969697,100.306061,2.0
13.969697,100.312121,4.0
13.969697,100.318182,4.0
13.969697,100.324242,6.0
13.969697,100.330303,3.0
13.969697,100.336364,5.0
13.969697,100.342424,7.0
13.969697,100.348485,5.0
13.969697,100.354545,4.0
13.969697,100.360606,4.0
13.969697,100.366667,4.0
13.969697,100.372727,5.0
13.969697,100.378788,4.0
13.969697,100.384848,5.0
13.969697,100.390909,4.0
13.969697,100.39697,5.0
13.969697,100.40303,5.0
13.969697,100.409091,3.0
13.969697,100.415152,2.0
13.969697,100.421212,2.0
13.969697,100.427273,4.0
13.969697,100.433333,2.0
13.969697,100.439394,6.0
13.969697,100.445455,4.0
13.969697,100.451515,5.0
13.969697,100.457576,-1.0
13.969697,100.463636,3.0
13.969697,100.469697,9.0
13.969697,100.475758,4.0
13.969697,100.481818,4.0
13.969697,100.487879,4.0
13.969697,100.493939,7.0
13.969697,100.5,5.0
13.969697,100.506061,4.0
13.969697,100.512121,6.0
13.969697,100.518182,4.0
13.969697,100.524242,5.0
13.969697,100.530303,5.0
13.969697,100.536364,12.0
13.969697,100.542424,6.0
13.969697,100.548485,6.0
13.969697,100.554545,3.0
13.969697,100.560606,5.0
13.969697,100.566667,4.0
13.969697,100.572727,7.0
13.969697,100.578788,6.0
13.969697,100.584848,9.0
13.969697,100.590909,7.0
13.969697,100.59697,6.0
13.969697,100.60303,7.0
13.969697,100.609091,3.0
13.969697,100.615152,6.0
13.969697,100.621212,6.0
13.969697,100.627273,10.0
13.969697,100.633333,7.0
13.969697,100.639394,5.0
13.969697,100.645455,7.0
13.969697,100.651515,7.0
13.969697,100.657576,4.0
13.969697,100.663636,3.0
13.969697,100.669697,3.0
13.969697,100.675758,3.0
13.969697,100.681818,3.0
13.969697,100.687879,5.0
13.969697,100.693939,2.0
13.969697,100.7,4.0
13.969697,100.706061,6.0
13.969697,100.712121,4.0
13.969697,100.718182,3.0
13.969697,100.724242,4.0
13.969697,100.730303,5.0
13.969697,100.736364,7.0
13.969697,100.742424,3.0
13.969697,100.748485,9.0
13.969697,100.754545,5.0
13.969697,100.760606,1.0
13.969697,100.766667,9.0
13.969697,100.772727,6.0
13.969697,100.778788,6.0
13.969697,100.784848,2.0
13.969697,100.790909,4.0
13.969697,100.79697,6.0
13.969697,100.80303,4.0
13.969697,100.809091,5.0
13.969697,100.815152,8.0
13.969697,100.821212,5.0
13.969697,100.827273,5.0
13.969697,100.833333,4.0
13.969697,100.839394,6.0
13.969697,100.845455,4.0
13.969697,100.851515,4.0
13.969697,100.857576,3.0
13.969697,100.863636,7.0
13.969697,100.869697,8.0
13.969697,100.875758,1.0
13.969697,100.881818,5.0
13.969697,100.887879,4.0
13.969697,100.893939,4.0
13.969697,100.9,8.0
13.974747,100.3,5.0
13.974747,100.306061,4.0
13.974747,100.312121,5.0
13.974747,100.318182,5.0
13.974747,100.324242,4.0
13.974747,100.330303,5.0
13.974747,100.336364,3.0
13.974747,100.342424,4.0
13.974747,100.348485,3.0
13.974747,100.354545,5.0
13.974747,100.360606,4.0
13.974747,100.366667,1.0
13.974747,100.372727,3.0
13.974747,100.378788,4.0
13.974747,100.384848,5.0
13.974747,100.390909,3.0
13.974747,100.39697,22.0
13.974747,100.40303,7.0
13.974747,100.409091,5.0
13.974747,100.415152,4.0
13.974747,100.421212,4.0
13.974747,100.427273,3.0
13.974747,100.433333,2.0
13.974747,100.439394,2.0
13.974747,100.445455,7.0
13.974747,100.451515,1.0
13.974747,100.457576,3.0
13.974747,100.463636,3.0
13.974747,100.469697,7.0
13.974747,100.475758,5.0
13.974747,100.481818,4.0
13.974747,100.487879,8.0
13.974747,100.493939,8.0
13.974747,100.5,4.0
13.974747,100.506061,7.0
13.974747,100.512121,8.0
13.974747,100.518182,5.0
13.974747,100.524242,2.0
13.974747,100.530303,5.0
13.974747,100.536364,5.0
13.974747,100.542424,2.0
13.974747,100.548485,10.0
13.974747,100.554545,5.0
13.974747,100.560606,4.0
13.974747,100.566667,5.0
13.974747,100.572727,12.0
13.974747,100.578788,6.0
13.974747,100.584848,5.0
13.974747,100.590909,7.0
13.974747,100.59697,4.0
13.974747,100.60303,7.0
13.974747,100.609091,9.0
13.974747,100.615152,6.0
13.974747,100.621212,10.0
13.974747,100.627273,7.0
13.974747,100.633333,4.0
13.974747,100.639394,7.0
13.974747,100.645455,13.0
13.974747,100.651515,5.0
13.974747,100.657576,5.0
13.974747,100.663636,3.0
13.974747,100.669697,2.0
13.974747,100.675758,4.0
13.974747,100.681818,3.0
13.974747,100.687879,3.0
13.974747,100.693939,2.0
13.974747,100.7,2.0
13.974747,100.706061,4.0
13.974747,100.712121,6.0
13.974747,100.718182,2.0
13.974747,100.724242,6.0
13.974747,100.730303,6.0
13.974747,100.736364,1.0
13.974747,100.742424,7.0
13.974747,100.748485,6.0
13.974747,100.754545,6.0
13.974747,100.760606,5.0
13.974747,100.766667,4.0
13.974747,100.772727,2.0
13.974747,100.778788,4.0
13.974747,100.784848,5.0
13.974747,100.790909,6.0
13.974747,100.79697,4.0
13.974747,100.80303,6.0
13.974747,100.809091,4.0
13.974747,100.815152,4.0
13.974747,100.821212,3.0
13.974747,100.827273,3.0
13.974747,100.833333,9.0
13.974747,100.839394,5.0
13.974747,100.845455,5.0
13.974747,100.851515,1.0
13.974747,100.857576,6.0
13.974747,100.863636,5.0
13.974747,100.869697,4.0
13.974747,100.875758,2.0
13.974747,100.881818,6.0
13.974747,100.887879,4.0
13.974747,100.893939,6.0
13.974747,100.9,8.0
13.979798,100.3,4.0
13.979798,100.306061,4.0
13.979798,100.312121,4.0
13.979798,100.318182,1.0
13.979798,100.324242,4.0
13.979798,100.330303,7.0
13.979798,100.336364,5.0
13.979798,100.342424,6.0
13.979798,100.348485,4.0
13.979798,100.354545,2.0
13.979798,100.360606,3.0
13.979798,100.366667,6.0
13.979798,100.372727,4.0
13.979798,100.378788,8.0
13.979798,100.384848,5.0
13.979798,100.390909,6.0
13.979798,100.39697,4.0
13.979798,100.40303,3.0
13.979798,100.409091,5.0
13.979798,100.415152,3.0
13.979798,100.421212,2.0
13.979798,100.427273,4.0
13.979798,100.433333,4.0
13.979798,100.439394,8.0
13.979798,100.445455,3.0
13.979798,100.451515,5.0
13.979798,100.457576,3.0
13.979798,100.463636,9.0
13.979798,100.469697,5.0
13.979798,100.475758,5.0
13.979798,100.481818,4.0
13.979798,100.487879,2.0
13.979798,100.493939,6.0
13.979798,100.5,3.0
13.979798,100.506061,7.0
13.979798,100.512121,8.0
13.979798,100.518182,1.0
13.979798,100.524242,4.0
13.979798,100.530303,6.0
13.979798,100.536364,7.0
13.979798,100.542424,4.0
13.979798,100.548485,1.0
13.979798,100.554545,6.0
13.979798,100.560606,5.0
13.979798,100.566667,9.0
13.979798,100.572727,9.0
13.979798,100.578788,6.0
13.979798,100.584848,5.0
13.979798,100.590909,8.0
13.979798,100.59697,6.0
13.979798,100.60303,7.0
13.979798,100.609091,3.0
13.979798,100.615152,6.0
13.979798,100.621212,4.0
13.979798,100.627273,8.0
13.979798,100.633333,5.0
13.979798,100.639394,6.0
13.979798,100.645455,5.0
13.979798,100.651515,9.0
13.979798,100.657576,11.0
13.979798,100.663636,7.0
13.979798,100.669697,4.0
13.979798,100.675758,5.0
13.979798,100.681818,3.0
13.979798,100.687879,7.0
13.979798,100.693939,3.0
13.979798,100.7,5.0
13.979798,100.706061,6.0
13.979798,100.712121,3.0
13.979798,100.718182,2.0
13.979798,100.724242,3.0
13.979798,100.730303,4.0
13.979798,100.736364,5.0
13.979798,100.742424,2.0
13.979798,100.748485,4.0
13.979798,100.754545,5.0
13.979798,100.760606,5.0
13.979798,100.766667,5.0
13.979798,100.772727,8.0
13.979798,100.778788,6.0
13.979798,100.784848,5.0
13.979798,100.790909,6.0
13.979798,100.79697,9.0
13.979798,100.80303,6.0
13.979798,100.809091,3.0
13.979798,100.815152,7.0
13.979798,100.821212,5.0
13.979798,100.827273,4.0
13.979798,100.833333,4.0
13.979798,100.839394,5.0
13.979798,100.845455,6.0
13.979798,100.851515,6.0
13.979798,100.857576,7.0
13.979798,100.863636,5.0
13.979798,100.869697,3.0
13.979798,100.875758,8.0
13.979798,100.881818,7.0
13.979798,100.887879,6.0
13.979798,100.893939,7.0
13.979798,100.9,6.0
13.984848,100.3,5.0
13.984848,100.306061,2.0
13.984848,100.312121,2.0
13.984848,100.318182,5.0
13.984848,100.324242,3.0
13.984848,100.330303,3.0
13.984848,100.336364,3.0
13.984848,100.342424,2.0
13.984848,100.348485,5.0
13.984848,100.354545,2.0
13.984848,100.360606,5.0
13.984848,100.366667,3.0
13.984848,100.372727,2.0
13.984848,100.378788,4.0
13.984848,100.384848,5.0
13.984848,100.390909,2.0
13.984848,100.39697,4.0
13.984848,100.40303,4.0
13.984848,100.409091,4.0
13.984848,100.415152,7.0
13.984848,100.421212,7.0
13.984848,100.427273,5.0
13.984848,100.433333,5.0
13.984848,100.439394,5.0
13.984848,100.445455,5.0
13.984848,100.451515,7.0
13.984848,100.457576,6.0
13.984848,100.463636,6.0
13.984848,100.469697,5.0
13.984848,100.475758,1.0
13.984848,100.481818,4.0
13.984848,100.487879,4.0
13.984848,100.493939,1.0
13.984848,100.5,1.0
13.984848,100.506061,5.0
13.984848,100.512121,7.0
13.984848,100.518182,5.0
13.984848,100.524242,6.0
13.984848,100.530303,4.0
13.984848,100.536364,4.0
13.984848,100.542424,5.0
13.984848,100.548485,4.0
13.984848,100.554545,7.0
13.984848,100.560606,5.0
13.984848,100.566667,7.0
13.984848,100.572727,6.0
13.984848,100.578788,10.0
13.984848,100.584848,5.0
13.984848,100.590909,5.0
13.984848,100.59697,8.0
13.984848,100.60303,5.0
13.984848,100.609091,8.0
13.984848,100.615152,7.0
13.984848,100.621212,6.0
13.984848,100.627273,6.0
13.984848,100.633333,7.0
13.984848,100.639394,5.0
13.984848,100.645455,8.0
13.984848,100.651515,10.0
13.984848,100.657576,5.0
13.984848,100.663636,6.0
13.984848,100.669697,2.0
13.984848,100.675758,4.0
13.984848,100.681818,8.0
13.984848,100.687879,5.0
13.984848,100.693939,1.0
13.984848,100.7,5.0
13.984848,100.706061,7.0
13.984848,100.712121,5.0
13.984848,100.718182,4.0
13.984848,100.724242,3.0
13.984848,100.730303,5.0
13.984848,100.736364,3.0
13.984848,100.742424,6.0
13.984848,100.748485,5.0
13.984848,100.754545,9.0
13.984848,100.760606,4.0
13.984848,100.766667,3.0
13.984848,100.772727,2.0
13.984848,100.778788,3.0
13.984848,100.784848,5.0
13.984848,100.790909,5.0
13.984848,100.79697,9.0
13.984848,100.80303,4.0
13.984848,100.809091,4.0
13.984848,100.815152,5.0
13.984848,100.821212,5.0
13.984848,100.827273,5.0
13.984848,100.833333,6.0
13.984848,100.839394,6.0
13.984848,100.845455,4.0
13.984848,100.851515,5.0
13.984848,100.857576,3.0
13.984848,100.863636,4.0
13.984848,100.869697,7.0
13.984848,100.875758,5.0
13.984848,100.881818,6.0
13.984848,100.887879,4.0
13.984848,100.893939,6.0
13.984848,100.9,3.0
13.989899,100.3,2.0
13.989899,100.306061,4.0
13.989899,100.312121,6.0
13.989899,100.318182,3.0
13.989899,100.324242,3.0
13.989899,100.330303,4.0
13.989899,100.336364,1.0
13.989899,100.342424,4.0
13.989899,100.348485,4.0
13.989899,100.354545,3.0
13.989899,100.360606,1.0
13.989899,100.366667,1.0
13.989899,100.372727,3.0
13.989899,100.378788,4.0
13.989899,100.384848,4.0
13.989899,100.390909,1.0
13.989899,100.39697,6.0
13.989899,100.40303,1.0
13.989899,100.409091,2.0
13.989899,100.415152,4.0
13.989899,100.421212,4.0
13.989899,100.427273,5.0
13.989899,100.433333,3.0
13.989899,100.439394,4.0
13.989899,100.445455,4.0
13.989899,100.451515,6.0
13.989899,100.457576,4.0
13.989899,100.463636,7.0
13.989899,100.469697,5.0
13.989899,100.475758,2.0
13.989899,100.481818,4.0
13.989899,100.487879,6.0
13.989899,100.493939,7.0
13.989899,100.5,2.0
13.989899,100.506061,2.0
13.989899,100.512121,2.0
13.989899,100.518182,6.0
13.989899,100.524242,4.0
13.989899,100.530303,5.0
13.989899,100.536364,7.0
13.989899,100.542424,5.0
13.989899,100.548485,4.0
13.989899,100.554545,5.0
13.989899,100.560606,5.0
13.989899,100.566667,4.0
13.989899,100.572727,7.0
13.989899,100.578788,11.0
13.989899,100.584848,16.0
13.989899,100.590909,8.0
13.989899,100.59697,3.0
13.989899,100.60303,7.0
13.989899,100.609091,7.0
13.989899,100.615152,7.0
13.989899,100.621212,5.0
13.989899,100.627273,7.0
13.989899,100.633333,9.0
13.989899,100.639394,8.0
13.989899,100.645455,3.0
13.989899,100.651515,6.0
13.989899,100.657576,6.0
13.989899,100.663636,1.0
13.989899,100.669697,4.0
13.989899,100.675758,6.0
13.989899,100.681818,3.0
13.989899,100.687879,7.0
13.989899,100.693939,6.0
13.989899,100.7,2.0
13.989899,100.706061,4.0
13.989899,100.712121,4.0
13.989899,100.718182,2.0
13.989899,100.724242,3.0
13.989899,100.730303,5.0
13.989899,100.736364,6.0
13.989899,100.742424,4.0
13.989899,100.748485,5.0
13.989899,100.754545,6.0
13.989899,100.760606,5.0
13.989899,100.766667,4.0
13.989899,100.772727,6.0
13.989899,100.778788,6.0
13.989899,100.784848,7.0
13.989899,100.790909,-3.0
13.989899,100.79697,8.0
13.989899,100.80303,6.0
13.989899,100.809091,4.0
13.989899,100.815152,4.0
13.989899,100.821212,3.0
13.989899,100.827273,5.0
13.989899,100.833333,7.0
13.989899,100.839394,3.0
13.989899,100.845455,7.0
13.989899,100.851515,6.0
13.989899,100.857576,4.0
13.989899,100.863636,5.0
13.989899,100.869697,5.0
13.989899,100.875758,6.0
13.989899,100.881818,17.0
13.989899,100.887879,2.0
13.989899,100.893939,8.0
13.989899,100.9,4.0
13.994949,100.3,4.0
13.994949,100.306061,4.0
13.994949,100.312121,3.0
13.994949,100.318182,5.0
13.994949,100.324242,3.0
13.994949,100.330303,1.0
13.994949,100.336364,-4.0
13.994949,100.342424,2.0
13.994949,100.348485,3.0
13.994949,100.354545,-1.0
13.994949,100.360606,6.0
13.994949,100.366667,2.0
13.994949,100.372727,4.0
13.994949,100.378788,5.0
13.994949,100.384848,4.0
13.994949,100.390909,2.0
13.994949,100.39697,5.0
13.994949,100.40303,7.0
13.994949,100.409091,3.0
13.994949,100.415152,2.0
13.994949,100.421212,4.0
13.994949,100.427273,4.0
13.994949,100.433333,3.0
13.994949,100.439394,6.0
13.994949,100.445455,6.0
13.994949,100.451515,5.0
13.994949,100.457576,3.0
13.994949,100.463636,4.0
13.994949,100.469697,2.0
13.994949,100.475758,5.0
13.994949,100.481818,3.0
13.994949,100.487879,8.0
13.994949,100.493939,3.0
13.994949,100.5,3.0
13.994949,100.506061,6.0
13.994949,100.512121,4.0
13.994949,100.518182,3.0
13.994949,100.524242,8.0
13.994949,100.530303,9.0
13.994949,100.536364,1.0
13.994949,100.542424,5.0
13.994949,100.548485,8.0
13.994949,100.554545,4.0
13.994949,100.560606,5.0
13.994949,100.566667,2.0
13.994949,100.572727,8.0
13.994949,100.578788,7.0
13.994949,100.584848,8.0
13.994949,100.590909,4.0
13.994949,100.59697,6.0
13.994949,100.60303,7.0
13.994949,100.609091,16.0
13.994949,100.615152,7.0
13.994949,100.621212,7.0
13.994949,100.627273,7.0
13.994949,100.633333,5.0
13.994949,100.639394,3.0
13.994949,100.645455,8.0
13.994949,100.651515,5.0
13.994949,100.657576,9.0
13.994949,100.663636,2.0
13.994949,100.669697,7.0
13.994949,100.675758,7.0
13.994949,100.681818,4.0
13.994949,100.687879,3.0
13.994949,100.693939,3.0
13.994949,100.7,6.0
13.994949,100.706061,2.0
13.994949,100.712121,2.0
13.994949,100.718182,6.0
13.994949,100.724242,7.0
13.994949,100.730303,9.0
13.994949,100.736364,8.0
13.994949,100.742424,6.0
13.994949,100.748485,5.0
13.994949,100.754545,9.0
13.994949,100.760606,7.0
13.994949,100.766667,4.0
13.994949,100.772727,5.0
13.994949,100.778788,5.0
13.994949,100.784848,5.0
13.994949,100.790909,4.0
13.994949,100.79697,9.0
13.994949,100.80303,6.0
13.994949,100.809091,1.0
13.994949,100.815152,1.0
13.994949,100.821212,5.0
13.994949,100.827273,8.0
13.994949,100.833333,5.0
13.994949,100.839394,2.0
13.994949,100.845455,3.0
13.994949,100.851515,7.0
13.994949,100.857576,6.0
13.994949,100.863636,5.0
13.994949,100.869697,4.0
13.994949,100.875758,5.0
13.994949,100.881818,3.0
13.994949,100.887879,5.0
13.994949,100.893939,10.0
13.994949,100.9,8.0
14.0,100.3,3.0
14.0,100.306061,5.0
14.0,100.312121,2.0
14.0,100.318182,2.0
14.0,100.324242,5.0
14.0,100.330303,1.0
14.0,100.336364,-6.0
14.0,100.342424,1.0
14.0,100.348485,1.0
14.0,100.354545,3.0
14.0,100.360606,4.0
14.0,100.366667,1.0
14.0,100.372727,2.0
14.0,100.378788,4.0
14.0,100.384848,2.0
14.0,100.390909,3.0
14.0,100.39697,4.0
14.0,100.40303,3.0
14.0,100.409091,3.0
14.0,100.415152,4.0
14.0,100.421212,2.0
14.0,100.427273,4.0
14.0,100.433333,7.0
14.0,100.439394,6.0
14.0,100.445455,4.0
14.0,100.451515,8.0
14.0,100.457576,7.0
14.0,100.463636,3.0
14.0,100.469697,7.0
14.0,100.475758,9.0
14.0,100.481818,7.0
14.0,100.487879,4.0
14.0,100.493939,5.0
14.0,100.5,5.0
14.0,100.506061,3.0
14.0,100.512121,1.0
14.0,100.518182,8.0
14.0,100.524242,5.0
14.0,100.530303,9.0
14.0,100.536364,5.0
14.0,100.542424,7.0
14.0,100.548485,4.0
14.0,100.554545,10.0
14.0,100.560606,10.0
14.0,100.566667,5.0
14.0,100.572727,3.0
14.0,100.578788,4.0
14.0,100.584848,2.0
14.0,100.590909,4.0
14.0,100.59697,3.0
14.0,100.60303,4.0
14.0,100.609091,5.0
14.0,100.615152,8.0
14.0,100.621212,6.0
14.0,100.627273,3.0
14.0,100.633333,6.0
14.0,100.639394,6.0
14.0,100.645455,8.0
14.0,100.651515,6.0
14.0,100.657576,2.0
14.0,100.663636,6.0
14.0,100.669697,1.0
14.0,100.675758,4.0
14.0,100.681818,5.0
14.0,100.687879,3.0
14.0,100.693939,8.0
14.0,100.7,4.0
14.0,100.706061,3.0
14.0,100.712121,3.0
14.0,100.718182,8.0
14.0,100.724242,6.0
14.0,100.730303,5.0
14.0,100.736364,6.0
14.0,100.742424,3.0
14.0,100.748485,3.0
14.0,100.754545,8.0
14.0,100.760606,6.0
14.0,100.766667,6.0
14.0,100.772727,5.0
14.0,100.778788,5.0
14.0,100.784848,4.0
14.0,100.790909,5.0
14.0,100.79697,6.0
14.0,100.80303,5.0
14.0,100.809091,6.0
14.0,100.815152,5.0
14.0,100.821212,6.0
14.0,100.827273,2.0
14.0,100.833333,2.0
14.0,100.839394,4.0
14.0,100.845455,2.0
14.0,100.851515,2.0
14.0,100.857576,5.0
14.0,100.863636,5.0
14.0,100.869697,6.0
14.0,100.875758,3.0
14.0,100.881818,4.0
14.0,100.887879,6.0
14.0,100.893939,8.0
14.0,100.9,4.0
